gid_0,country,region,continent,year,internet_women,internet_men,mobile_women,mobile_men,internet_ggi_direct,mobile_ggi_direct,internet_ggi_coherent_mean_of_ratios_raw,mobile_ggi_coherent_mean_of_ratios_raw,internet_ggi_coherent_mean_of_ratios,internet_ggi_coherent_ratio_of_means_raw,internet_ggi_coherent_ratio_of_means,mobile_ggi_coherent_mean_of_ratios,mobile_ggi_coherent_ratio_of_means_raw,mobile_ggi_coherent_ratio_of_means
ABW,Aruba,Latin America & Caribbean,North America,2015,0.753,0.787,0.969,0.964,0.935,1.0,0.9567979669631512,1.0051867219917012,0.9567979669631512,0.9567979669631512,0.9567979669631512,1.0,1.0051867219917012,1.0
ABW,Aruba,Latin America & Caribbean,North America,2016,0.777,0.807,0.976,0.967,0.947,1.0,0.9628252788104089,1.0093071354705274,0.9628252788104089,0.9628252788104089,0.9628252788104089,1.0,1.0093071354705274,1.0
ABW,Aruba,Latin America & Caribbean,North America,2017,0.796,0.826,0.984,0.973,0.956,1.0,0.963680387409201,1.0113052415210688,0.963680387409201,0.963680387409201,0.963680387409201,1.0,1.0113052415210688,1.0
ABW,Aruba,Latin America & Caribbean,North America,2018,0.82,0.848,0.994,0.98,0.968,1.0,0.9669811320754716,1.0142857142857142,0.9669811320754716,0.9669811320754716,0.9669811320754716,1.0,1.0142857142857142,1.0
ABW,Aruba,Latin America & Caribbean,North America,2019,0.8372499999999999,0.8625833333333333,0.99675,0.9815,0.9743333333333334,1.0,0.9706411712561294,1.0155455259776796,0.9706411712561294,0.9706308569220365,0.9706308569220365,1.0,1.0155374426897605,1.0
ABW,Aruba,Latin America & Caribbean,North America,2020,0.8501666666666666,0.8737499999999999,0.9899166666666667,0.968,0.98775,1.0,0.9730162553726344,1.0226409245646095,0.9730162553726344,0.9730090605627086,0.9730090605627086,1.0,1.0226411845730028,1.0
ABW,Aruba,Latin America & Caribbean,North America,2021,0.8744999999999999,0.9005000000000001,0.9999166666666667,0.9914999999999999,0.9975,1.0,0.9711172967034521,1.0085181484107355,0.9711172967034521,0.971127151582454,0.971127151582454,1.0,1.0084888216506978,1.0
ABW,Aruba,Latin America & Caribbean,North America,2022,0.8905833333333333,0.9122500000000001,1.0,0.9925,0.99825,1.0,0.9762521953021538,1.0075894576192952,0.9762521953021538,0.9762492006942539,0.9762492006942539,1.0,1.0075566750629723,1.0
ABW,Aruba,Latin America & Caribbean,North America,2023,0.8900833333333334,0.9110833333333334,1.0,0.9905833333333334,0.9984166666666666,1.0,0.9769037203208658,1.0095139808456535,0.9769037203208658,0.9769505167840484,0.9769505167840484,1.0,1.0095061832253722,1.0
ABW,Aruba,Latin America & Caribbean,North America,2024,0.9348333333333333,0.9536666666666666,1.0,0.9993333333333334,1.0,1.0,0.9802422459214523,1.000667835504175,0.9802422459214523,0.9802516602586508,0.9802516602586508,1.0,1.000667111407605,1.0
ABW,Aruba,Latin America & Caribbean,North America,2025,0.9668333333333333,0.9893333333333333,1.0,1.0,1.0,1.0,0.9772519979318391,1.0,0.9772519979318391,0.9772574123989218,0.9772574123989218,1.0,1.0,1.0
ABW,Aruba,Latin America & Caribbean,North America,2026,1.0,1.0,1.0,1.0,1.0,1.0,1.0,1.0,1.0,1.0,1.0,1.0,1.0,1.0
AFG,Afghanistan,South Asia,Asia,2015,0.0,0.2,0.391,0.807,0.178,0.511,0.0,0.48451053283767037,0.0,0.0,0.0,0.48451053283767037,0.48451053283767037,0.48451053283767037
AFG,Afghanistan,South Asia,Asia,2016,0.0,0.218,0.392,0.802,0.19,0.516,0.0,0.48877805486284287,0.0,0.0,0.0,0.48877805486284287,0.48877805486284287,0.48877805486284287
AFG,Afghanistan,South Asia,Asia,2017,0.0,0.242,0.403,0.8,0.212,0.53,0.0,0.50375,0.0,0.0,0.0,0.50375,0.50375,0.50375
AFG,Afghanistan,South Asia,Asia,2018,0.0,0.258,0.404,0.795,0.225,0.536,0.0,0.5081761006289308,0.0,0.0,0.0,0.5081761006289308,0.5081761006289308,0.5081761006289308
AFG,Afghanistan,South Asia,Asia,2019,0.009333333333333334,0.27466666666666667,0.4013333333333333,0.7938333333333333,0.22391666666666665,0.5335,0.03337348921114805,0.5054835638057311,0.03337348921114805,0.03398058252427185,0.03398058252427185,0.5054835638057311,0.5055637203443208,0.5055637203443208
AFG,Afghanistan,South Asia,Asia,2020,0.027,0.29616666666666663,0.41691666666666666,0.8095833333333333,0.236,0.5395833333333334,0.09076989836164985,0.514910432602573,0.09076989836164985,0.09116488463702871,0.09116488463702871,0.514910432602573,0.5149768399382398,0.5149768399382398
AFG,Afghanistan,South Asia,Asia,2021,0.051,0.3090833333333333,0.42,0.7858333333333333,0.28058333333333335,0.5664166666666667,0.16496943226567173,0.5344578132179817,0.16496943226567173,0.16500404421677,0.16500404421677,0.5344578132179817,0.5344644750795334,0.5344644750795334
AFG,Afghanistan,South Asia,Asia,2022,0.0,0.24991666666666668,0.3418333333333334,0.8065833333333333,0.13441666666666666,0.4658333333333333,0.0,0.4236174275532494,0.0,0.0,0.0,0.4236174275532494,0.42380411199504087,0.42380411199504087
AFG,Afghanistan,South Asia,Asia,2023,0.0,0.24350000000000002,0.31666666666666665,0.7848333333333334,0.11608333333333333,0.45316666666666666,0.0,0.4031914316046352,0.0,0.0,0.0,0.4031914316046352,0.40348269271607556,0.40348269271607556
AFG,Afghanistan,South Asia,Asia,2024,0.004,0.3105833333333333,0.3818333333333333,0.8392499999999999,0.17141666666666666,0.48608333333333337,0.01256717212845647,0.4547459592401281,0.01256717212845647,0.012878991145693588,0.012878991145693588,0.4547459592401281,0.45496971502333433,0.45496971502333433
AFG,Afghanistan,South Asia,Asia,2025,0.050416666666666665,0.3706666666666667,0.43825000000000003,0.8866666666666667,0.21916666666666665,0.51425,0.13528999841721231,0.4941094194390565,0.13528999841721231,0.1360161870503597,0.1360161870503597,0.4941094194390565,0.4942669172932331,0.4942669172932331
AFG,Afghanistan,South Asia,Asia,2026,0.08220000000000001,0.40679999999999994,0.4652,0.9096,0.2426,0.5274,0.20203125447391054,0.5114224839647352,0.20203125447391054,0.2020648967551623,0.2020648967551623,0.5114224839647352,0.5114335971855761,0.5114335971855761
AGO,Angola,Sub-Saharan Africa,Africa,2015,0.205,0.323,0.579,0.756,0.54,0.752,0.6346749226006191,0.7658730158730158,0.6346749226006191,0.6346749226006191,0.6346749226006191,0.7658730158730158,0.7658730158730158,0.7658730158730158
AGO,Angola,Sub-Saharan Africa,Africa,2016,0.227,0.333,0.554,0.713,0.571,0.766,0.6816816816816816,0.776998597475456,0.6816816816816816,0.6816816816816816,0.6816816816816816,0.776998597475456,0.776998597475456,0.776998597475456
AGO,Angola,Sub-Saharan Africa,Africa,2017,0.268,0.373,0.592,0.744,0.591,0.78,0.7184986595174263,0.7956989247311828,0.7184986595174263,0.7184986595174263,0.7184986595174263,0.7956989247311828,0.7956989247311828,0.7956989247311828
AGO,Angola,Sub-Saharan Africa,Africa,2018,0.302,0.404,0.611,0.754,0.613,0.793,0.7475247524752474,0.8103448275862069,0.7475247524752474,0.7475247524752474,0.7475247524752474,0.8103448275862069,0.8103448275862069,0.8103448275862069
AGO,Angola,Sub-Saharan Africa,Africa,2019,0.31925,0.43333333333333335,0.6144999999999999,0.76925,0.607,0.7863333333333333,0.736643477902799,0.7987374558849226,0.736643477902799,0.7367307692307692,0.7367307692307692,0.7987374558849226,0.7988300292492687,0.7988300292492687
AGO,Angola,Sub-Saharan Africa,Africa,2020,0.33725000000000005,0.4359166666666667,0.6008333333333333,0.7315,0.6483333333333333,0.8081666666666667,0.7736365050717229,0.821345943183692,0.7736365050717229,0.7736570445421527,0.7736570445421527,0.821345943183692,0.821371610845295,0.821371610845295
AGO,Angola,Sub-Saharan Africa,Africa,2021,0.35741666666666666,0.4613333333333334,0.62925,0.7631666666666667,0.6545833333333334,0.81275,0.7747481326575456,0.8245227707425641,0.7747481326575456,0.7747471098265896,0.7747471098265896,0.8245227707425641,0.8245250054597073,0.8245250054597073
AGO,Angola,Sub-Saharan Africa,Africa,2022,0.41383333333333333,0.5185833333333333,0.6883333333333334,0.8109999999999999,0.6854999999999999,0.83575,0.7979965115937458,0.8487088319081709,0.7979965115937458,0.7980073919331513,0.7980073919331513,0.8487088319081709,0.8487464036169339,0.8487464036169339
AGO,Angola,Sub-Saharan Africa,Africa,2023,0.45133333333333336,0.5598333333333333,0.7138333333333332,0.8324166666666666,0.7055833333333332,0.8475,0.8061868562338234,0.8575158605710733,0.8061868562338234,0.806192319142602,0.806192319142602,0.8575158605710733,0.85754329762739,0.85754329762739
AGO,Angola,Sub-Saharan Africa,Africa,2024,0.4930833333333333,0.6045833333333334,0.7454166666666667,0.8569166666666667,0.7360833333333333,0.86525,0.8155717585728097,0.8698660318789736,0.8155717585728097,0.8155754651964162,0.8155754651964162,0.8698660318789736,0.8698823300593213,0.8698823300593213
AGO,Angola,Sub-Saharan Africa,Africa,2025,0.5179166666666667,0.62875,0.7579166666666667,0.8653333333333334,0.7516666666666666,0.8739166666666667,0.8237234715230413,0.8758620653765142,0.8237234715230413,0.8237243207422134,0.8237243207422134,0.8758620653765142,0.875866718027735,0.875866718027735
AGO,Angola,Sub-Saharan Africa,Africa,2026,0.5492000000000001,0.661,0.778,0.8802,0.7726,0.8858,0.8308627820055877,0.883889631008868,0.8308627820055877,0.8308623298033284,0.8308623298033284,0.883889631008868,0.8838900249943196,0.8838900249943196
ALB,Albania,Europe & Central Asia,Europe,2015,0.701,0.806,0.93,0.981,0.904,0.972,0.8697270471464019,0.9480122324159022,0.8697270471464019,0.8697270471464019,0.8697270471464019,0.9480122324159022,0.9480122324159022,0.9480122324159022
ALB,Albania,Europe & Central Asia,Europe,2016,0.714,0.816,0.931,0.981,0.908,0.973,0.875,0.9490316004077473,0.875,0.875,0.875,0.9490316004077473,0.9490316004077473,0.9490316004077473
ALB,Albania,Europe & Central Asia,Europe,2017,0.73,0.83,0.934,0.984,0.91,0.973,0.8795180722891567,0.9491869918699187,0.8795180722891567,0.8795180722891567,0.8795180722891567,0.9491869918699187,0.9491869918699187,0.9491869918699187
ALB,Albania,Europe & Central Asia,Europe,2018,0.755,0.851,0.947,0.991,0.921,0.98,0.8871915393654525,0.9556004036326942,0.8871915393654525,0.8871915393654525,0.8871915393654525,0.9556004036326942,0.9556004036326942,0.9556004036326942
ALB,Albania,Europe & Central Asia,Europe,2019,0.7780833333333333,0.8699166666666667,0.9530833333333334,0.9836666666666667,0.9325833333333334,0.9845,0.894570164956081,0.968719775380082,0.894570164956081,0.8944343327904972,0.8944343327904972,0.968719775380082,0.9689088444595053,0.9689088444595053
ALB,Albania,Europe & Central Asia,Europe,2020,0.7841666666666667,0.8705833333333333,0.9525833333333332,0.9835833333333333,0.9413333333333332,0.9924166666666667,0.9007416867894249,0.9684761031965131,0.9007416867894249,0.9007370536996268,0.9007370536996268,0.9684761031965131,0.9684825891722443,0.9684825891722443
ALB,Albania,Europe & Central Asia,Europe,2021,0.8201666666666666,0.9049999999999999,0.9813333333333333,0.9994999999999999,0.96375,1.0,0.9062699732954469,0.9818220568482298,0.9062699732954469,0.9062615101289134,0.9062615101289134,0.9818220568482298,0.9818242454560614,0.9818242454560614
ALB,Albania,Europe & Central Asia,Europe,2022,0.8321666666666666,0.9127500000000001,0.9755833333333332,0.9959166666666667,0.9621666666666666,0.9993333333333334,0.9117403983288894,0.9795584642903815,0.9117403983288894,0.9117136857481967,0.9117136857481967,0.9795584642903815,0.9795832984687473,0.9795832984687473
ALB,Albania,Europe & Central Asia,Europe,2023,0.82375,0.8951666666666668,0.94525,0.9725833333333332,0.9443333333333334,0.9891666666666666,0.9202791398097658,0.9717913428800382,0.9202791398097658,0.9202196983801898,0.9202196983801898,0.9717913428800382,0.9718961528575102,0.9718961528575102
ALB,Albania,Europe & Central Asia,Europe,2024,0.8725833333333334,0.9504166666666666,0.9890833333333333,0.9972500000000001,0.983,0.9989166666666667,0.9181361056421099,0.9917537056187521,0.9181361056421099,0.9181060938185008,0.9181060938185008,0.9917537056187521,0.9918108130692738,0.9918108130692738
ALB,Albania,Europe & Central Asia,Europe,2025,0.8989166666666667,0.97675,0.9979999999999999,1.0,0.9973333333333333,1.0,0.9203197877002389,0.9979999999999999,0.9203197877002389,0.9203139663851208,0.9203139663851208,0.9979999999999999,0.9979999999999999,0.9979999999999999
ALB,Albania,Europe & Central Asia,Europe,2026,0.9284000000000001,1.0,1.0,1.0,1.0,1.0,0.9284000000000001,1.0,0.9284000000000001,0.9284000000000001,0.9284000000000001,1.0,1.0,1.0
AND,Andorra,Europe & Central Asia,Europe,2015,0.767,0.777,0.94,0.94,0.934,1.0,0.9871299871299871,1.0,0.9871299871299871,0.9871299871299871,0.9871299871299871,1.0,1.0,1.0
AND,Andorra,Europe & Central Asia,Europe,2016,0.792,0.8,0.949,0.946,0.945,1.0,0.99,1.0031712473572938,0.99,0.99,0.99,1.0,1.0031712473572938,1.0
AND,Andorra,Europe & Central Asia,Europe,2017,0.807,0.813,0.954,0.949,0.955,1.0,0.9926199261992621,1.0052687038988408,0.9926199261992621,0.9926199261992621,0.9926199261992621,1.0,1.0052687038988408,1.0
AND,Andorra,Europe & Central Asia,Europe,2018,0.826,0.83,0.964,0.955,0.967,1.0,0.9951807228915662,1.0094240837696336,0.9951807228915662,0.9951807228915662,0.9951807228915662,1.0,1.0094240837696336,1.0
AND,Andorra,Europe & Central Asia,Europe,2019,0.8466666666666667,0.8509166666666667,0.971,0.9603333333333333,0.9785833333333334,1.0,0.9950439986513663,1.0111156877114627,0.9950439986513663,0.995005386348056,0.995005386348056,1.0,1.0111072544255468,1.0
AND,Andorra,Europe & Central Asia,Europe,2020,0.8377499999999999,0.8388333333333332,0.9635833333333332,0.9464999999999999,0.98625,1.0,0.9987298350317917,1.018056998790629,0.9987298350317917,0.9987085237432942,0.9987085237432942,1.0,1.018048952280331,1.0
AND,Andorra,Europe & Central Asia,Europe,2021,0.8674166666666667,0.867,0.9830833333333334,0.9624166666666666,1.0,1.0,1.0004892354847377,1.0214807519460622,1.0,1.000480584390619,1.0,1.0,1.0214737206684563,1.0
AND,Andorra,Europe & Central Asia,Europe,2022,0.9070833333333334,0.8991666666666668,0.9869166666666667,0.9622499999999999,1.0,1.0,1.008804510310936,1.0256349421221356,1.0,1.0088044485634846,1.0,1.0,1.0256343639040444,1.0
AND,Andorra,Europe & Central Asia,Europe,2023,0.9211666666666667,0.9162500000000001,0.9973333333333333,0.9736666666666666,1.0,1.0,1.005351779132283,1.0243356359957887,1.0,1.0053660754888585,1.0,1.0,1.0243067442656626,1.0
AND,Andorra,Europe & Central Asia,Europe,2024,0.9485,0.9420833333333333,1.0,0.977,1.0,1.0,1.0068061112788904,1.0235512410029382,1.0,1.006811145510836,1.0,1.0,1.0235414534288638,1.0
AND,Andorra,Europe & Central Asia,Europe,2025,0.9651666666666666,0.9599166666666666,1.0,0.9848333333333333,1.0,1.0,1.0054643957361924,1.0154096092015985,1.0,1.0054692247590937,1.0,1.0,1.0154002369267219,1.0
AND,Andorra,Europe & Central Asia,Europe,2026,0.991,0.9847999999999999,1.0,0.9896,1.0,1.0,1.0062950503597488,1.0105107823673418,1.0,1.0062956945572705,1.0,1.0,1.0105092966855296,1.0
ARE,United Arab Emirates,Middle East & North Africa,Asia,2015,0.901,0.985,1.0,1.0,1.0,1.0,0.9147208121827411,1.0,0.9147208121827411,0.9147208121827411,0.9147208121827411,1.0,1.0,1.0
ARE,United Arab Emirates,Middle East & North Africa,Asia,2016,0.934,1.0,1.0,1.0,1.0,1.0,0.934,1.0,0.934,0.934,0.934,1.0,1.0,1.0
ARE,United Arab Emirates,Middle East & North Africa,Asia,2017,0.976,1.0,1.0,1.0,1.0,1.0,0.976,1.0,0.976,0.976,0.976,1.0,1.0,1.0
ARE,United Arab Emirates,Middle East & North Africa,Asia,2018,1.0,1.0,1.0,1.0,1.0,1.0,1.0,1.0,1.0,1.0,1.0,1.0,1.0,1.0
ARE,United Arab Emirates,Middle East & North Africa,Asia,2019,1.0,1.0,1.0,1.0,1.0,1.0,1.0,1.0,1.0,1.0,1.0,1.0,1.0,1.0
ARE,United Arab Emirates,Middle East & North Africa,Asia,2020,1.0,1.0,1.0,1.0,1.0,1.0,1.0,1.0,1.0,1.0,1.0,1.0,1.0,1.0
ARE,United Arab Emirates,Middle East & North Africa,Asia,2021,1.0,1.0,1.0,1.0,1.0,1.0,1.0,1.0,1.0,1.0,1.0,1.0,1.0,1.0
ARE,United Arab Emirates,Middle East & North Africa,Asia,2022,1.0,1.0,1.0,1.0,1.0,1.0,1.0,1.0,1.0,1.0,1.0,1.0,1.0,1.0
ARE,United Arab Emirates,Middle East & North Africa,Asia,2023,1.0,1.0,1.0,1.0,1.0,1.0,1.0,1.0,1.0,1.0,1.0,1.0,1.0,1.0
ARE,United Arab Emirates,Middle East & North Africa,Asia,2024,1.0,1.0,1.0,1.0,1.0,1.0,1.0,1.0,1.0,1.0,1.0,1.0,1.0,1.0
ARE,United Arab Emirates,Middle East & North Africa,Asia,2025,1.0,1.0,1.0,1.0,1.0,1.0,1.0,1.0,1.0,1.0,1.0,1.0,1.0,1.0
ARE,United Arab Emirates,Middle East & North Africa,Asia,2026,1.0,1.0,1.0,1.0,1.0,1.0,1.0,1.0,1.0,1.0,1.0,1.0,1.0,1.0
ARG,Argentina,Latin America & Caribbean,South America,2015,0.763,0.739,0.841,0.818,0.942,1.0,1.0324763193504736,1.028117359413203,1.0,1.0324763193504736,1.0,1.0,1.028117359413203,1.0
ARG,Argentina,Latin America & Caribbean,South America,2016,0.774,0.753,0.842,0.821,0.946,1.0,1.0278884462151394,1.02557856272838,1.0,1.0278884462151394,1.0,1.0,1.02557856272838,1.0
ARG,Argentina,Latin America & Caribbean,South America,2017,0.803,0.783,0.862,0.84,0.958,1.0,1.0255427841634739,1.0261904761904763,1.0,1.0255427841634739,1.0,1.0,1.0261904761904763,1.0
ARG,Argentina,Latin America & Caribbean,South America,2018,0.818,0.795,0.857,0.829,0.973,1.0,1.0289308176100629,1.0337756332931243,1.0,1.0289308176100629,1.0,1.0,1.0337756332931243,1.0
ARG,Argentina,Latin America & Caribbean,South America,2019,0.8360833333333333,0.8150000000000001,0.8603333333333333,0.8306666666666667,0.9846666666666666,1.0,1.0260441420635396,1.0357340070576522,1.0,1.0258691206543966,1.0,1.0,1.0357142857142856,1.0
ARG,Argentina,Latin America & Caribbean,South America,2020,0.83875,0.8156666666666667,0.851,0.8179166666666666,0.9895,1.0,1.028336738270924,1.0404631991783084,1.0,1.028299959133633,1.0,1.0,1.0404482934284258,1.0
ARG,Argentina,Latin America & Caribbean,South America,2021,0.8601666666666666,0.8409999999999999,0.867,0.8411666666666666,0.9874166666666667,1.0,1.0227991413740767,1.0307139565887782,1.0,1.0227903289734444,1.0,1.0,1.0307113136516743,1.0
ARG,Argentina,Latin America & Caribbean,South America,2022,0.8977499999999999,0.8791666666666668,0.9024166666666668,0.8696666666666667,1.0,1.0,1.0211378726640798,1.0376585992728586,1.0,1.0211374407582936,1.0,1.0,1.0376581065542354,1.0
ARG,Argentina,Latin America & Caribbean,South America,2023,0.9065,0.8920833333333333,0.915,0.8821666666666667,1.0,1.0,1.01613176423408,1.0372337575204174,1.0,1.016160672582905,1.0,1.0,1.0372189684488948,1.0
ARG,Argentina,Latin America & Caribbean,South America,2024,0.9446666666666667,0.9282500000000001,0.92525,0.8888333333333334,1.0,1.0,1.0176767307049845,1.0409726078493464,1.0,1.017685609121106,1.0,1.0,1.0409713107069192,1.0
ARG,Argentina,Latin America & Caribbean,South America,2025,0.9672499999999999,0.952,0.9366666666666666,0.8984166666666668,1.0,1.0,1.0160119554131966,1.0425811017219286,1.0,1.0160189075630253,1.0,1.0,1.0425749002875428,1.0
ARG,Argentina,Latin America & Caribbean,South America,2026,0.9944,0.9802,0.95,0.9092,1.0,1.0,1.0144870978475762,1.044874597204601,1.0,1.0144868394205264,1.0,1.0,1.0448746150461945,1.0
ARM,Armenia,Europe & Central Asia,Asia,2015,0.591,0.629,0.781,0.805,0.871,0.951,0.9395866454689984,0.9701863354037267,0.9395866454689984,0.9395866454689984,0.9395866454689984,0.9701863354037267,0.9701863354037267,0.9701863354037267
ARM,Armenia,Europe & Central Asia,Asia,2016,0.62,0.657,0.793,0.813,0.886,0.959,0.943683409436834,0.9753997539975401,0.943683409436834,0.943683409436834,0.943683409436834,0.9753997539975401,0.9753997539975401,0.9753997539975401
ARM,Armenia,Europe & Central Asia,Asia,2017,0.655,0.69,0.814,0.827,0.905,0.971,0.9492753623188407,0.9842805320435308,0.9492753623188407,0.9492753623188407,0.9492753623188407,0.9842805320435308,0.9842805320435308,0.9842805320435308
ARM,Armenia,Europe & Central Asia,Asia,2018,0.697,0.727,0.837,0.839,0.931,0.987,0.9587345254470426,0.9976162097735399,0.9587345254470426,0.9587345254470426,0.9587345254470426,0.9976162097735399,0.9976162097735399,0.9976162097735399
ARM,Armenia,Europe & Central Asia,Asia,2019,0.7352500000000001,0.7630833333333333,0.85825,0.8530833333333333,0.9523333333333333,0.9981666666666666,0.9636813413326304,1.0060951059256389,0.9636813413326304,0.9635251719995632,0.9635251719995632,1.0,1.0060564618540588,1.0
ARM,Armenia,Europe & Central Asia,Asia,2020,0.75575,0.782,0.8723333333333333,0.8559166666666665,0.97375,1.0,0.9664408258680037,1.0191814901953284,0.9664408258680037,0.9664322250639387,0.9664322250639387,1.0,1.0191802161425374,1.0
ARM,Armenia,Europe & Central Asia,Asia,2021,0.7965833333333334,0.8131666666666666,0.8885833333333334,0.8588333333333332,0.9991666666666666,1.0,0.97967977399634,1.0346629085381711,0.97967977399634,0.9796064767370365,0.9796064767370365,1.0,1.0346400155249371,1.0
ARM,Armenia,Europe & Central Asia,Asia,2022,0.8563333333333333,0.86225,0.9293333333333335,0.8805833333333334,1.0,1.0,0.9931704900956744,1.0553692408639506,0.9931704900956744,0.9931381076640572,0.9931381076640572,1.0,1.0553610296205167,1.0
ARM,Armenia,Europe & Central Asia,Asia,2023,0.8640833333333333,0.8682500000000001,0.9279166666666666,0.87875,1.0,1.0,0.9952329609113821,1.0559430110690817,0.9952329609113821,0.9952010749592091,0.9952010749592091,1.0,1.0559506875296347,1.0
ARM,Armenia,Europe & Central Asia,Asia,2024,0.91425,0.9219166666666667,0.9596666666666667,0.9044166666666666,1.0,1.0,0.9917087079682133,1.0610849104037479,0.9917087079682133,0.9916839916839917,0.9916839916839917,1.0,1.061089099788077,1.0
ARM,Armenia,Europe & Central Asia,Asia,2025,0.9415,0.9509166666666666,0.9750833333333334,0.9171666666666667,1.0,1.0,0.9901413844578962,1.0631447600281783,0.9901413844578962,0.9900972745596355,0.9900972745596355,1.0,1.0631473741595494,1.0
ARM,Armenia,Europe & Central Asia,Asia,2026,0.9768000000000001,0.9898,0.9975999999999999,0.9376,1.0,1.0,0.986874298474231,1.0640012717443592,0.986874298474231,0.9868660335421299,0.9868660335421299,1.0,1.0639931740614335,1.0
ASM,American Samoa,East Asia & Pacific,Oceania,2015,0.515,0.514,0.779,0.782,0.884,0.973,1.0019455252918288,0.9961636828644501,1.0,1.0019455252918288,1.0,0.9961636828644501,0.9961636828644501,0.9961636828644501
ASM,American Samoa,East Asia & Pacific,Oceania,2016,0.543,0.542,0.786,0.789,0.887,0.974,1.0018450184501846,0.9961977186311787,1.0,1.0018450184501846,1.0,0.9961977186311787,0.9961977186311787,0.9961977186311787
ASM,American Samoa,East Asia & Pacific,Oceania,2017,0.57,0.568,0.787,0.788,0.892,0.975,1.0035211267605635,0.998730964467005,1.0,1.0035211267605635,1.0,0.998730964467005,0.998730964467005,0.998730964467005
ASM,American Samoa,East Asia & Pacific,Oceania,2018,0.599,0.599,0.798,0.801,0.894,0.976,1.0,0.9962546816479401,1.0,1.0,1.0,0.9962546816479401,0.9962546816479401,0.9962546816479401
ASM,American Samoa,East Asia & Pacific,Oceania,2019,0.63325,0.6334166666666666,0.8159166666666667,0.8143333333333334,0.9064166666666668,0.983,0.9998704359768046,1.0019836120561678,0.9998704359768046,0.9997368767267465,0.9997368767267465,1.0,1.0019443307408924,1.0
ASM,American Samoa,East Asia & Pacific,Oceania,2020,0.6675833333333334,0.6628333333333334,0.82675,0.82,0.9128333333333334,0.9883333333333333,1.007182154277386,1.0082335073167725,1.0,1.0071662056826753,1.0,1.0,1.0082317073170732,1.0
ASM,American Samoa,East Asia & Pacific,Oceania,2021,0.6899166666666666,0.69225,0.8408333333333333,0.8408333333333333,0.9103333333333333,0.9860833333333333,0.9967737782309752,1.0000470110695976,0.9967737782309752,0.9966293487420247,0.9966293487420247,1.0,1.0,1.0
ASM,American Samoa,East Asia & Pacific,Oceania,2022,0.7272500000000001,0.7353333333333333,0.8713333333333333,0.8715,0.9196666666666667,0.9925833333333333,0.9890272618125326,0.9998151348043961,0.9890272618125326,0.9890072529465097,0.9890072529465097,0.9998151348043961,0.9998087588449033,0.9998087588449033
ASM,American Samoa,East Asia & Pacific,Oceania,2023,0.7421666666666668,0.75625,0.8913333333333333,0.8910833333333333,0.9343333333333333,0.9990833333333334,0.9813734797572041,1.0002969221232227,0.9813734797572041,0.9813774104683197,0.9813774104683197,1.0,1.000280557373983,1.0
ASM,American Samoa,East Asia & Pacific,Oceania,2024,0.7825833333333333,0.7930833333333335,0.895,0.8923333333333333,0.9369999999999999,1.0,0.9867606524075326,1.0029922354666023,0.9867606524075326,0.9867605337816536,0.9867605337816536,1.0,1.0029884198729921,1.0
ASM,American Samoa,East Asia & Pacific,Oceania,2025,0.8155833333333332,0.83,0.9135,0.9096666666666667,0.9482499999999999,1.0,0.9826211564825469,1.0042253341204936,0.9826211564825469,0.9826305220883533,0.9826305220883533,1.0,1.0042139978013924,1.0
ASM,American Samoa,East Asia & Pacific,Oceania,2026,0.8315999999999999,0.8454,0.9202,0.9144,0.9578,1.0,0.9836812743647106,1.006344129152152,0.9836812743647106,0.9836763662171751,0.9836763662171751,1.0,1.0063429571303588,1.0
ATG,Antigua and Barbuda,Latin America & Caribbean,North America,2015,0.712,0.715,0.86,0.859,0.918,0.99,0.9958041958041958,1.0011641443538999,0.9958041958041958,0.9958041958041958,0.9958041958041958,1.0,1.0011641443538999,1.0
ATG,Antigua and Barbuda,Latin America & Caribbean,North America,2016,0.741,0.744,0.876,0.87,0.933,0.998,0.9959677419354839,1.006896551724138,0.9959677419354839,0.9959677419354839,0.9959677419354839,1.0,1.006896551724138,1.0
ATG,Antigua and Barbuda,Latin America & Caribbean,North America,2017,0.766,0.77,0.889,0.882,0.944,1.0,0.9948051948051948,1.007936507936508,0.9948051948051948,0.9948051948051948,0.9948051948051948,1.0,1.007936507936508,1.0
ATG,Antigua and Barbuda,Latin America & Caribbean,North America,2018,0.796,0.801,0.908,0.898,0.958,1.0,0.9937578027465668,1.0111358574610245,0.9937578027465668,0.9937578027465668,0.9937578027465668,1.0,1.0111358574610245,1.0
ATG,Antigua and Barbuda,Latin America & Caribbean,North America,2019,0.8314166666666667,0.8420833333333334,0.9345,0.9230833333333334,0.9726666666666667,1.0,0.9873365052893385,1.0123676460957396,0.9873365052893385,0.9873330034636318,0.9873330034636318,1.0,1.0123679696668773,1.0
ATG,Antigua and Barbuda,Latin America & Caribbean,North America,2020,0.83175,0.8370833333333333,0.919,0.9018333333333334,0.97975,1.0,0.9936443290527758,1.0190363209930628,0.9936443290527758,0.9936286709805874,0.9936286709805874,1.0,1.0190352984660875,1.0
ATG,Antigua and Barbuda,Latin America & Caribbean,North America,2021,0.847,0.8491666666666666,0.9274166666666668,0.9064166666666668,0.98875,1.0,0.9974693429433027,1.0231751068664876,0.9974693429433027,0.9974484789008833,0.9974484789008833,1.0,1.0231681529833594,1.0
ATG,Antigua and Barbuda,Latin America & Caribbean,North America,2022,0.88725,0.8978333333333334,0.9622499999999999,0.9443333333333332,0.9994999999999999,1.0,0.9882207917211953,1.0189744209219305,0.9882207917211953,0.988212363096343,0.988212363096343,1.0,1.0189728203318038,1.0
ATG,Antigua and Barbuda,Latin America & Caribbean,North America,2023,0.8965833333333334,0.9089166666666667,0.968,0.9503333333333334,0.99975,1.0,0.9864143846824215,1.0186006309055011,0.9864143846824215,0.9864307325570735,0.9864307325570735,1.0,1.0185899684321291,1.0
ATG,Antigua and Barbuda,Latin America & Caribbean,North America,2024,0.9444166666666667,0.9600833333333333,0.9954166666666667,0.9732500000000001,1.0,1.0,0.9836817788002513,1.022770268895629,0.9836817788002513,0.9836819720510372,0.9836819720510372,1.0,1.0227759225961126,1.0
ATG,Antigua and Barbuda,Latin America & Caribbean,North America,2025,0.9695,0.9849166666666666,1.0,0.9804166666666667,1.0,1.0,0.9843432032298624,1.019977942195021,0.9843432032298624,0.9843472374989425,0.9843472374989425,1.0,1.019974500637484,1.0
ATG,Antigua and Barbuda,Latin America & Caribbean,North America,2026,1.0,1.0,1.0,0.9942,1.0,1.0,1.0,1.005836030504948,1.0,1.0,1.0,1.0,1.0058338362502515,1.0
AUS,Australia,East Asia & Pacific,Oceania,2015,0.814,0.812,0.939,0.951,0.933,0.995,1.002463054187192,0.9873817034700315,1.0,1.002463054187192,1.0,0.9873817034700315,0.9873817034700315,0.9873817034700315
AUS,Australia,East Asia & Pacific,Oceania,2016,0.835,0.832,0.939,0.948,0.943,0.998,1.0036057692307692,0.990506329113924,1.0,1.0036057692307692,1.0,0.990506329113924,0.990506329113924,0.990506329113924
AUS,Australia,East Asia & Pacific,Oceania,2017,0.862,0.86,0.954,0.962,0.954,1.0,1.0023255813953489,0.9916839916839917,1.0,1.0023255813953489,1.0,0.9916839916839917,0.9916839916839917,0.9916839916839917
AUS,Australia,East Asia & Pacific,Oceania,2018,0.894,0.89,0.971,0.972,0.969,1.0,1.0044943820224719,0.9989711934156379,1.0,1.0044943820224719,1.0,0.9989711934156379,0.9989711934156379,0.9989711934156379
AUS,Australia,East Asia & Pacific,Oceania,2019,0.919,0.9155000000000001,0.9793333333333333,0.9795833333333333,0.9780000000000001,1.0,1.0038287875567042,0.9997461964264432,1.0,1.0038230475150192,1.0,0.9997461964264432,0.9997447894512973,0.9997447894512973
AUS,Australia,East Asia & Pacific,Oceania,2020,0.9383333333333334,0.9335,0.9783333333333334,0.9789166666666667,0.9843333333333333,1.0,1.0051775537311058,0.9994045011535845,1.0,1.005177646848777,1.0,0.9994045011535845,0.9994041031752788,0.9994041031752788
AUS,Australia,East Asia & Pacific,Oceania,2021,0.9705833333333334,0.9656666666666666,0.9999166666666667,0.9976666666666666,0.999,1.0,1.0050927770443894,1.0022568602936655,1.0,1.0050914739385572,1.0,1.0,1.0022552622786502,1.0
AUS,Australia,East Asia & Pacific,Oceania,2022,0.9999166666666667,0.9925833333333333,1.0,1.0,1.0,1.0,1.0073912256429376,1.0,1.0,1.0073881286206028,1.0,1.0,1.0,1.0
AUS,Australia,East Asia & Pacific,Oceania,2023,0.9999166666666667,0.9999166666666667,1.0,1.0,1.0,1.0,1.0,1.0,1.0,1.0,1.0,1.0,1.0,1.0
AUS,Australia,East Asia & Pacific,Oceania,2024,1.0,1.0,1.0,1.0,1.0,1.0,1.0,1.0,1.0,1.0,1.0,1.0,1.0,1.0
AUS,Australia,East Asia & Pacific,Oceania,2025,1.0,1.0,1.0,1.0,1.0,1.0,1.0,1.0,1.0,1.0,1.0,1.0,1.0,1.0
AUS,Australia,East Asia & Pacific,Oceania,2026,1.0,1.0,1.0,1.0,1.0,1.0,1.0,1.0,1.0,1.0,1.0,1.0,1.0,1.0
AUT,Austria,Europe & Central Asia,Europe,2015,0.787,0.817,0.96,0.99,0.914,0.983,0.96328029375765,0.9696969696969697,0.96328029375765,0.96328029375765,0.96328029375765,0.9696969696969697,0.9696969696969697,0.9696969696969697
AUT,Austria,Europe & Central Asia,Europe,2016,0.809,0.835,0.968,0.991,0.929,0.991,0.9688622754491019,0.9767911200807265,0.9688622754491019,0.9688622754491019,0.9688622754491019,0.9767911200807265,0.9767911200807265,0.9767911200807265
AUT,Austria,Europe & Central Asia,Europe,2017,0.825,0.851,0.975,0.998,0.936,0.994,0.9694477085781433,0.9769539078156313,0.9694477085781433,0.9694477085781433,0.9694477085781433,0.9769539078156313,0.9769539078156313,0.9769539078156313
AUT,Austria,Europe & Central Asia,Europe,2018,0.847,0.872,0.986,1.0,0.946,0.999,0.9713302752293578,0.986,0.9713302752293578,0.9713302752293578,0.9713302752293578,0.986,0.986,0.986
AUT,Austria,Europe & Central Asia,Europe,2019,0.8696666666666667,0.8918333333333334,0.9925833333333333,1.0,0.9600833333333333,1.0,0.9751637656626028,0.9925833333333333,0.9751637656626028,0.9751448327415436,0.9751448327415436,0.9925833333333333,0.9925833333333333,0.9925833333333333
AUT,Austria,Europe & Central Asia,Europe,2020,0.8875833333333333,0.90625,0.9979166666666667,1.0,0.9750833333333334,1.0,0.9794125637037867,0.9979166666666667,0.9794125637037867,0.9794022988505746,0.9794022988505746,0.9979166666666667,0.9979166666666667,0.9979166666666667
AUT,Austria,Europe & Central Asia,Europe,2021,0.9148333333333333,0.9300833333333335,1.0,1.0,0.99125,1.0,0.9836047863527506,1.0,0.9836047863527506,0.9836036197473342,0.9836036197473342,1.0,1.0,1.0
AUT,Austria,Europe & Central Asia,Europe,2022,0.9322500000000001,0.9469166666666666,1.0,1.0,0.9965,1.0,0.9845128802676161,1.0,0.9845128802676161,0.984511132623427,0.984511132623427,1.0,1.0,1.0
AUT,Austria,Europe & Central Asia,Europe,2023,0.9394166666666667,0.9542499999999999,1.0,1.0,0.9994166666666667,1.0,0.984442102898376,1.0,0.984442102898376,0.984455506069339,0.984455506069339,1.0,1.0,1.0
AUT,Austria,Europe & Central Asia,Europe,2024,0.9682499999999999,0.9820833333333333,1.0,1.0,1.0,1.0,0.9859118019647605,1.0,0.9859118019647605,0.9859142978362325,0.9859142978362325,1.0,1.0,1.0
AUT,Austria,Europe & Central Asia,Europe,2025,0.98475,0.99675,1.0,1.0,1.0,1.0,0.9879562202781305,1.0,0.9879562202781305,0.9879608728367193,0.9879608728367193,1.0,1.0,1.0
AUT,Austria,Europe & Central Asia,Europe,2026,1.0,1.0,1.0,1.0,1.0,1.0,1.0,1.0,1.0,1.0,1.0,1.0,1.0,1.0
AZE,Azerbaijan,Europe & Central Asia,Asia,2015,0.509,0.604,0.733,0.852,0.664,0.83,0.8427152317880795,0.8603286384976526,0.8427152317880795,0.8427152317880795,0.8427152317880795,0.8603286384976526,0.8603286384976526,0.8603286384976526
AZE,Azerbaijan,Europe & Central Asia,Asia,2016,0.514,0.607,0.712,0.83,0.67,0.828,0.8467874794069193,0.8578313253012049,0.8467874794069193,0.8467874794069193,0.8467874794069193,0.8578313253012049,0.8578313253012049,0.8578313253012049
AZE,Azerbaijan,Europe & Central Asia,Asia,2017,0.535,0.628,0.723,0.84,0.68,0.833,0.8519108280254778,0.8607142857142858,0.8519108280254778,0.8519108280254778,0.8519108280254778,0.8607142857142858,0.8607142857142858,0.8607142857142858
AZE,Azerbaijan,Europe & Central Asia,Asia,2018,0.564,0.654,0.742,0.854,0.696,0.843,0.8623853211009174,0.8688524590163934,0.8623853211009174,0.8623853211009174,0.8623853211009174,0.8688524590163934,0.8688524590163934,0.8688524590163934
AZE,Azerbaijan,Europe & Central Asia,Asia,2019,0.5930833333333333,0.6804166666666668,0.7546666666666667,0.8604166666666666,0.7162499999999999,0.85325,0.8716983602245022,0.8770130414673534,0.8716983602245022,0.871647274954072,0.871647274954072,0.8770130414673534,0.8770944309927362,0.8770944309927362
AZE,Azerbaijan,Europe & Central Asia,Asia,2020,0.5963333333333333,0.6755,0.76275,0.8441666666666666,0.7441666666666666,0.8744166666666667,0.8828086073243243,0.9035518108218977,0.8828086073243243,0.8828028620774734,0.8828028620774734,0.9035518108218977,0.9035538005923002,0.9035538005923002
AZE,Azerbaijan,Europe & Central Asia,Asia,2021,0.6360833333333333,0.7144166666666667,0.78875,0.86925,0.7592500000000001,0.8825,0.8903541320514111,0.9073902413226804,0.8903541320514111,0.8903534352035459,0.8903534352035459,0.9073902413226804,0.907391429393155,0.907391429393155
AZE,Azerbaijan,Europe & Central Asia,Asia,2022,0.67525,0.7565833333333334,0.8185833333333332,0.9059166666666667,0.7661666666666668,0.8845000000000001,0.8924994850590785,0.9035966916359013,0.8924994850590785,0.8924991739178323,0.8924991739178323,0.9035966916359013,0.9035967252322692,0.9035967252322692
AZE,Azerbaijan,Europe & Central Asia,Asia,2023,0.6856666666666666,0.7639166666666667,0.8119999999999999,0.8994166666666668,0.7644166666666666,0.8821666666666667,0.8976143720875522,0.9027443281239242,0.8976143720875522,0.8975673611868659,0.8975673611868659,0.9027443281239242,0.9028073751505604,0.9028073751505604
AZE,Azerbaijan,Europe & Central Asia,Asia,2024,0.7183333333333333,0.7980833333333334,0.8378333333333333,0.91825,0.79275,0.8984166666666668,0.9000899074649014,0.9124053870159704,0.9000899074649014,0.9000730917823953,0.9000730917823953,0.9124053870159704,0.9124239949178691,0.9124239949178691
AZE,Azerbaijan,Europe & Central Asia,Asia,2025,0.73725,0.814,0.8443333333333333,0.9200833333333334,0.8071666666666667,0.9056666666666667,0.9057385441736608,0.9176498093521565,0.9057385441736608,0.9057125307125308,0.9057125307125308,0.9176498093521565,0.9176705008604292,0.9176705008604292
AZE,Azerbaijan,Europe & Central Asia,Asia,2026,0.7582,0.8337999999999999,0.853,0.9252,0.8193999999999999,0.9116,0.9093364960175112,0.9219630478572884,0.9093364960175112,0.9093307747661311,0.9093307747661311,0.9219630478572884,0.9219628188499783,0.9219628188499783
BDI,Burundi,Sub-Saharan Africa,Africa,2015,0.0,0.102,0.332,0.506,0.411,0.679,0.0,0.6561264822134387,0.0,0.0,0.0,0.6561264822134387,0.6561264822134387,0.6561264822134387
BDI,Burundi,Sub-Saharan Africa,Africa,2016,0.013,0.122,0.335,0.505,0.43,0.687,0.10655737704918032,0.6633663366336634,0.10655737704918032,0.10655737704918032,0.10655737704918032,0.6633663366336634,0.6633663366336634,0.6633663366336634
BDI,Burundi,Sub-Saharan Africa,Africa,2017,0.037,0.147,0.352,0.518,0.45,0.698,0.25170068027210885,0.6795366795366795,0.25170068027210885,0.25170068027210885,0.25170068027210885,0.6795366795366795,0.6795366795366795,0.6795366795366795
BDI,Burundi,Sub-Saharan Africa,Africa,2018,0.064,0.171,0.368,0.525,0.476,0.712,0.3742690058479532,0.7009523809523809,0.3742690058479532,0.3742690058479532,0.3742690058479532,0.7009523809523809,0.7009523809523809,0.7009523809523809
BDI,Burundi,Sub-Saharan Africa,Africa,2019,0.08925,0.19391666666666665,0.37975000000000003,0.5281666666666667,0.5005833333333333,0.72525,0.46019256286608856,0.7189837062285108,0.46019256286608856,0.46024924795874517,0.46024924795874517,0.7189837062285108,0.7189965288734617,0.7189965288734617
BDI,Burundi,Sub-Saharan Africa,Africa,2020,0.15416666666666667,0.24025,0.4235,0.5274166666666668,0.575,0.7740833333333333,0.6416245814390019,0.8029356341191836,0.6416245814390019,0.6416926812348249,0.6416926812348249,0.8029356341191836,0.8029704534681623,0.8029704534681623
BDI,Burundi,Sub-Saharan Africa,Africa,2021,0.14283333333333334,0.25075,0.424,0.5610833333333334,0.548,0.7518333333333334,0.5695651568702104,0.7556567491296563,0.5695651568702104,0.569624459953473,0.569624459953473,0.7556567491296563,0.7556809743056586,0.7556809743056586
BDI,Burundi,Sub-Saharan Africa,Africa,2022,0.17300000000000001,0.28258333333333335,0.45008333333333334,0.5840833333333333,0.5646666666666667,0.7619166666666667,0.6121950617176412,0.7705740005409165,0.6121950617176412,0.612208787968151,0.612208787968151,0.7705740005409165,0.770580681980311,0.770580681980311
BDI,Burundi,Sub-Saharan Africa,Africa,2023,0.19541666666666668,0.303,0.46316666666666667,0.5912499999999999,0.5855833333333332,0.7730833333333335,0.6448553718520078,0.7833161710006369,0.6448553718520078,0.644939493949395,0.644939493949395,0.7833161710006369,0.7833685694150812,0.7833685694150812
BDI,Burundi,Sub-Saharan Africa,Africa,2024,0.2325,0.34125,0.4960833333333334,0.6135,0.6239166666666667,0.7950833333333334,0.6812752745893579,0.8085801783209076,0.6812752745893579,0.6813186813186813,0.6813186813186813,0.8085801783209076,0.808611790274382,0.808611790274382
BDI,Burundi,Sub-Saharan Africa,Africa,2025,0.261,0.36975,0.5155,0.6269166666666667,0.6479166666666667,0.80875,0.7058695357898893,0.8222677406918084,0.7058695357898893,0.7058823529411764,0.7058823529411764,0.8222677406918084,0.8222783464043599,0.8222783464043599
BDI,Burundi,Sub-Saharan Africa,Africa,2026,0.294,0.4046,0.5398000000000001,0.6452,0.673,0.8231999999999999,0.7266373952142453,0.8366338233792862,0.7266373952142453,0.7266435986159169,0.7266435986159169,0.8366338233792862,0.8366398016119034,0.8366398016119034
BEL,Belgium,Europe & Central Asia,Europe,2015,0.837,0.865,0.978,0.999,0.938,0.998,0.9676300578034682,0.978978978978979,0.9676300578034682,0.9676300578034682,0.9676300578034682,0.978978978978979,0.978978978978979,0.978978978978979
BEL,Belgium,Europe & Central Asia,Europe,2016,0.86,0.883,0.984,1.0,0.95,1.0,0.9739524348810872,0.984,0.9739524348810872,0.9739524348810872,0.9739524348810872,0.984,0.984,0.984
BEL,Belgium,Europe & Central Asia,Europe,2017,0.882,0.903,0.991,1.0,0.958,1.0,0.9767441860465116,0.991,0.9767441860465116,0.9767441860465116,0.9767441860465116,0.991,0.991,0.991
BEL,Belgium,Europe & Central Asia,Europe,2018,0.905,0.924,1.0,1.0,0.969,1.0,0.9794372294372294,1.0,0.9794372294372294,0.9794372294372294,0.9794372294372294,1.0,1.0,1.0
BEL,Belgium,Europe & Central Asia,Europe,2019,0.9265833333333333,0.94375,1.0,1.0,0.9800833333333333,1.0,0.9818182541490974,1.0,0.9818182541490974,0.9818101545253863,0.9818101545253863,1.0,1.0,1.0
BEL,Belgium,Europe & Central Asia,Europe,2020,0.9380000000000001,0.9496666666666665,1.0,1.0,0.9901666666666666,1.0,0.9877204698763791,1.0,0.9877204698763791,0.9877149877149879,0.9877149877149879,1.0,1.0,1.0
BEL,Belgium,Europe & Central Asia,Europe,2021,0.97625,0.9848333333333333,1.0,1.0,1.0,1.0,0.9912860992762246,1.0,0.9912860992762246,0.9912844812997123,0.9912844812997123,1.0,1.0,1.0
BEL,Belgium,Europe & Central Asia,Europe,2022,0.9910833333333334,0.9949166666666667,1.0,1.0,1.0,1.0,0.9961478097270295,1.0,0.9961478097270295,0.9961470809950583,0.9961470809950583,1.0,1.0,1.0
BEL,Belgium,Europe & Central Asia,Europe,2023,0.9915833333333333,0.9945833333333334,1.0,1.0,1.0,1.0,0.9969608818970946,1.0,0.9969608818970946,0.9969836614997905,0.9969836614997905,1.0,1.0,1.0
BEL,Belgium,Europe & Central Asia,Europe,2024,1.0,1.0,1.0,1.0,1.0,1.0,1.0,1.0,1.0,1.0,1.0,1.0,1.0,1.0
BEL,Belgium,Europe & Central Asia,Europe,2025,1.0,1.0,1.0,1.0,1.0,1.0,1.0,1.0,1.0,1.0,1.0,1.0,1.0,1.0
BEL,Belgium,Europe & Central Asia,Europe,2026,1.0,1.0,1.0,1.0,1.0,1.0,1.0,1.0,1.0,1.0,1.0,1.0,1.0,1.0
BEN,Benin,Sub-Saharan Africa,Africa,2015,0.039,0.195,0.389,0.652,0.311,0.612,0.19999999999999998,0.5966257668711656,0.19999999999999998,0.19999999999999998,0.19999999999999998,0.5966257668711656,0.5966257668711656,0.5966257668711656
BEN,Benin,Sub-Saharan Africa,Africa,2016,0.07,0.226,0.415,0.667,0.344,0.631,0.3097345132743363,0.6221889055472263,0.3097345132743363,0.3097345132743363,0.3097345132743363,0.6221889055472263,0.6221889055472263,0.6221889055472263
BEN,Benin,Sub-Saharan Africa,Africa,2017,0.099,0.255,0.442,0.687,0.373,0.648,0.38823529411764707,0.6433770014556041,0.38823529411764707,0.38823529411764707,0.38823529411764707,0.6433770014556041,0.6433770014556041,0.6433770014556041
BEN,Benin,Sub-Saharan Africa,Africa,2018,0.117,0.282,0.465,0.717,0.385,0.653,0.41489361702127664,0.6485355648535566,0.41489361702127664,0.41489361702127664,0.41489361702127664,0.6485355648535566,0.6485355648535566,0.6485355648535566
BEN,Benin,Sub-Saharan Africa,Africa,2019,0.17125,0.3309166666666667,0.5161666666666667,0.7401666666666666,0.45716666666666667,0.6963333333333334,0.517111284872887,0.6972198658724148,0.517111284872887,0.5175018886930244,0.5175018886930244,0.6972198658724148,0.6973654582301284,0.6973654582301284
BEN,Benin,Sub-Saharan Africa,Africa,2020,0.19108333333333336,0.35225,0.5320833333333334,0.7534166666666667,0.4693333333333333,0.7035,0.5422682930022474,0.7061401811133461,0.5422682930022474,0.5424651052756092,0.5424651052756092,0.7061401811133461,0.7062271872580467,0.7062271872580467
BEN,Benin,Sub-Saharan Africa,Africa,2021,0.2335,0.39399999999999996,0.5751666666666666,0.78225,0.51825,0.7325833333333334,0.592600820126233,0.7352523804418278,0.592600820126233,0.5926395939086295,0.5926395939086295,0.7352523804418278,0.7352721849366144,0.7352721849366144
BEN,Benin,Sub-Saharan Africa,Africa,2022,0.25508333333333333,0.4130833333333333,0.5794166666666666,0.7821666666666668,0.53,0.73825,0.6174512487186811,0.7407529828329,0.6174512487186811,0.6175105910833165,0.6175105910833165,0.7407529828329,0.7407841466013209,0.7407841466013209
BEN,Benin,Sub-Saharan Africa,Africa,2023,0.28158333333333335,0.437,0.5975,0.7915833333333334,0.5585,0.754,0.6441181389518159,0.7546588461179908,0.6441181389518159,0.6443554538520214,0.6443554538520214,0.7546588461179908,0.7548162964522581,0.7548162964522581
BEN,Benin,Sub-Saharan Africa,Africa,2024,0.3465833333333333,0.5071666666666667,0.6644166666666668,0.8395,0.6298333333333334,0.7970833333333335,0.683299668243611,0.7913889281338657,0.683299668243611,0.6833716726914228,0.6833716726914228,0.7913889281338657,0.7914433194361724,0.7914433194361724
BEN,Benin,Sub-Saharan Africa,Africa,2025,0.3798333333333333,0.5394166666666668,0.6875,0.85425,0.6595833333333333,0.8140000000000001,0.7040926865979728,0.8047355648875488,0.7040926865979728,0.7041557237756835,0.7041557237756835,0.8047355648875488,0.8047995317529998,0.8047995317529998
BEN,Benin,Sub-Saharan Africa,Africa,2026,0.40499999999999997,0.5644,0.701,0.8632,0.6762,0.8228,0.7175698525349906,0.8120848764810404,0.7175698525349906,0.7175761871013465,0.7175761871013465,0.8120848764810404,0.81209453197405,0.81209453197405
BFA,Burkina Faso,Sub-Saharan Africa,Africa,2015,0.0,0.13,0.386,0.606,0.359,0.651,0.0,0.636963696369637,0.0,0.0,0.0,0.636963696369637,0.636963696369637,0.636963696369637
BFA,Burkina Faso,Sub-Saharan Africa,Africa,2016,0.021,0.167,0.409,0.623,0.384,0.664,0.12574850299401197,0.6565008025682183,0.12574850299401197,0.12574850299401197,0.12574850299401197,0.6565008025682183,0.6565008025682183,0.6565008025682183
BFA,Burkina Faso,Sub-Saharan Africa,Africa,2017,0.061,0.207,0.436,0.642,0.411,0.679,0.2946859903381643,0.6791277258566978,0.2946859903381643,0.2946859903381643,0.2946859903381643,0.6791277258566978,0.6791277258566978,0.6791277258566978
BFA,Burkina Faso,Sub-Saharan Africa,Africa,2018,0.102,0.248,0.464,0.666,0.436,0.692,0.41129032258064513,0.6966966966966966,0.41129032258064513,0.41129032258064513,0.41129032258064513,0.6966966966966966,0.6966966966966966,0.6966966966966966
BFA,Burkina Faso,Sub-Saharan Africa,Africa,2019,0.12416666666666666,0.2725,0.47258333333333336,0.6755,0.444,0.6955833333333333,0.45555288254284626,0.6995747387572173,0.45555288254284626,0.45565749235474,0.45565749235474,0.6995747387572173,0.6996052306933136,0.6996052306933136
BFA,Burkina Faso,Sub-Saharan Africa,Africa,2020,0.16783333333333336,0.3209166666666667,0.52,0.713,0.48816666666666664,0.7216666666666667,0.5228181020530906,0.7292512352180887,0.5228181020530906,0.5229810438847053,0.5229810438847053,0.7292512352180887,0.7293127629733521,0.7293127629733521
BFA,Burkina Faso,Sub-Saharan Africa,Africa,2021,0.2015,0.35641666666666666,0.5505000000000001,0.7364166666666666,0.5149166666666667,0.7376666666666667,0.5653010557261929,0.7475156361313781,0.5653010557261929,0.5653495440729484,0.5653495440729484,0.7475156361313781,0.7475387574968883,0.7475387574968883
BFA,Burkina Faso,Sub-Saharan Africa,Africa,2022,0.22641666666666668,0.3844166666666667,0.5713333333333334,0.75075,0.5391666666666667,0.7515833333333334,0.5889288408286588,0.7609790220912789,0.5889288408286588,0.5889876436158682,0.5889876436158682,0.7609790220912789,0.7610167610167611,0.7610167610167611
BFA,Burkina Faso,Sub-Saharan Africa,Africa,2023,0.24483333333333335,0.4003333333333334,0.5765833333333333,0.7525,0.5505,0.75725,0.6113738311152344,0.7660851545089473,0.6113738311152344,0.6115736885928392,0.6115736885928392,0.7660851545089473,0.7662236987818384,0.7662236987818384
BFA,Burkina Faso,Sub-Saharan Africa,Africa,2024,0.3056666666666667,0.47125,0.6445,0.8067500000000001,0.61225,0.7943333333333333,0.6485131073425642,0.7987591081551643,0.6485131073425642,0.6486295313881522,0.6486295313881522,0.7987591081551643,0.798884412767276,0.798884412767276
BFA,Burkina Faso,Sub-Saharan Africa,Africa,2025,0.3569166666666666,0.529,0.6974166666666667,0.84775,0.6638333333333334,0.8249166666666666,0.6746741913199475,0.8226108509168255,0.6746741913199475,0.6747006931316949,0.6747006931316949,0.8226108509168255,0.8226678462597071,0.8226678462597071
BFA,Burkina Faso,Sub-Saharan Africa,Africa,2026,0.40540000000000004,0.5831999999999999,0.7455999999999999,0.8844,0.7112,0.853,0.6951250706394099,0.8430314806557938,0.6951250706394099,0.695130315500686,0.695130315500686,0.8430314806557938,0.8430574400723654,0.8430574400723654
BGD,Bangladesh,South Asia,Asia,2015,0.251,0.406,0.56,0.769,0.484,0.714,0.6182266009852216,0.728218465539662,0.6182266009852216,0.6182266009852216,0.6182266009852216,0.728218465539662,0.728218465539662,0.728218465539662
BGD,Bangladesh,South Asia,Asia,2016,0.315,0.466,0.62,0.807,0.537,0.749,0.6759656652360515,0.7682775712515489,0.6759656652360515,0.6759656652360515,0.6759656652360515,0.7682775712515489,0.7682775712515489,0.7682775712515489
BGD,Bangladesh,South Asia,Asia,2017,0.369,0.516,0.662,0.832,0.585,0.778,0.7151162790697674,0.795673076923077,0.7151162790697674,0.7151162790697674,0.7151162790697674,0.795673076923077,0.795673076923077,0.795673076923077
BGD,Bangladesh,South Asia,Asia,2018,0.407,0.559,0.691,0.862,0.609,0.789,0.7280858676207512,0.8016241299303943,0.7280858676207512,0.7280858676207512,0.7280858676207512,0.8016241299303943,0.8016241299303943,0.8016241299303943
BGD,Bangladesh,South Asia,Asia,2019,0.46491666666666664,0.6124999999999999,0.7345,0.8861666666666667,0.6590833333333334,0.8194166666666667,0.7590434052984226,0.8288226533608567,0.7590434052984226,0.7590476190476191,0.7590476190476191,0.8288226533608567,0.8288508557457214,0.8288508557457214
BGD,Bangladesh,South Asia,Asia,2020,0.5096666666666666,0.6540833333333333,0.7656666666666667,0.9060833333333335,0.6998333333333333,0.8422499999999999,0.7791854111320798,0.8449824540620582,0.7791854111320798,0.7792075423620842,0.7792075423620842,0.8449824540620582,0.8450289708452129,0.8450289708452129
BGD,Bangladesh,South Asia,Asia,2021,0.56075,0.7060833333333333,0.8136666666666666,0.9402499999999999,0.7494166666666667,0.87175,0.794159499475886,0.8653063576060545,0.794159499475886,0.7941697155670955,0.7941697155670955,0.8653063576060545,0.8653726845697067,0.8653726845697067
BGD,Bangladesh,South Asia,Asia,2022,0.6183333333333333,0.7625000000000001,0.8615833333333334,0.9721666666666667,0.7999166666666667,0.902,0.8109282515668692,0.8862269509417632,0.8109282515668692,0.8109289617486337,0.8109289617486337,0.8862269509417632,0.8862506428938797,0.8862506428938797
BGD,Bangladesh,South Asia,Asia,2023,0.6278333333333334,0.7655,0.85175,0.9600833333333333,0.8009166666666667,0.9011666666666667,0.8202165064819936,0.8869755043485382,0.8202165064819936,0.8201611147398216,0.8201611147398216,0.8869755043485382,0.8871625726933426,0.8871625726933426
BGD,Bangladesh,South Asia,Asia,2024,0.6904166666666667,0.8315833333333332,0.9138333333333334,0.9958333333333332,0.8697499999999999,0.9424999999999999,0.830252981387655,0.917554123735275,0.830252981387655,0.8302435113738853,0.8302435113738853,0.917554123735275,0.9176569037656905,0.9176569037656905
BGD,Bangladesh,South Asia,Asia,2025,0.7306666666666667,0.8721666666666666,0.94475,0.9995833333333334,0.906,0.9638333333333332,0.837780195442292,0.9451319931739105,0.837780195442292,0.8377603669023506,0.8377603669023506,0.9451319931739105,0.9451438099208003,0.9451438099208003
BGD,Bangladesh,South Asia,Asia,2026,0.7668,0.9092,0.9712,1.0,0.9354000000000001,0.9808,0.8433796209307237,0.9712,0.8433796209307237,0.8433787945446547,0.8433787945446547,0.9712,0.9712,0.9712
BGR,Bulgaria,Europe & Central Asia,Europe,2015,0.672,0.687,0.833,0.83,0.925,0.987,0.9781659388646288,1.0036144578313253,0.9781659388646288,0.9781659388646288,0.9781659388646288,1.0,1.0036144578313253,1.0
BGR,Bulgaria,Europe & Central Asia,Europe,2016,0.696,0.71,0.845,0.84,0.935,0.993,0.9802816901408451,1.005952380952381,0.9802816901408451,0.9802816901408451,0.9802816901408451,1.0,1.005952380952381,1.0
BGR,Bulgaria,Europe & Central Asia,Europe,2017,0.721,0.735,0.86,0.853,0.945,0.998,0.9809523809523809,1.0082063305978899,0.9809523809523809,0.9809523809523809,0.9809523809523809,1.0,1.0082063305978899,1.0
BGR,Bulgaria,Europe & Central Asia,Europe,2018,0.744,0.759,0.876,0.869,0.952,1.0,0.9802371541501976,1.0080552359033372,0.9802371541501976,0.9802371541501976,0.9802371541501976,1.0,1.0080552359033372,1.0
BGR,Bulgaria,Europe & Central Asia,Europe,2019,0.7695,0.78425,0.8895,0.87925,0.9642499999999999,1.0,0.9812307344965769,1.011666902360781,0.9812307344965769,0.9811922218680267,0.9811922218680267,1.0,1.011657662780779,1.0
BGR,Bulgaria,Europe & Central Asia,Europe,2020,0.7848333333333334,0.79675,0.8973333333333334,0.8802500000000001,0.9759166666666667,1.0,0.9850434460944503,1.019406984035154,0.9850434460944503,0.9850434055015167,0.9850434055015167,1.0,1.0194073653318185,1.0
BGR,Bulgaria,Europe & Central Asia,Europe,2021,0.811,0.8249166666666666,0.9209166666666667,0.902,0.985,1.0,0.9831297195253508,1.020971914264597,0.9831297195253508,0.9831296090514194,0.9831296090514194,1.0,1.0209719142645972,1.0
BGR,Bulgaria,Europe & Central Asia,Europe,2022,0.83875,0.8530000000000001,0.9383333333333334,0.9181666666666667,0.995,1.0,0.9833055826251105,1.0219678047461402,0.9833055826251105,0.9832942555685814,0.9832942555685814,1.0,1.0219640588128518,1.0
BGR,Bulgaria,Europe & Central Asia,Europe,2023,0.8445,0.8584999999999999,0.9387500000000001,0.9193333333333333,0.9958333333333332,1.0,0.9836715255460322,1.0211169980265584,0.9836715255460322,0.9836924868957485,0.9836924868957485,1.0,1.0211203770848443,1.0
BGR,Bulgaria,Europe & Central Asia,Europe,2024,0.8786666666666667,0.8923333333333333,0.9531666666666666,0.9293333333333335,1.0,1.0,0.9846783226649595,1.0256412988802837,0.9846783226649595,0.9846843481509153,0.9846843481509153,1.0,1.0256456241032996,1.0
BGR,Bulgaria,Europe & Central Asia,Europe,2025,0.9011666666666667,0.9158333333333334,0.9639166666666666,0.9384166666666666,1.0,1.0,0.9839828229995858,1.0271743578835626,0.9839828229995858,0.983985441310282,0.983985441310282,1.0,1.027173430423586,1.0
BGR,Bulgaria,Europe & Central Asia,Europe,2026,0.9282,0.9404,0.9718,0.9421999999999999,1.0,1.0,0.9870264419012127,1.0314160191396573,0.9870264419012127,0.9870267971076138,0.9870267971076138,1.0,1.031415835279134,1.0
BHR,Bahrain,Middle East & North Africa,Asia,2015,0.849,0.972,1.0,1.0,0.967,1.0,0.8734567901234568,1.0,0.8734567901234568,0.8734567901234568,0.8734567901234568,1.0,1.0,1.0
BHR,Bahrain,Middle East & North Africa,Asia,2016,0.847,0.959,1.0,1.0,0.954,1.0,0.8832116788321168,1.0,0.8832116788321168,0.8832116788321168,0.8832116788321168,1.0,1.0,1.0
BHR,Bahrain,Middle East & North Africa,Asia,2017,0.842,0.943,1.0,1.0,0.933,0.992,0.8928950159066809,1.0,0.8928950159066809,0.8928950159066809,0.8928950159066809,1.0,1.0,1.0
BHR,Bahrain,Middle East & North Africa,Asia,2018,0.857,0.952,1.0,1.0,0.93,0.987,0.9002100840336135,1.0,0.9002100840336135,0.9002100840336135,0.9002100840336135,1.0,1.0,1.0
BHR,Bahrain,Middle East & North Africa,Asia,2019,0.9364166666666667,1.0,1.0,1.0,0.995,1.0,0.9364166666666667,1.0,0.9364166666666667,0.9364166666666667,0.9364166666666667,1.0,1.0,1.0
BHR,Bahrain,Middle East & North Africa,Asia,2020,0.9353333333333333,1.0,1.0,1.0,0.99625,1.0,0.9353333333333333,1.0,0.9353333333333333,0.9353333333333333,0.9353333333333333,1.0,1.0,1.0
BHR,Bahrain,Middle East & North Africa,Asia,2021,0.9183333333333333,1.0,1.0,1.0,0.9549166666666666,0.9979166666666667,0.9183333333333333,1.0,0.9183333333333333,0.9183333333333333,0.9183333333333333,1.0,1.0,1.0
BHR,Bahrain,Middle East & North Africa,Asia,2022,0.94525,1.0,1.0,1.0,0.9645,0.9999166666666667,0.94525,1.0,0.94525,0.94525,0.94525,1.0,1.0,1.0
BHR,Bahrain,Middle East & North Africa,Asia,2023,0.9430833333333334,0.99775,1.0,1.0,0.9523333333333333,0.9915833333333333,0.9451509522370944,1.0,0.9451509522370944,0.9452100559592417,0.9452100559592417,1.0,1.0,1.0
BHR,Bahrain,Middle East & North Africa,Asia,2024,0.9821666666666666,1.0,1.0,1.0,0.9829166666666667,0.99925,0.9821666666666666,1.0,0.9821666666666666,0.9821666666666666,0.9821666666666666,1.0,1.0,1.0
BHR,Bahrain,Middle East & North Africa,Asia,2025,0.996,1.0,1.0,1.0,0.99225,1.0,0.996,1.0,0.996,0.996,0.996,1.0,1.0,1.0
BHR,Bahrain,Middle East & North Africa,Asia,2026,1.0,1.0,1.0,1.0,1.0,1.0,1.0,1.0,1.0,1.0,1.0,1.0,1.0,1.0
BHS,Bahamas,Latin America & Caribbean,North America,2015,0.734,0.734,0.925,0.902,0.951,1.0,1.0,1.02549889135255,1.0,1.0,1.0,1.0,1.02549889135255,1.0
BHS,Bahamas,Latin America & Caribbean,North America,2016,0.759,0.758,0.935,0.908,0.963,1.0,1.0013192612137203,1.0297356828193833,1.0,1.0013192612137203,1.0,1.0,1.0297356828193833,1.0
BHS,Bahamas,Latin America & Caribbean,North America,2017,0.785,0.784,0.948,0.918,0.975,1.0,1.0012755102040816,1.0326797385620914,1.0,1.0012755102040816,1.0,1.0,1.0326797385620914,1.0
BHS,Bahamas,Latin America & Caribbean,North America,2018,0.808,0.808,0.959,0.928,0.984,1.0,1.0,1.033405172413793,1.0,1.0,1.0,1.0,1.033405172413793,1.0
BHS,Bahamas,Latin America & Caribbean,North America,2019,0.8178333333333333,0.831,0.9754999999999999,0.9555833333333332,0.9780000000000001,1.0,0.9841788827098804,1.0208477353781744,0.9841788827098804,0.9841556357801845,0.9841556357801845,1.0,1.020842417371588,1.0
BHS,Bahamas,Latin America & Caribbean,North America,2020,0.8262499999999999,0.82675,0.9533333333333333,0.9198333333333334,0.996,1.0,0.9994447166795504,1.036455475464935,0.9994447166795504,0.9993952222558209,0.9993952222558209,1.0,1.0364196412393547,1.0
BHS,Bahamas,Latin America & Caribbean,North America,2021,0.8499166666666667,0.8469166666666667,0.9659166666666666,0.9288333333333334,1.0,1.0,1.0035447160481257,1.0399256182606829,1.0,1.003542261143363,1.0,1.0,1.0399246366409474,1.0
BHS,Bahamas,Latin America & Caribbean,North America,2022,0.8958333333333334,0.8929166666666667,0.9899999999999999,0.9510833333333334,1.0,1.0,1.0032703784273207,1.040918741456281,1.0,1.0032664489034064,1.0,1.0,1.0409182511171469,1.0
BHS,Bahamas,Latin America & Caribbean,North America,2023,0.9087500000000001,0.9101666666666667,0.9984166666666666,0.9638333333333332,1.0,1.0,0.9984411605973676,1.0359105531913633,0.9984411605973676,0.998443508514924,0.998443508514924,1.0,1.0358810306069515,1.0
BHS,Bahamas,Latin America & Caribbean,North America,2024,0.9530833333333333,0.9562499999999999,1.0,0.981,1.0,1.0,0.9966824951924242,1.0193729333886032,0.9966824951924242,0.9966884531590414,0.9966884531590414,1.0,1.019367991845056,1.0
BHS,Bahamas,Latin America & Caribbean,North America,2025,0.984,0.9910833333333334,1.0,0.9975,1.0,1.0,0.9928574244575996,1.0025229196527359,0.9928574244575996,0.9928529387034389,0.9928529387034389,1.0,1.0025062656641603,1.0
BHS,Bahamas,Latin America & Caribbean,North America,2026,1.0,1.0,1.0,1.0,1.0,1.0,1.0,1.0,1.0,1.0,1.0,1.0,1.0,1.0
BIH,Bosnia and Herzegovina,Europe & Central Asia,Europe,2015,0.552,0.638,0.793,0.88,0.795,0.903,0.865203761755486,0.9011363636363636,0.865203761755486,0.865203761755486,0.865203761755486,0.9011363636363636,0.9011363636363636,0.9011363636363636
BIH,Bosnia and Herzegovina,Europe & Central Asia,Europe,2016,0.582,0.664,0.803,0.886,0.808,0.909,0.8765060240963854,0.9063205417607224,0.8765060240963854,0.8765060240963854,0.8765060240963854,0.9063205417607224,0.9063205417607224,0.9063205417607224
BIH,Bosnia and Herzegovina,Europe & Central Asia,Europe,2017,0.605,0.686,0.813,0.894,0.819,0.914,0.8819241982507288,0.9093959731543624,0.8819241982507288,0.8819241982507288,0.8819241982507288,0.9093959731543624,0.9093959731543624,0.9093959731543624
BIH,Bosnia and Herzegovina,Europe & Central Asia,Europe,2018,0.632,0.71,0.828,0.905,0.831,0.921,0.8901408450704226,0.9149171270718232,0.8901408450704226,0.8901408450704226,0.8901408450704226,0.9149171270718232,0.9149171270718232,0.9149171270718232
BIH,Bosnia and Herzegovina,Europe & Central Asia,Europe,2019,0.66775,0.7384166666666667,0.8411666666666666,0.9061666666666667,0.856,0.9357500000000001,0.9043284943795397,0.9282596491392853,0.9043284943795397,0.9042997404356167,0.9042997404356167,0.9282596491392853,0.9282692661394151,0.9282692661394151
BIH,Bosnia and Herzegovina,Europe & Central Asia,Europe,2020,0.6925833333333333,0.7560833333333333,0.8503333333333334,0.9025833333333333,0.8779166666666667,0.9491666666666666,0.9160146324316162,0.9421110686902533,0.9160146324316162,0.9160145486608618,0.9160145486608618,0.9421110686902533,0.9421106084387407,0.9421106084387407
BIH,Bosnia and Herzegovina,Europe & Central Asia,Europe,2021,0.7300833333333333,0.78825,0.8765000000000001,0.9168333333333334,0.9030833333333333,0.9659166666666666,0.926211020477277,0.9560083002860127,0.926211020477277,0.9262078443810128,0.9262078443810128,0.9560083002860127,0.9560079985457189,0.9560079985457189
BIH,Bosnia and Herzegovina,Europe & Central Asia,Europe,2022,0.7540833333333333,0.80825,0.8842500000000001,0.9196666666666667,0.9162500000000001,0.9726666666666667,0.9329937878365294,0.9614916119922573,0.9329937878365294,0.9329827817300752,0.9329827817300752,0.9614916119922573,0.9614896701703516,0.9614896701703516
BIH,Bosnia and Herzegovina,Europe & Central Asia,Europe,2023,0.7584166666666667,0.8085833333333333,0.8774166666666666,0.9118333333333334,0.9175833333333334,0.9716666666666667,0.9379500651732137,0.9622338805567455,0.9379500651732137,0.9379573327836752,0.9379573327836752,0.9622338805567455,0.9622555291537195,0.9622555291537195
BIH,Bosnia and Herzegovina,Europe & Central Asia,Europe,2024,0.7929166666666667,0.8423333333333334,0.8941666666666667,0.923,0.9365,0.9827499999999999,0.941332680330777,0.9687537624660792,0.941332680330777,0.9413335971507717,0.9413335971507717,0.9687537624660792,0.968761285662694,0.968761285662694
BIH,Bosnia and Herzegovina,Europe & Central Asia,Europe,2025,0.81725,0.8675,0.9058333333333334,0.9326666666666666,0.94775,0.9881666666666667,0.9420793400198234,0.9712270710007357,0.9420793400198234,0.9420749279538905,0.9420749279538905,0.9712270710007357,0.9712294496068621,0.9712294496068621
BIH,Bosnia and Herzegovina,Europe & Central Asia,Europe,2026,0.8404,0.889,0.914,0.937,0.9596,0.9945999999999999,0.9453322013020301,0.9754535193235301,0.9453322013020301,0.94533183352081,0.94533183352081,0.9754535193235301,0.9754535752401281,0.9754535752401281
BLR,Belarus,Europe & Central Asia,Europe,2015,0.608,0.612,0.851,0.817,1.0,1.0,0.9934640522875817,1.0416156670746635,0.9934640522875817,0.9934640522875817,0.9934640522875817,1.0,1.0416156670746635,1.0
BLR,Belarus,Europe & Central Asia,Europe,2016,0.622,0.625,0.848,0.81,1.0,1.0,0.9952,1.0469135802469134,0.9952,0.9952,0.9952,1.0,1.0469135802469134,1.0
BLR,Belarus,Europe & Central Asia,Europe,2017,0.645,0.649,0.866,0.829,1.0,1.0,0.9938366718027735,1.0446320868516286,0.9938366718027735,0.9938366718027735,0.9938366718027735,1.0,1.0446320868516286,1.0
BLR,Belarus,Europe & Central Asia,Europe,2018,0.664,0.671,0.881,0.845,1.0,1.0,0.9895678092399404,1.042603550295858,0.9895678092399404,0.9895678092399404,0.9895678092399404,1.0,1.042603550295858,1.0
BLR,Belarus,Europe & Central Asia,Europe,2019,0.68975,0.6948333333333333,0.8954166666666667,0.8536666666666667,1.0,1.0,0.9926767299156541,1.048768500476671,0.9926767299156541,0.9926840969057328,0.9926840969057328,1.0,1.0489066770792659,1.0
BLR,Belarus,Europe & Central Asia,Europe,2020,0.7093333333333334,0.7098333333333332,0.9128333333333334,0.8560833333333333,1.0,1.0,0.9992951110698369,1.0662836294952671,0.9992951110698369,0.9992956092979575,0.9992956092979575,1.0,1.0662902754794121,1.0
BLR,Belarus,Europe & Central Asia,Europe,2021,0.7281666666666666,0.7318333333333333,0.923,0.8714166666666667,1.0,1.0,0.9949894883541712,1.0591922925385437,0.9949894883541712,0.9949897517649737,0.9949897517649737,1.0,1.0591947977431386,1.0
BLR,Belarus,Europe & Central Asia,Europe,2022,0.75475,0.7565,0.9521666666666667,0.88925,1.0,1.0,0.997683274477556,1.0707281396195123,0.997683274477556,0.9976867151354925,0.9976867151354925,1.0,1.070752506794115,1.0
BLR,Belarus,Europe & Central Asia,Europe,2023,0.7754166666666666,0.7769166666666667,0.9660833333333333,0.8986666666666667,1.0,1.0,0.9980688031098951,1.075011858357114,0.9980688031098951,0.9980692910007508,0.9980692910007508,1.0,1.075018545994065,1.0
BLR,Belarus,Europe & Central Asia,Europe,2024,0.7897500000000001,0.7917500000000001,0.9535833333333333,0.8933333333333334,1.0,1.0,0.9974727471328712,1.0674317085413714,0.9974727471328712,0.9974739501105147,0.9974739501105147,1.0,1.0674440298507462,1.0
BLR,Belarus,Europe & Central Asia,Europe,2025,0.807,0.8091666666666667,0.9530833333333333,0.8949166666666667,1.0,1.0,0.9973219223687434,1.064994814632412,0.9973219223687434,0.9973223480947477,0.9973223480947477,1.0,1.0649967408511034,1.0
BLR,Belarus,Europe & Central Asia,Europe,2026,0.8238,0.8262,0.9512,0.8954000000000001,1.0,1.0,0.9970950165568245,1.0623173451045829,0.9970950165568245,0.9970951343500363,0.9970951343500363,1.0,1.0623185168639713,1.0
BLZ,Belize,Latin America & Caribbean,North America,2015,0.601,0.629,0.81,0.817,0.887,0.974,0.9554848966613672,0.9914320685434518,0.9554848966613672,0.9554848966613672,0.9554848966613672,0.9914320685434518,0.9914320685434518,0.9914320685434518
BLZ,Belize,Latin America & Caribbean,North America,2016,0.626,0.65,0.815,0.818,0.9,0.98,0.963076923076923,0.9963325183374083,0.963076923076923,0.963076923076923,0.963076923076923,0.9963325183374083,0.9963325183374083,0.9963325183374083
BLZ,Belize,Latin America & Caribbean,North America,2017,0.641,0.661,0.818,0.816,0.91,0.985,0.9697428139183055,1.0024509803921569,0.9697428139183055,0.9697428139183055,0.9697428139183055,1.0,1.0024509803921569,1.0
BLZ,Belize,Latin America & Caribbean,North America,2018,0.659,0.677,0.821,0.816,0.919,0.989,0.9734121122599705,1.0061274509803921,0.9734121122599705,0.9734121122599705,0.9734121122599705,1.0,1.0061274509803921,1.0
BLZ,Belize,Latin America & Caribbean,North America,2019,0.69,0.6966666666666667,0.8315,0.8096666666666668,0.9468333333333333,1.0,0.9904502166804253,1.0269684494311073,0.9904502166804253,0.9904306220095693,0.9904306220095693,1.0,1.0269658295594895,1.0
BLZ,Belize,Latin America & Caribbean,North America,2020,0.695,0.7071666666666666,0.8280833333333333,0.8101666666666666,0.9456666666666665,1.0,0.9828530397156005,1.0221371567774804,0.9828530397156005,0.9827951920810747,0.9827951920810747,1.0,1.0221147911952273,1.0
BLZ,Belize,Latin America & Caribbean,North America,2021,0.7420833333333333,0.75,0.8663333333333334,0.8298333333333333,0.9791666666666666,1.0,0.9894614235438706,1.0439913415520372,0.9894614235438706,0.9894444444444445,0.9894444444444445,1.0,1.0439847358907413,1.0
BLZ,Belize,Latin America & Caribbean,North America,2022,0.7315833333333334,0.74375,0.8498333333333333,0.8336666666666667,0.9511666666666666,1.0,0.9836493036432669,1.0193940731541422,0.9836493036432669,0.983641456582633,0.983641456582633,1.0,1.0193922431027589,1.0
BLZ,Belize,Latin America & Caribbean,North America,2023,0.7336666666666667,0.7469166666666666,0.8539166666666667,0.8376666666666667,0.959,1.0,0.9822204750054055,1.019411750569992,0.9822204750054055,0.9822604038826287,0.9822604038826287,1.0,1.019399124552328,1.0
BLZ,Belize,Latin America & Caribbean,North America,2024,0.771,0.7792500000000001,0.8586666666666667,0.8375833333333333,0.9680833333333333,1.0,0.9893991554895766,1.0251790611389884,0.9893991554895766,0.9894128970163618,0.9894128970163618,1.0,1.0251716247139588,1.0
BLZ,Belize,Latin America & Caribbean,North America,2025,0.7974166666666668,0.8048333333333334,0.8675833333333333,0.8435833333333332,0.9781666666666666,1.0,0.9907831133860762,1.028454030159604,0.9907831133860762,0.9907848415821081,0.9907848415821081,1.0,1.0284500642102143,1.0
BLZ,Belize,Latin America & Caribbean,North America,2026,0.825,0.8295999999999999,0.874,0.8469999999999999,0.9874,1.0,0.9944555024826851,1.0318772669532352,0.9944555024826851,0.9944551591128256,0.9944551591128256,1.0,1.0318772136953958,1.0
BMU,Bermuda,North America,North America,2015,0.692,0.709,0.986,0.981,0.916,1.0,0.9760225669957686,1.0050968399592253,0.9760225669957686,0.9760225669957686,0.9760225669957686,1.0,1.0050968399592253,1.0
BMU,Bermuda,North America,North America,2016,0.717,0.731,0.996,0.986,0.931,1.0,0.9808481532147743,1.0101419878296145,0.9808481532147743,0.9808481532147743,0.9808481532147743,1.0,1.0101419878296145,1.0
BMU,Bermuda,North America,North America,2017,0.739,0.751,1.0,0.994,0.941,1.0,0.9840213049267643,1.0060362173038229,0.9840213049267643,0.9840213049267643,0.9840213049267643,1.0,1.0060362173038229,1.0
BMU,Bermuda,North America,North America,2018,0.763,0.774,1.0,0.999,0.955,1.0,0.9857881136950905,1.001001001001001,0.9857881136950905,0.9857881136950905,0.9857881136950905,1.0,1.001001001001001,1.0
BMU,Bermuda,North America,North America,2019,0.7909166666666666,0.8046666666666668,1.0,1.0,0.9618333333333333,1.0,0.9829221378589034,1.0,0.9829221378589034,0.9829121789560893,0.9829121789560893,1.0,1.0,1.0
BMU,Bermuda,North America,North America,2020,0.7984166666666668,0.8066666666666666,1.0,1.0,0.9766666666666666,1.0,0.9897832065579747,1.0,0.9897832065579747,0.9897727272727275,0.9897727272727275,1.0,1.0,1.0
BMU,Bermuda,North America,North America,2021,0.8124166666666667,0.8153333333333332,1.0,1.0,0.9926666666666666,1.0,0.9964253876480628,1.0,0.9964253876480628,0.9964227309893705,0.9964227309893705,1.0,1.0,1.0
BMU,Bermuda,North America,North America,2022,0.8371666666666666,0.8412499999999999,1.0,1.0,0.9991666666666666,1.0,0.9951473620279853,1.0,0.9951473620279853,0.9951461119366023,0.9951461119366023,1.0,1.0,1.0
BMU,Bermuda,North America,North America,2023,0.8534999999999999,0.8631666666666667,1.0,1.0,1.0,1.0,0.9888048039503968,1.0,0.9888048039503968,0.9888009268198492,0.9888009268198492,1.0,1.0,1.0
BMU,Bermuda,North America,North America,2024,0.8864166666666667,0.8941666666666667,1.0,1.0,1.0,1.0,0.9913310463659823,1.0,0.9913310463659823,0.9913327120223673,0.9913327120223673,1.0,1.0,1.0
BMU,Bermuda,North America,North America,2025,0.9122500000000001,0.9240833333333334,1.0,1.0,1.0,1.0,0.9872005669483718,1.0,0.9872005669483718,0.9871945170890072,0.9871945170890072,1.0,1.0,1.0
BMU,Bermuda,North America,North America,2026,0.9408,0.9532,1.0,1.0,1.0,1.0,0.9869936872268372,1.0,0.9869936872268372,0.9869911875786822,0.9869911875786822,1.0,1.0,1.0
BOL,"Bolivia, Plurinational State of",Latin America & Caribbean,South America,2015,0.562,0.644,0.822,0.87,0.86,0.951,0.8726708074534162,0.9448275862068966,0.8726708074534162,0.8726708074534162,0.8726708074534162,0.9448275862068966,0.9448275862068966,0.9448275862068966
BOL,"Bolivia, Plurinational State of",Latin America & Caribbean,South America,2016,0.592,0.671,0.826,0.872,0.871,0.955,0.8822652757078986,0.9472477064220183,0.8822652757078986,0.8822652757078986,0.8822652757078986,0.9472477064220183,0.9472477064220183,0.9472477064220183
BOL,"Bolivia, Plurinational State of",Latin America & Caribbean,South America,2017,0.627,0.7,0.84,0.878,0.889,0.966,0.8957142857142858,0.9567198177676537,0.8957142857142858,0.8957142857142858,0.8957142857142858,0.9567198177676537,0.9567198177676537,0.9567198177676537
BOL,"Bolivia, Plurinational State of",Latin America & Caribbean,South America,2018,0.66,0.726,0.851,0.881,0.908,0.976,0.9090909090909092,0.9659477866061293,0.9090909090909092,0.9090909090909092,0.9090909090909092,0.9659477866061293,0.9659477866061293,0.9659477866061293
BOL,"Bolivia, Plurinational State of",Latin America & Caribbean,South America,2019,0.6775000000000001,0.7404999999999999,0.8518333333333333,0.8794166666666667,0.9144166666666668,0.9785833333333334,0.9149345695153346,0.9686282293504824,0.9149345695153346,0.9149223497636734,0.9149223497636734,0.9686282293504824,0.9686345115133137,0.9686345115133137
BOL,"Bolivia, Plurinational State of",Latin America & Caribbean,South America,2020,0.6927499999999999,0.7475833333333334,0.8548333333333332,0.8649999999999999,0.9380000000000001,0.9948333333333333,0.9266534974502018,0.9882406273397472,0.9266534974502018,0.9266525470961986,0.9266525470961986,0.9882406273397472,0.9882466281310212,0.9882466281310212
BOL,"Bolivia, Plurinational State of",Latin America & Caribbean,South America,2021,0.7312500000000001,0.7828333333333334,0.87475,0.87675,0.9581666666666666,1.0,0.9341099929187401,0.9977173063539694,0.9341099929187401,0.9341068767298276,0.9341068767298276,0.9977173063539694,0.9977188480182492,0.9977188480182492
BOL,"Bolivia, Plurinational State of",Latin America & Caribbean,South America,2022,0.7604166666666666,0.8120833333333333,0.8878333333333334,0.8898333333333334,0.9676666666666667,1.0,0.9363937814206794,0.9977486610897622,0.9363937814206794,0.9363776295536173,0.9363776295536173,0.9977486610897622,0.9977523880876569,0.9977523880876569
BOL,"Bolivia, Plurinational State of",Latin America & Caribbean,South America,2023,0.751,0.7955833333333334,0.8649166666666667,0.8682500000000001,0.9579166666666666,0.9981666666666666,0.9439494639761996,0.9961241807374549,0.9439494639761996,0.9439614538598512,0.9439614538598512,0.9961241807374549,0.9961608599673673,0.9961608599673673
BOL,"Bolivia, Plurinational State of",Latin America & Caribbean,South America,2024,0.7983333333333333,0.8393333333333333,0.8831666666666668,0.87825,0.9804166666666667,1.0,0.9511424694571602,1.0055866196828969,0.9511424694571602,0.9511517077045275,0.9511517077045275,1.0,1.005598254103805,1.0
BOL,"Bolivia, Plurinational State of",Latin America & Caribbean,South America,2025,0.8241666666666667,0.8678333333333333,0.9001666666666667,0.8930000000000001,0.9944999999999999,1.0,0.9496716003251126,1.0080182395156025,0.9496716003251126,0.9496831188784329,0.9496831188784329,1.0,1.0080253826054497,1.0
BOL,"Bolivia, Plurinational State of",Latin America & Caribbean,South America,2026,0.8533999999999999,0.8981999999999999,0.9166000000000001,0.9057999999999999,1.0,1.0,0.950122754557774,1.0119237169220043,0.950122754557774,0.9501224671565354,0.9501224671565354,1.0,1.0119231618458822,1.0
BRA,Brazil,Latin America & Caribbean,South America,2015,0.639,0.637,0.806,0.793,0.91,0.988,1.0031397174254317,1.0163934426229508,1.0,1.0031397174254317,1.0,1.0,1.0163934426229508,1.0
BRA,Brazil,Latin America & Caribbean,South America,2016,0.66,0.656,0.814,0.798,0.922,0.994,1.0060975609756098,1.020050125313283,1.0,1.0060975609756098,1.0,1.0,1.020050125313283,1.0
BRA,Brazil,Latin America & Caribbean,South America,2017,0.686,0.683,0.832,0.815,0.933,0.999,1.0043923865300146,1.0208588957055216,1.0,1.0043923865300146,1.0,1.0,1.0208588957055216,1.0
BRA,Brazil,Latin America & Caribbean,South America,2018,0.704,0.7,0.834,0.814,0.943,1.0,1.0057142857142858,1.0245700245700247,1.0,1.0057142857142858,1.0,1.0,1.0245700245700247,1.0
BRA,Brazil,Latin America & Caribbean,South America,2019,0.7234166666666666,0.7173333333333334,0.8396666666666667,0.8159166666666665,0.9559166666666666,1.0,1.008483966099208,1.029109242762311,1.0,1.0084804832713754,1.0,1.0,1.0291083648248394,1.0
BRA,Brazil,Latin America & Caribbean,South America,2020,0.7333333333333334,0.72575,0.8304166666666667,0.8030833333333334,0.965,1.0,1.0104598240175164,1.0340388490745924,1.0,1.0104489608451028,1.0,1.0,1.0340354882224758,1.0
BRA,Brazil,Latin America & Caribbean,South America,2021,0.7630833333333333,0.7544166666666667,0.8509166666666667,0.8166666666666665,0.981,1.0,1.0114891573254727,1.0419392383372925,1.0,1.0114879045620235,1.0,1.0,1.0419387755102043,1.0
BRA,Brazil,Latin America & Caribbean,South America,2022,0.7872500000000001,0.77725,0.8661666666666666,0.8302499999999999,0.9905833333333334,1.0,1.0128757077945723,1.0432631981612013,1.0,1.0128658732711484,1.0,1.0,1.043260062230252,1.0
BRA,Brazil,Latin America & Caribbean,South America,2023,0.7940833333333334,0.7861666666666668,0.8756666666666666,0.83875,1.0,1.0,1.010045073644315,1.0440363270430681,1.0,1.010069959720161,1.0,1.0,1.04401390958768,1.0
BRA,Brazil,Latin America & Caribbean,South America,2024,0.82475,0.8140833333333334,0.8808333333333334,0.8408333333333333,1.0,1.0,1.0130978716403967,1.0475761153214307,1.0,1.0131026717166547,1.0,1.0,1.047571853320119,1.0
BRA,Brazil,Latin America & Caribbean,South America,2025,0.8425833333333332,0.8311666666666667,0.8870833333333333,0.8449166666666666,1.0,1.0,1.0137298750042834,1.0499082131769246,1.0,1.0137357128534188,1.0,1.0,1.0499063023966861,1.0
BRA,Brazil,Latin America & Caribbean,South America,2026,0.8597999999999999,0.8446,0.8936,0.8455999999999999,1.0,1.0,1.0180995826450003,1.0568386612319252,1.0,1.017996684821217,1.0,1.0,1.056764427625355,1.0
BRB,Barbados,Latin America & Caribbean,North America,2015,0.724,0.716,0.899,0.859,0.972,1.0,1.011173184357542,1.0465657741559953,1.0,1.011173184357542,1.0,1.0,1.0465657741559953,1.0
BRB,Barbados,Latin America & Caribbean,North America,2016,0.763,0.748,0.918,0.863,0.999,1.0,1.0200534759358288,1.063731170336037,1.0,1.0200534759358288,1.0,1.0,1.063731170336037,1.0
BRB,Barbados,Latin America & Caribbean,North America,2017,0.775,0.766,0.922,0.877,0.994,1.0,1.0117493472584858,1.0513112884834663,1.0,1.0117493472584858,1.0,1.0,1.0513112884834663,1.0
BRB,Barbados,Latin America & Caribbean,North America,2018,0.799,0.789,0.933,0.885,1.0,1.0,1.0126742712294043,1.0542372881355933,1.0,1.0126742712294043,1.0,1.0,1.0542372881355933,1.0
BRB,Barbados,Latin America & Caribbean,North America,2019,0.8283333333333333,0.8205,0.9502499999999999,0.899,1.0,1.0,1.0095574071979954,1.0570083218816437,1.0,1.0095470241722526,1.0,1.0,1.0570077864293659,1.0
BRB,Barbados,Latin America & Caribbean,North America,2020,0.8408333333333333,0.8301666666666666,0.9463333333333334,0.8918333333333334,1.0,1.0,1.0128513586801953,1.061110301165021,1.0,1.012848825537041,1.0,1.0,1.0611100728835732,1.0
BRB,Barbados,Latin America & Caribbean,North America,2021,0.86475,0.8551666666666667,0.9583333333333334,0.9026666666666667,1.0,1.0,1.0112079578809918,1.0616702237771043,1.0,1.0112063925160786,1.0,1.0,1.0616691285081241,1.0
BRB,Barbados,Latin America & Caribbean,North America,2022,0.8916666666666666,0.8785833333333333,0.9730833333333333,0.9126666666666666,1.0,1.0,1.0148933833004403,1.0661994847161422,1.0,1.0148913971355402,1.0,1.0,1.0661979547114682,1.0
BRB,Barbados,Latin America & Caribbean,North America,2023,0.9045833333333334,0.8951666666666668,0.9834166666666667,0.9239166666666666,1.0,1.0,1.010503744753078,1.0644112909202785,1.0,1.0105194563396016,1.0,1.0,1.0643997474519709,1.0
BRB,Barbados,Latin America & Caribbean,North America,2024,0.9475833333333332,0.93975,0.9996666666666667,0.9406666666666667,1.0,1.0,1.0083352697602768,1.062729362730314,1.0,1.0083355502349916,1.0,1.0,1.0627214741318214,1.0
BRB,Barbados,Latin America & Caribbean,North America,2025,0.969,0.9596666666666667,1.0,0.9441666666666667,1.0,1.0,1.009723813334649,1.0591377764455716,1.0,1.0097255991663772,1.0,1.0,1.0591350397175638,1.0
BRB,Barbados,Latin America & Caribbean,North America,2026,0.9974000000000001,0.9892,1.0,0.9554,1.0,1.0,1.0082918727669077,1.0466873435103181,1.0,1.0082895268904166,1.0,1.0,1.0466820180029306,1.0
BRN,Brunei Darussalam,East Asia & Pacific,Asia,2015,0.851,0.892,1.0,1.0,0.985,1.0,0.9540358744394618,1.0,0.9540358744394618,0.9540358744394618,0.9540358744394618,1.0,1.0,1.0
BRN,Brunei Darussalam,East Asia & Pacific,Asia,2016,0.859,0.899,1.0,1.0,0.99,1.0,0.9555061179087875,1.0,0.9555061179087875,0.9555061179087875,0.9555061179087875,1.0,1.0,1.0
BRN,Brunei Darussalam,East Asia & Pacific,Asia,2017,0.879,0.917,1.0,1.0,1.0,1.0,0.9585605234460196,1.0,0.9585605234460196,0.9585605234460196,0.9585605234460196,1.0,1.0,1.0
BRN,Brunei Darussalam,East Asia & Pacific,Asia,2018,0.888,0.93,1.0,1.0,0.998,1.0,0.9548387096774194,1.0,0.9548387096774194,0.9548387096774194,0.9548387096774194,1.0,1.0,1.0
BRN,Brunei Darussalam,East Asia & Pacific,Asia,2019,0.9053333333333334,0.9470833333333334,1.0,1.0,1.0,1.0,0.9559459364798876,1.0,0.9559459364798876,0.9559172899252091,0.9559172899252091,1.0,1.0,1.0
BRN,Brunei Darussalam,East Asia & Pacific,Asia,2020,0.9195833333333333,0.96125,1.0,1.0,1.0,1.0,0.9567012456399259,1.0,0.9567012456399259,0.9566536627654962,0.9566536627654962,1.0,1.0,1.0
BRN,Brunei Darussalam,East Asia & Pacific,Asia,2021,0.9476666666666667,0.9963333333333333,1.0,1.0,1.0,1.0,0.9511619804701597,1.0,0.9511619804701597,0.9511542321846772,0.9511542321846772,1.0,1.0,1.0
BRN,Brunei Darussalam,East Asia & Pacific,Asia,2022,0.9519166666666666,0.9885,1.0,1.0,1.0,1.0,0.9629960988270398,1.0,0.9629960988270398,0.9629910639015342,0.9629910639015342,1.0,1.0,1.0
BRN,Brunei Darussalam,East Asia & Pacific,Asia,2023,0.951,0.9867499999999999,1.0,1.0,1.0,1.0,0.9637203644595096,1.0,0.9637203644595096,0.9637699518621738,0.9637699518621738,1.0,1.0,1.0
BRN,Brunei Darussalam,East Asia & Pacific,Asia,2024,0.9977499999999999,1.0,1.0,1.0,1.0,1.0,0.9977499999999999,1.0,0.9977499999999999,0.9977499999999999,0.9977499999999999,1.0,1.0,1.0
BRN,Brunei Darussalam,East Asia & Pacific,Asia,2025,1.0,1.0,1.0,1.0,1.0,1.0,1.0,1.0,1.0,1.0,1.0,1.0,1.0,1.0
BRN,Brunei Darussalam,East Asia & Pacific,Asia,2026,1.0,1.0,1.0,1.0,1.0,1.0,1.0,1.0,1.0,1.0,1.0,1.0,1.0,1.0
BTN,Bhutan,South Asia,Asia,2015,0.453,0.527,0.756,0.804,0.813,0.927,0.8595825426944972,0.9402985074626865,0.8595825426944972,0.8595825426944972,0.8595825426944972,0.9402985074626865,0.9402985074626865,0.9402985074626865
BTN,Bhutan,South Asia,Asia,2016,0.467,0.544,0.754,0.815,0.806,0.918,0.8584558823529411,0.9251533742331289,0.8584558823529411,0.8584558823529411,0.8584558823529411,0.9251533742331289,0.9251533742331289,0.9251533742331289
BTN,Bhutan,South Asia,Asia,2017,0.503,0.574,0.772,0.826,0.822,0.928,0.8763066202090594,0.9346246973365618,0.8763066202090594,0.8763066202090594,0.8763066202090594,0.9346246973365618,0.9346246973365618,0.9346246973365618
BTN,Bhutan,South Asia,Asia,2018,0.555,0.609,0.787,0.816,0.866,0.954,0.9113300492610839,0.9644607843137256,0.9113300492610839,0.9113300492610839,0.9113300492610839,0.9644607843137256,0.9644607843137256,0.9644607843137256
BTN,Bhutan,South Asia,Asia,2019,0.6050833333333333,0.6533333333333333,0.8130000000000001,0.8266666666666667,0.8975,0.9733333333333333,0.9261535640964028,0.9834686066339255,0.9261535640964028,0.9261479591836734,0.9261479591836734,0.9834686066339255,0.9834677419354839,0.9834677419354839
BTN,Bhutan,South Asia,Asia,2020,0.6328333333333334,0.6636666666666667,0.7986666666666666,0.7978333333333333,0.9195833333333333,0.9845833333333333,0.9535576537050215,1.0010692413867732,0.9535576537050215,0.9535409342039176,0.9535409342039176,1.0,1.0010444955086693,1.0
BTN,Bhutan,South Asia,Asia,2021,0.6609166666666667,0.6809166666666667,0.8023333333333333,0.7916666666666666,0.9347500000000001,0.99375,0.9706426045707054,1.0134792552333474,0.9706426045707054,0.9706278301309509,0.9706278301309509,1.0,1.0134736842105263,1.0
BTN,Bhutan,South Asia,Asia,2022,0.67125,0.6914166666666666,0.79325,0.7913333333333333,0.9265833333333333,0.98575,0.9708407769620715,1.0024223236908776,0.9708407769620715,0.970832831143787,0.970832831143787,1.0,1.0024220724515585,1.0
BTN,Bhutan,South Asia,Asia,2023,0.6773333333333333,0.6969166666666666,0.7955833333333334,0.7925833333333334,0.9338333333333334,0.9881666666666667,0.9718597603664699,1.00379585486488,0.9718597603664699,0.9719000358722947,0.9719000358722947,1.0,1.003785090947324,1.0
BTN,Bhutan,South Asia,Asia,2024,0.7148333333333333,0.7299166666666667,0.8011666666666667,0.7934166666666668,0.9441666666666667,0.9943333333333334,0.9793255576671546,1.0097764726292022,0.9793255576671546,0.9793355405868249,0.9793355405868249,1.0,1.0097678815250497,1.0
BTN,Bhutan,South Asia,Asia,2025,0.7360833333333333,0.7449166666666667,0.7984166666666668,0.7865833333333333,0.9510833333333334,0.99775,0.9881379794035706,1.0150453579493335,0.9881379794035706,0.9881418503188276,0.9881418503188276,1.0,1.0150439665218776,1.0
BTN,Bhutan,South Asia,Asia,2026,0.7612,0.7642,0.7968,0.781,0.9574,1.0,0.9960753426438437,1.0202311950298928,0.9960753426438437,0.9960743260926459,0.9960743260926459,1.0,1.0202304737516004,1.0
BWA,Botswana,Sub-Saharan Africa,Africa,2015,0.536,0.581,0.805,0.825,0.863,0.959,0.9225473321858865,0.9757575757575758,0.9225473321858865,0.9225473321858865,0.9225473321858865,0.9757575757575758,0.9757575757575758,0.9757575757575758
BWA,Botswana,Sub-Saharan Africa,Africa,2016,0.575,0.615,0.822,0.836,0.882,0.969,0.9349593495934959,0.9832535885167464,0.9349593495934959,0.9349593495934959,0.9349593495934959,0.9832535885167464,0.9832535885167464,0.9832535885167464
BWA,Botswana,Sub-Saharan Africa,Africa,2017,0.61,0.646,0.835,0.843,0.898,0.978,0.9442724458204333,0.9905100830367735,0.9442724458204333,0.9442724458204333,0.9442724458204333,0.9905100830367735,0.9905100830367735,0.9905100830367735
BWA,Botswana,Sub-Saharan Africa,Africa,2018,0.622,0.662,0.84,0.854,0.896,0.976,0.9395770392749244,0.9836065573770492,0.9395770392749244,0.9395770392749244,0.9395770392749244,0.9836065573770492,0.9836065573770492,0.9836065573770492
BWA,Botswana,Sub-Saharan Africa,Africa,2019,0.65125,0.68675,0.8475,0.8528333333333333,0.9147500000000001,0.9860000000000001,0.9483123495447927,0.9937474880168412,0.9483123495447927,0.9483072442664725,0.9483072442664725,0.9937474880168412,0.9937463357435998,0.9937463357435998
BWA,Botswana,Sub-Saharan Africa,Africa,2020,0.6829166666666667,0.71,0.8516666666666666,0.8429166666666666,0.9399166666666666,0.9994999999999999,0.9618652370004482,1.0103800869645088,0.9618652370004482,0.9618544600938969,0.9618544600938969,1.0,1.0103806228373702,1.0
BWA,Botswana,Sub-Saharan Africa,Africa,2021,0.7123333333333334,0.7381666666666667,0.8853333333333334,0.8630833333333333,0.96175,1.0,0.9650037834506313,1.0257796715545069,0.9650037834506313,0.9650033867690223,0.9650033867690223,1.0,1.0257796659264267,1.0
BWA,Botswana,Sub-Saharan Africa,Africa,2022,0.7563333333333334,0.77475,0.8929166666666667,0.867,0.9778333333333333,1.0,0.9762309029876564,1.0298922799307724,0.9762309029876564,0.9762288910401206,0.9762288910401206,1.0,1.0298923490965013,1.0
BWA,Botswana,Sub-Saharan Africa,Africa,2023,0.7674166666666666,0.7861666666666668,0.8969999999999999,0.8706666666666667,0.9838333333333332,1.0,0.9761307352235558,1.0302455806778326,0.9761307352235558,0.9761500953996182,0.9761500953996182,1.0,1.0302450229709035,1.0
BWA,Botswana,Sub-Saharan Africa,Africa,2024,0.818,0.8343333333333334,0.9157500000000001,0.8823333333333334,0.9994166666666667,1.0,0.980412406849312,1.037871016064157,0.980412406849312,0.9804234918098281,0.9804234918098281,1.0,1.0378730638458633,1.0
BWA,Botswana,Sub-Saharan Africa,Africa,2025,0.8469166666666667,0.8605833333333334,0.9235833333333333,0.8859166666666667,1.0,1.0,0.9841216166618106,1.0425154347596783,0.9841216166618106,0.9841192989251476,0.9841192989251476,1.0,1.0425171667764086,1.0
BWA,Botswana,Sub-Saharan Africa,Africa,2026,0.8754,0.8855999999999999,0.9298,0.8882,1.0,1.0,0.9884827262942342,1.0468365556010908,0.9884827262942342,0.9884823848238482,0.9884823848238482,1.0,1.0468362981310515,1.0
CAF,Central African Republic,Sub-Saharan Africa,Africa,2015,0.0,0.051,0.317,0.521,0.345,0.645,0.0,0.6084452975047985,0.0,0.0,0.0,0.6084452975047985,0.6084452975047985,0.6084452975047985
CAF,Central African Republic,Sub-Saharan Africa,Africa,2016,0.0,0.081,0.336,0.533,0.366,0.657,0.0,0.6303939962476548,0.0,0.0,0.0,0.6303939962476548,0.6303939962476548,0.6303939962476548
CAF,Central African Republic,Sub-Saharan Africa,Africa,2017,0.0,0.112,0.357,0.549,0.386,0.668,0.0,0.6502732240437158,0.0,0.0,0.0,0.6502732240437158,0.6502732240437158,0.6502732240437158
CAF,Central African Republic,Sub-Saharan Africa,Africa,2018,0.017,0.143,0.375,0.561,0.407,0.679,0.1188811188811189,0.6684491978609625,0.1188811188811189,0.1188811188811189,0.1188811188811189,0.6684491978609625,0.6684491978609625,0.6684491978609625
CAF,Central African Republic,Sub-Saharan Africa,Africa,2019,0.042333333333333334,0.16625,0.38058333333333333,0.5639166666666666,0.41816666666666663,0.68325,0.2546083965173497,0.674889256039628,0.2546083965173497,0.2546365914786967,0.2546365914786967,0.674889256039628,0.6748928624205704,0.6748928624205704
CAF,Central African Republic,Sub-Saharan Africa,Africa,2020,0.07391666666666667,0.19466666666666668,0.40425,0.57475,0.44966666666666666,0.7024166666666667,0.37966649585808615,0.7033377261637924,0.37966649585808615,0.379708904109589,0.379708904109589,0.7033377261637924,0.7033492822966507,0.7033492822966507
CAF,Central African Republic,Sub-Saharan Africa,Africa,2021,0.09708333333333334,0.218,0.42425,0.5890833333333333,0.47025,0.7143333333333333,0.4453284466282253,0.7201849725987813,0.4453284466282253,0.4453363914373089,0.4453363914373089,0.7201849725987813,0.7201867307964352,0.7201867307964352
CAF,Central African Republic,Sub-Saharan Africa,Africa,2022,0.11666666666666665,0.23666666666666666,0.4294166666666666,0.5912499999999999,0.48416666666666663,0.7205833333333334,0.4929312753242174,0.7262788667975895,0.4929312753242174,0.4929577464788732,0.4929577464788732,0.7262788667975895,0.7262861169837914,0.7262861169837914
CAF,Central African Republic,Sub-Saharan Africa,Africa,2023,0.134,0.25375,0.43083333333333335,0.5929166666666666,0.4845,0.7195833333333334,0.528023480381052,0.7266146241995605,0.528023480381052,0.5280788177339902,0.5280788177339902,0.7266146241995605,0.7266338721011947,0.7266338721011947
CAF,Central African Republic,Sub-Saharan Africa,Africa,2024,0.16425,0.28583333333333333,0.45366666666666666,0.6104166666666667,0.5084166666666666,0.733,0.5745928028696815,0.7431833142345275,0.5745928028696815,0.5746355685131196,0.5746355685131196,0.7431833142345275,0.7432081911262798,0.7432081911262798
CAF,Central African Republic,Sub-Saharan Africa,Africa,2025,0.19525,0.32,0.4795,0.6315000000000001,0.5345833333333333,0.7475,0.6101403743639627,0.759289059817085,0.6101403743639627,0.61015625,0.61015625,0.759289059817085,0.7593032462391132,0.7593032462391132
CAF,Central African Republic,Sub-Saharan Africa,Africa,2026,0.23399999999999999,0.3618,0.5122,0.6562,0.5656,0.7658,0.6467686447309702,0.7805524475071678,0.6467686447309702,0.6467661691542288,0.6467661691542288,0.7805524475071678,0.7805547089302042,0.7805547089302042
CAN,Canada,North America,North America,2015,0.803,0.782,0.923,0.908,0.973,1.0,1.026854219948849,1.0165198237885462,1.0,1.026854219948849,1.0,1.0,1.0165198237885462,1.0
CAN,Canada,North America,North America,2016,0.825,0.805,0.929,0.913,0.979,1.0,1.0248447204968942,1.0175246440306682,1.0,1.0248447204968942,1.0,1.0,1.0175246440306682,1.0
CAN,Canada,North America,North America,2017,0.852,0.832,0.943,0.925,0.987,1.0,1.0240384615384615,1.0194594594594593,1.0,1.0240384615384615,1.0,1.0,1.0194594594594593,1.0
CAN,Canada,North America,North America,2018,0.876,0.857,0.955,0.936,0.995,1.0,1.0221703617269544,1.0202991452991452,1.0,1.0221703617269544,1.0,1.0,1.0202991452991452,1.0
CAN,Canada,North America,North America,2019,0.9048333333333334,0.88625,0.9645,0.9445,1.0,1.0,1.0209719172449432,1.021178895209259,1.0,1.020968500235073,1.0,1.0,1.0211752249867656,1.0
CAN,Canada,North America,North America,2020,0.92175,0.90725,0.9749166666666667,0.9539166666666666,1.0,1.0,1.0159987186329273,1.0220220342000794,1.0,1.0159823642876824,1.0,1.0,1.022014501616144,1.0
CAN,Canada,North America,North America,2021,0.9511666666666666,0.92725,0.9838333333333332,0.9554999999999999,1.0,1.0,1.0258109553334664,1.0296641230301156,1.0,1.0257931158443425,1.0,1.0,1.029652886795744,1.0
CAN,Canada,North America,North America,2022,0.9779166666666667,0.9598333333333332,1.0,0.977,1.0,1.0,1.0188412084276781,1.0235434204163125,1.0,1.0188400764021532,1.0,1.0,1.0235414534288638,1.0
CAN,Canada,North America,North America,2023,0.9945833333333334,0.9840833333333333,1.0,0.99375,1.0,1.0,1.0106752947323971,1.0063296614323203,1.0,1.010669828097214,1.0,1.0,1.0062893081761006,1.0
CAN,Canada,North America,North America,2024,1.0,1.0,1.0,1.0,1.0,1.0,1.0,1.0,1.0,1.0,1.0,1.0,1.0,1.0
CAN,Canada,North America,North America,2025,1.0,1.0,1.0,1.0,1.0,1.0,1.0,1.0,1.0,1.0,1.0,1.0,1.0,1.0
CAN,Canada,North America,North America,2026,1.0,1.0,1.0,1.0,1.0,1.0,1.0,1.0,1.0,1.0,1.0,1.0,1.0,1.0
CHE,Switzerland,Europe & Central Asia,Europe,2015,0.847,0.87,1.0,1.0,0.936,0.998,0.9735632183908046,1.0,0.9735632183908046,0.9735632183908046,0.9735632183908046,1.0,1.0,1.0
CHE,Switzerland,Europe & Central Asia,Europe,2016,0.862,0.885,1.0,1.0,0.941,0.999,0.9740112994350282,1.0,0.9740112994350282,0.9740112994350282,0.9740112994350282,1.0,1.0,1.0
CHE,Switzerland,Europe & Central Asia,Europe,2017,0.882,0.904,1.0,1.0,0.954,1.0,0.9756637168141593,1.0,0.9756637168141593,0.9756637168141593,0.9756637168141593,1.0,1.0,1.0
CHE,Switzerland,Europe & Central Asia,Europe,2018,0.902,0.923,1.0,1.0,0.962,1.0,0.9772481040086674,1.0,0.9772481040086674,0.9772481040086674,0.9772481040086674,1.0,1.0,1.0
CHE,Switzerland,Europe & Central Asia,Europe,2019,0.9270833333333334,0.9495833333333333,1.0,1.0,0.9706666666666667,1.0,0.9763209286398061,1.0,0.9763209286398061,0.976305397103993,0.976305397103993,1.0,1.0,1.0
CHE,Switzerland,Europe & Central Asia,Europe,2020,0.9408333333333333,0.9583333333333334,1.0,1.0,0.9849166666666666,1.0,0.9817491394300432,1.0,0.9817491394300432,0.9817391304347826,0.9817391304347826,1.0,1.0,1.0
CHE,Switzerland,Europe & Central Asia,Europe,2021,0.9707499999999999,0.9831666666666666,1.0,1.0,0.9999166666666667,1.0,0.9873741381571572,1.0,0.9873741381571572,0.9873707408035259,0.9873707408035259,1.0,1.0,1.0
CHE,Switzerland,Europe & Central Asia,Europe,2022,0.9910833333333334,1.0,1.0,1.0,1.0,1.0,0.9910833333333334,1.0,0.9910833333333334,0.9910833333333334,0.9910833333333334,1.0,1.0,1.0
CHE,Switzerland,Europe & Central Asia,Europe,2023,0.9945833333333334,1.0,1.0,1.0,1.0,1.0,0.9945833333333334,1.0,0.9945833333333334,0.9945833333333334,0.9945833333333334,1.0,1.0,1.0
CHE,Switzerland,Europe & Central Asia,Europe,2024,1.0,1.0,1.0,1.0,1.0,1.0,1.0,1.0,1.0,1.0,1.0,1.0,1.0,1.0
CHE,Switzerland,Europe & Central Asia,Europe,2025,1.0,1.0,1.0,1.0,1.0,1.0,1.0,1.0,1.0,1.0,1.0,1.0,1.0,1.0
CHE,Switzerland,Europe & Central Asia,Europe,2026,1.0,1.0,1.0,1.0,1.0,1.0,1.0,1.0,1.0,1.0,1.0,1.0,1.0,1.0
CHL,Chile,Latin America & Caribbean,South America,2015,0.726,0.733,0.843,0.859,0.902,0.975,0.990450204638472,0.9813736903376018,0.990450204638472,0.990450204638472,0.990450204638472,0.9813736903376018,0.9813736903376018,0.9813736903376018
CHL,Chile,Latin America & Caribbean,South America,2016,0.748,0.756,0.852,0.867,0.91,0.978,0.9894179894179894,0.9826989619377162,0.9894179894179894,0.9894179894179894,0.9894179894179894,0.9826989619377162,0.9826989619377162,0.9826989619377162
CHL,Chile,Latin America & Caribbean,South America,2017,0.777,0.783,0.869,0.878,0.926,0.987,0.9923371647509579,0.989749430523918,0.9923371647509579,0.9923371647509579,0.9923371647509579,0.989749430523918,0.989749430523918,0.989749430523918
CHL,Chile,Latin America & Caribbean,South America,2018,0.799,0.805,0.881,0.888,0.937,0.992,0.9925465838509316,0.9921171171171171,0.9925465838509316,0.9925465838509316,0.9925465838509316,0.9921171171171171,0.9921171171171171,0.9921171171171171
CHL,Chile,Latin America & Caribbean,South America,2019,0.8205833333333333,0.827,0.8881666666666667,0.8925833333333334,0.9499999999999998,0.9978333333333333,0.992250363663059,0.9950507094282198,0.992250363663059,0.9922410318419992,0.9922410318419992,0.9950507094282198,0.9950518158902063,0.9950518158902063
CHL,Chile,Latin America & Caribbean,South America,2020,0.8268333333333332,0.8310833333333333,0.88325,0.8841666666666667,0.9565833333333332,1.0,0.9948869175966575,0.9989632566568267,0.9948869175966575,0.9948861927203448,0.9948861927203448,0.9989632566568267,0.9989632422243166,0.9989632422243166
CHL,Chile,Latin America & Caribbean,South America,2021,0.86525,0.8696666666666667,0.9094166666666667,0.9075833333333333,0.9695,1.0,0.9949234643716219,1.0020210275832107,0.9949234643716219,0.9949214258336526,0.9949214258336526,1.0,1.002020016527408,1.0
CHL,Chile,Latin America & Caribbean,South America,2022,0.886,0.8834166666666667,0.9077500000000001,0.899,0.9830833333333334,1.0,1.002925544947421,1.0097331706701103,1.0,1.002924252429016,1.0,1.0,1.0097330367074528,1.0
CHL,Chile,Latin America & Caribbean,South America,2023,0.8955833333333333,0.8976666666666667,0.9202500000000001,0.9123333333333333,0.9920833333333333,1.0,0.9976536994273454,1.0086989000101465,0.9976536994273454,0.9976791682138877,0.9976791682138877,1.0,1.0086773839970773,1.0
CHL,Chile,Latin America & Caribbean,South America,2024,0.9344166666666668,0.9370833333333333,0.9362499999999999,0.9246666666666666,1.0,1.0,0.9971479750998878,1.0125285182382118,0.9971479750998878,0.9971542907959094,0.9971542907959094,1.0,1.0125270367700072,1.0
CHL,Chile,Latin America & Caribbean,South America,2025,0.9589166666666666,0.9633333333333333,0.9496666666666665,0.9364166666666667,1.0,1.0,0.9954095554111785,1.0141515823425644,0.9954095554111785,0.9954152249134949,0.9954152249134949,1.0,1.0141496840793804,1.0
CHL,Chile,Latin America & Caribbean,South America,2026,0.9837999999999999,0.9864,0.9564,0.9395999999999999,1.0,1.0,0.9973647247569151,1.0178798260104174,0.9973647247569151,0.9973641524736414,0.9973641524736414,1.0,1.017879948914432,1.0
CIV,Côte d'Ivoire,Sub-Saharan Africa,Africa,2015,0.14,0.303,0.57,0.78,0.479,0.722,0.4620462046204621,0.7307692307692307,0.4620462046204621,0.4620462046204621,0.4620462046204621,0.7307692307692307,0.7307692307692307,0.7307692307692307
CIV,Côte d'Ivoire,Sub-Saharan Africa,Africa,2016,0.154,0.326,0.581,0.803,0.479,0.718,0.4723926380368098,0.7235367372353673,0.4723926380368098,0.4723926380368098,0.4723926380368098,0.7235367372353673,0.7235367372353673,0.7235367372353673
CIV,Côte d'Ivoire,Sub-Saharan Africa,Africa,2017,0.191,0.363,0.604,0.82,0.503,0.73,0.5261707988980716,0.7365853658536585,0.5261707988980716,0.5261707988980716,0.5261707988980716,0.7365853658536585,0.7365853658536585,0.7365853658536585
CIV,Côte d'Ivoire,Sub-Saharan Africa,Africa,2018,0.236,0.403,0.634,0.837,0.538,0.752,0.5856079404466501,0.7574671445639188,0.5856079404466501,0.5856079404466501,0.5856079404466501,0.7574671445639188,0.7574671445639188,0.7574671445639188
CIV,Côte d'Ivoire,Sub-Saharan Africa,Africa,2019,0.2805,0.44608333333333333,0.6613333333333333,0.8531666666666666,0.5714166666666666,0.7709166666666666,0.6287724652532901,0.7751280704314581,0.6287724652532901,0.6288062768541006,0.6288062768541006,0.7751280704314581,0.7751513967571791,0.7751513967571791
CIV,Côte d'Ivoire,Sub-Saharan Africa,Africa,2020,0.31775000000000003,0.4765,0.68375,0.8599166666666666,0.60575,0.7915000000000001,0.666817661124529,0.7951250949877912,0.666817661124529,0.6668415529905563,0.6668415529905563,0.7951250949877912,0.7951351875181705,0.7951351875181705
CIV,Côte d'Ivoire,Sub-Saharan Africa,Africa,2021,0.3555,0.51275,0.7166666666666667,0.8818333333333334,0.642,0.8133333333333334,0.693302677154466,0.812694292677735,0.693302677154466,0.6933203315455875,0.6933203315455875,0.812694292677735,0.8127008127008127,0.8127008127008127
CIV,Côte d'Ivoire,Sub-Saharan Africa,Africa,2022,0.3801666666666667,0.534,0.7226666666666667,0.8825,0.6588333333333334,0.8216666666666667,0.7118769674157903,0.8188556248567916,0.7118769674157903,0.7119225967540574,0.7119225967540574,0.8188556248567916,0.8188857412653447,0.8188857412653447
CIV,Côte d'Ivoire,Sub-Saharan Africa,Africa,2023,0.39199999999999996,0.5436666666666666,0.71975,0.8794166666666667,0.66,0.82075,0.7209379446622498,0.8183587526794324,0.7209379446622498,0.721030042918455,0.721030042918455,0.8183587526794324,0.8184402539562209,0.8184402539562209
CIV,Côte d'Ivoire,Sub-Saharan Africa,Africa,2024,0.45333333333333337,0.6108333333333333,0.7765833333333334,0.9225,0.71475,0.8538333333333333,0.74210255381055,0.8417709180343721,0.74210255381055,0.742155525238745,0.742155525238745,0.8417709180343721,0.8418247515808492,0.8418247515808492
CIV,Côte d'Ivoire,Sub-Saharan Africa,Africa,2025,0.49425,0.65375,0.80775,0.9455833333333333,0.7466666666666667,0.8728333333333333,0.7559996939563743,0.8541973152291545,0.7559996939563743,0.7560229445506692,0.7560229445506692,0.8541973152291545,0.8542345994536,0.8542345994536
CIV,Côte d'Ivoire,Sub-Saharan Africa,Africa,2026,0.5398000000000001,0.7028,0.8448,0.9743999999999999,0.7822,0.8936,0.7680699236294892,0.8669894857749911,0.7680699236294892,0.7680705748434833,0.7680705748434833,0.8669894857749911,0.8669950738916257,0.8669950738916257
CMR,Cameroon,Sub-Saharan Africa,Africa,2015,0.2,0.32,0.569,0.727,0.587,0.778,0.625,0.7826685006877578,0.625,0.625,0.625,0.7826685006877578,0.7826685006877578,0.7826685006877578
CMR,Cameroon,Sub-Saharan Africa,Africa,2016,0.228,0.348,0.582,0.737,0.601,0.785,0.6551724137931035,0.7896879240162822,0.6551724137931035,0.6551724137931035,0.6551724137931035,0.7896879240162822,0.7896879240162822,0.7896879240162822
CMR,Cameroon,Sub-Saharan Africa,Africa,2017,0.263,0.38,0.598,0.748,0.619,0.795,0.6921052631578948,0.7994652406417112,0.6921052631578948,0.6921052631578948,0.6921052631578948,0.7994652406417112,0.7994652406417112,0.7994652406417112
CMR,Cameroon,Sub-Saharan Africa,Africa,2018,0.304,0.417,0.62,0.76,0.644,0.81,0.7290167865707434,0.8157894736842105,0.7290167865707434,0.7290167865707434,0.7290167865707434,0.8157894736842105,0.8157894736842105,0.8157894736842105
CMR,Cameroon,Sub-Saharan Africa,Africa,2019,0.334,0.44716666666666666,0.631,0.7678333333333334,0.6569166666666667,0.81575,0.7469361571524251,0.8217926630521691,0.7469361571524251,0.7469250838613493,0.7469250838613493,0.8217926630521691,0.8217929238115911,0.8217929238115911
CMR,Cameroon,Sub-Saharan Africa,Africa,2020,0.36999999999999994,0.47700000000000004,0.6515000000000001,0.7730833333333335,0.6887500000000001,0.8352499999999999,0.7756742999159444,0.8427230098598352,0.7756742999159444,0.7756813417190774,0.7756813417190774,0.8427230098598352,0.8427293306025655,0.8427293306025655
CMR,Cameroon,Sub-Saharan Africa,Africa,2021,0.395,0.50475,0.6718333333333334,0.791,0.70325,0.8439166666666665,0.7825650170857054,0.8493446562937211,0.7825650170857054,0.7825656265477959,0.7825656265477959,0.8493446562937211,0.8493468183733671,0.8493468183733671
CMR,Cameroon,Sub-Saharan Africa,Africa,2022,0.41933333333333334,0.5255833333333334,0.6763333333333333,0.7908333333333334,0.7196666666666666,0.8511666666666667,0.7978719290329455,0.8552235733030362,0.7978719290329455,0.797843665768194,0.797843665768194,0.8552235733030362,0.8552160168598524,0.8552160168598524
CMR,Cameroon,Sub-Saharan Africa,Africa,2023,0.4343333333333333,0.5395,0.6779166666666666,0.7920833333333334,0.7228333333333333,0.8519166666666665,0.805060982864055,0.8558481696077799,0.805060982864055,0.8050664195242508,0.8050664195242508,0.8558481696077799,0.8558653340347184,0.8558653340347184
CMR,Cameroon,Sub-Saharan Africa,Africa,2024,0.48333333333333334,0.5941666666666666,0.71575,0.82375,0.7534166666666667,0.8701666666666666,0.81345258653376,0.8688647362435238,0.81345258653376,0.8134642356241235,0.8134642356241235,0.8688647362435238,0.8688922610015175,0.8688922610015175
CMR,Cameroon,Sub-Saharan Africa,Africa,2025,0.5186666666666667,0.6323333333333333,0.7401666666666666,0.8431666666666667,0.7752500000000001,0.8829166666666667,0.820240037895131,0.8778273472857174,0.820240037895131,0.8202424881391672,0.8202424881391672,0.8778273472857174,0.8778414706463727,0.8778414706463727
CMR,Cameroon,Sub-Saharan Africa,Africa,2026,0.5532,0.6698000000000001,0.7642,0.8628,0.7968,0.8952,0.8259135806822331,0.8857136155488214,0.8259135806822331,0.8259181845326963,0.8259181845326963,0.8857136155488214,0.8857209086694483,0.8857209086694483
COD,"Congo, The Democratic Republic of the",Sub-Saharan Africa,Africa,2015,0.0,0.107,0.347,0.583,0.364,0.64,0.0,0.5951972555746141,0.0,0.0,0.0,0.5951972555746141,0.5951972555746141,0.5951972555746141
COD,"Congo, The Democratic Republic of the",Sub-Saharan Africa,Africa,2016,0.003,0.139,0.361,0.584,0.395,0.657,0.021582733812949638,0.6181506849315068,0.021582733812949638,0.021582733812949638,0.021582733812949638,0.6181506849315068,0.6181506849315068,0.6181506849315068
COD,"Congo, The Democratic Republic of the",Sub-Saharan Africa,Africa,2017,0.03,0.164,0.374,0.591,0.413,0.667,0.18292682926829268,0.6328257191201354,0.18292682926829268,0.18292682926829268,0.18292682926829268,0.6328257191201354,0.6328257191201354,0.6328257191201354
COD,"Congo, The Democratic Republic of the",Sub-Saharan Africa,Africa,2018,0.071,0.203,0.406,0.612,0.439,0.683,0.34975369458128075,0.6633986928104576,0.34975369458128075,0.34975369458128075,0.34975369458128075,0.6633986928104576,0.6633986928104576,0.6633986928104576
COD,"Congo, The Democratic Republic of the",Sub-Saharan Africa,Africa,2019,0.10741666666666666,0.23399999999999999,0.42166666666666663,0.6176666666666667,0.45675,0.69475,0.4589405410073126,0.6826395036242453,0.4589405410073126,0.45904558404558404,0.45904558404558404,0.6826395036242453,0.682676740420939,0.682676740420939
COD,"Congo, The Democratic Republic of the",Sub-Saharan Africa,Africa,2020,0.14466666666666664,0.264,0.44608333333333333,0.6218333333333333,0.5051666666666667,0.7226666666666667,0.5479431425981952,0.7173504913610578,0.5479431425981952,0.5479797979797979,0.5479797979797979,0.7173504913610578,0.7173679978558027,0.7173679978558027
COD,"Congo, The Democratic Republic of the",Sub-Saharan Africa,Africa,2021,0.17775,0.29616666666666663,0.47441666666666665,0.6404166666666667,0.5325000000000001,0.7395833333333334,0.6001464583588368,0.7407852855041429,0.6001464583588368,0.600168823860439,0.600168823860439,0.7407852855041429,0.7407937540663629,0.7407937540663629
COD,"Congo, The Democratic Republic of the",Sub-Saharan Africa,Africa,2022,0.21458333333333335,0.33466666666666667,0.4995833333333333,0.6628333333333334,0.5485000000000001,0.749,0.6411614345381967,0.7536945707217604,0.6411614345381967,0.6411852589641435,0.6411852589641435,0.7536945707217604,0.7537088257480512,0.7537088257480512
COD,"Congo, The Democratic Republic of the",Sub-Saharan Africa,Africa,2023,0.236,0.3555,0.5086666666666667,0.66925,0.5598333333333333,0.7545833333333333,0.6638258300930425,0.7600385063735119,0.6638258300930425,0.6638537271448663,0.6638537271448663,0.7600385063735119,0.7600547876976715,0.7600547876976715
COD,"Congo, The Democratic Republic of the",Sub-Saharan Africa,Africa,2024,0.27225000000000005,0.39399999999999996,0.5390833333333334,0.6913333333333332,0.5926666666666667,0.7735833333333333,0.6909694583369411,0.7797559690350434,0.6909694583369411,0.6909898477157362,0.6909898477157362,0.7797559690350434,0.7797733847637417,0.7797733847637417
COD,"Congo, The Democratic Republic of the",Sub-Saharan Africa,Africa,2025,0.30191666666666667,0.42366666666666664,0.5605,0.7059166666666666,0.6189166666666667,0.78825,0.7126458004074182,0.7940064929349542,0.7126458004074182,0.7126278520849725,0.7126278520849725,0.7940064929349542,0.7940030692952427,0.7940030692952427
COD,"Congo, The Democratic Republic of the",Sub-Saharan Africa,Africa,2026,0.33340000000000003,0.4586,0.58,0.7236,0.633,0.7964,0.7269950023228532,0.8015439827429341,0.7269950023228532,0.7269952027911034,0.7269952027911034,0.8015439827429341,0.8015478164731895,0.8015478164731895
COG,Congo,Sub-Saharan Africa,Africa,2015,0.258,0.379,0.589,0.761,0.55,0.758,0.6807387862796834,0.773981603153745,0.6807387862796834,0.6807387862796834,0.6807387862796834,0.773981603153745,0.773981603153745,0.773981603153745
COG,Congo,Sub-Saharan Africa,Africa,2016,0.278,0.396,0.595,0.758,0.573,0.77,0.7020202020202021,0.7849604221635883,0.7020202020202021,0.7020202020202021,0.7020202020202021,0.7849604221635883,0.7849604221635883,0.7849604221635883
COG,Congo,Sub-Saharan Africa,Africa,2017,0.3,0.418,0.615,0.772,0.591,0.781,0.7177033492822966,0.7966321243523315,0.7177033492822966,0.7177033492822966,0.7177033492822966,0.7966321243523315,0.7966321243523315,0.7966321243523315
COG,Congo,Sub-Saharan Africa,Africa,2018,0.335,0.454,0.646,0.798,0.614,0.795,0.7378854625550662,0.8095238095238095,0.7378854625550662,0.7378854625550662,0.7378854625550662,0.8095238095238095,0.8095238095238095,0.8095238095238095
COG,Congo,Sub-Saharan Africa,Africa,2019,0.3585,0.47500000000000003,0.6577500000000001,0.8000000000000002,0.636,0.8079166666666667,0.7547361121820861,0.822180310899406,0.7547361121820861,0.754736842105263,0.754736842105263,0.822180310899406,0.8221875,0.8221875
COG,Congo,Sub-Saharan Africa,Africa,2020,0.3873333333333333,0.49666666666666665,0.6627500000000001,0.79025,0.6710833333333334,0.8265833333333332,0.7798535499943089,0.8386439311495538,0.7798535499943089,0.7798657718120805,0.7798657718120805,0.8386439311495538,0.8386586523252136,0.8386586523252136
COG,Congo,Sub-Saharan Africa,Africa,2021,0.4220833333333333,0.5317500000000001,0.6985,0.8194166666666667,0.697,0.84275,0.7937566082762975,0.8524323275361624,0.7937566082762975,0.7937627331139319,0.7937627331139319,0.8524323275361624,0.8524356757856199,0.8524356757856199
COG,Congo,Sub-Saharan Africa,Africa,2022,0.44316666666666665,0.54825,0.7118333333333333,0.8231666666666667,0.7192500000000001,0.8561666666666666,0.8083297620165198,0.8647466953506413,0.8083297620165198,0.808329533363733,0.808329533363733,0.8647466953506413,0.864749949382466,0.864749949382466
COG,Congo,Sub-Saharan Africa,Africa,2023,0.45966666666666667,0.5636666666666666,0.71525,0.8249166666666666,0.7254166666666667,0.8584999999999999,0.8154748367766785,0.8670314376486167,0.8154748367766785,0.8154937906564164,0.8154937906564164,0.8670314376486167,0.8670572785129812,0.8670572785129812
COG,Congo,Sub-Saharan Africa,Africa,2024,0.5043333333333333,0.6100833333333333,0.7493333333333334,0.8494166666666666,0.7615833333333333,0.8800833333333333,0.8266526661908166,0.8821565272651496,0.8266526661908166,0.826663024177025,0.826663024177025,0.8821565272651496,0.8821740410085355,0.8821740410085355
COG,Congo,Sub-Saharan Africa,Africa,2025,0.5338333333333334,0.6385833333333334,0.7663333333333333,0.8600833333333333,0.7831666666666667,0.8921666666666667,0.8359660701386981,0.8909959199512002,0.8359660701386981,0.8359650267519249,0.8359650267519249,0.8909959199512002,0.8909989342118012,0.8909989342118012
COG,Congo,Sub-Saharan Africa,Africa,2026,0.5711999999999999,0.6764,0.7906000000000001,0.8774000000000001,0.8088000000000001,0.907,0.8444703337583691,0.9010714202226996,0.8444703337583691,0.8444707273802483,0.8444707273802483,0.9010714202226996,0.9010713471620698,0.9010713471620698
COL,Colombia,Latin America & Caribbean,South America,2015,0.651,0.664,0.819,0.812,0.918,0.99,0.9804216867469879,1.0086206896551724,0.9804216867469879,0.9804216867469879,0.9804216867469879,1.0,1.0086206896551724,1.0
COL,Colombia,Latin America & Caribbean,South America,2016,0.677,0.688,0.824,0.813,0.929,0.994,0.9840116279069769,1.013530135301353,0.9840116279069769,0.9840116279069769,0.9840116279069769,1.0,1.013530135301353,1.0
COL,Colombia,Latin America & Caribbean,South America,2017,0.705,0.715,0.838,0.825,0.94,1.0,0.986013986013986,1.0157575757575759,0.986013986013986,0.986013986013986,0.986013986013986,1.0,1.0157575757575759,1.0
COL,Colombia,Latin America & Caribbean,South America,2018,0.728,0.739,0.849,0.835,0.949,1.0,0.9851150202976996,1.0167664670658683,0.9851150202976996,0.9851150202976996,0.9851150202976996,1.0,1.0167664670658683,1.0
COL,Colombia,Latin America & Caribbean,South America,2019,0.7444166666666666,0.7533333333333333,0.8504999999999999,0.8340833333333334,0.9578333333333333,1.0,0.988199280164039,1.01969236696919,0.988199280164039,0.9881637168141593,0.9881637168141593,1.0,1.0196822859426515,1.0
COL,Colombia,Latin America & Caribbean,South America,2020,0.7524166666666666,0.7634166666666666,0.8445833333333334,0.8281666666666666,0.9615833333333333,1.0,0.9856347282851928,1.0198404687271998,0.9856347282851928,0.9855910926754721,0.9855910926754721,1.0,1.0198229019923526,1.0
COL,Colombia,Latin America & Caribbean,South America,2021,0.7959166666666667,0.8009166666666667,0.8737499999999999,0.8428333333333332,0.9885,1.0,0.9938061598835662,1.0366954225850795,0.9938061598835662,0.9937571532618874,0.9937571532618874,1.0,1.0366818271702591,1.0
COL,Colombia,Latin America & Caribbean,South America,2022,0.8251666666666666,0.8298333333333333,0.88725,0.85475,0.9989166666666667,1.0,0.9943858126564155,1.0380234807272817,0.9943858126564155,0.9943763807993572,0.9943763807993572,1.0,1.0380228136882128,1.0
COL,Colombia,Latin America & Caribbean,South America,2023,0.82775,0.832,0.887,0.8544999999999999,0.99925,1.0,0.9948552928239079,1.0380358385593007,0.9948552928239079,0.994891826923077,0.994891826923077,1.0,1.0380339379754244,1.0
COL,Colombia,Latin America & Caribbean,South America,2024,0.8728333333333333,0.876,0.9046666666666666,0.8668333333333332,1.0,1.0,0.9963787933698808,1.043642569696418,0.9963787933698808,0.9963850837138508,0.9963850837138508,1.0,1.043645452797539,1.0
COL,Colombia,Latin America & Caribbean,South America,2025,0.896,0.89975,0.9162500000000001,0.8762500000000001,1.0,1.0,0.9958313739650627,1.0456441197151873,0.9958313739650627,0.9958321756043345,0.9958321756043345,1.0,1.0456490727532097,1.0
COL,Colombia,Latin America & Caribbean,South America,2026,0.9144,0.9136000000000001,0.9158000000000002,0.8715999999999999,1.0,1.0,1.0010506028517316,1.0507715507503192,1.0,1.0008756567425567,1.0,1.0,1.0507113354749889,1.0
COM,Comoros,Sub-Saharan Africa,Africa,2015,0.226,0.366,0.593,0.763,0.567,0.769,0.6174863387978142,0.7771952817824377,0.6174863387978142,0.6174863387978142,0.6174863387978142,0.7771952817824377,0.7771952817824377,0.7771952817824377
COM,Comoros,Sub-Saharan Africa,Africa,2016,0.264,0.4,0.614,0.775,0.595,0.785,0.66,0.792258064516129,0.66,0.66,0.66,0.792258064516129,0.792258064516129,0.792258064516129
COM,Comoros,Sub-Saharan Africa,Africa,2017,0.309,0.44,0.641,0.786,0.633,0.807,0.7022727272727273,0.8155216284987277,0.7022727272727273,0.7022727272727273,0.7022727272727273,0.8155216284987277,0.8155216284987277,0.8155216284987277
COM,Comoros,Sub-Saharan Africa,Africa,2018,0.35,0.477,0.667,0.802,0.662,0.824,0.7337526205450734,0.8316708229426434,0.7337526205450734,0.7337526205450734,0.7337526205450734,0.8316708229426434,0.8316708229426434,0.8316708229426434
COM,Comoros,Sub-Saharan Africa,Africa,2019,0.38725000000000004,0.5108333333333334,0.6858333333333334,0.8113333333333334,0.6905,0.8399166666666665,0.7580605829996111,0.8452896850912216,0.7580605829996111,0.7580750407830343,0.7580750407830343,0.8452896850912216,0.8453163516844701,0.8453163516844701
COM,Comoros,Sub-Saharan Africa,Africa,2020,0.42575,0.5439166666666667,0.7066666666666667,0.81875,0.7231666666666666,0.859,0.7827471867530598,0.8631046685116859,0.7827471867530598,0.7827485828098667,0.7827485828098667,0.8631046685116859,0.8631043256997456,0.8631043256997456
COM,Comoros,Sub-Saharan Africa,Africa,2021,0.4644166666666667,0.5790833333333333,0.73575,0.8334166666666666,0.7595833333333334,0.8815833333333334,0.801984865968215,0.8827750145016363,0.801984865968215,0.8019858972514032,0.8019858972514032,0.8827750145016363,0.8828117188281173,0.8828117188281173
COM,Comoros,Sub-Saharan Africa,Africa,2022,0.4810833333333333,0.5933333333333333,0.73625,0.8319166666666665,0.7710833333333333,0.886,0.8108159195244659,0.8849955789735718,0.8108159195244659,0.8108146067415731,0.8108146067415731,0.8849955789735718,0.8850045076630273,0.8850045076630273
COM,Comoros,Sub-Saharan Africa,Africa,2023,0.494,0.6039166666666667,0.735,0.8296666666666667,0.7749166666666666,0.8868333333333333,0.817984220019344,0.8858268302506747,0.817984220019344,0.8179936525458811,0.8179936525458811,0.8858268302506747,0.885897950984331,0.885897950984331
COM,Comoros,Sub-Saharan Africa,Africa,2024,0.5489166666666667,0.6607500000000001,0.7786666666666667,0.8604166666666666,0.8213333333333334,0.915,0.8307312786689729,0.9049470850402092,0.8307312786689729,0.8307478875015765,0.8307478875015765,0.9049470850402092,0.9049878934624699,0.9049878934624699
COM,Comoros,Sub-Saharan Africa,Africa,2025,0.5780833333333333,0.6855000000000001,0.7903333333333333,0.864,0.8439166666666665,0.9276666666666668,0.8432995358427259,0.9147305198498824,0.8432995358427259,0.8433017262338923,0.8433017262338923,0.9147305198498824,0.9147376543209876,0.9147376543209876
COM,Comoros,Sub-Saharan Africa,Africa,2026,0.6112,0.7182,0.8096,0.8768,0.8654,0.9399999999999998,0.8510179755413706,0.9233580602961842,0.8510179755413706,0.8510164299637984,0.8510164299637984,0.9233580602961842,0.9233576642335766,0.9233576642335766
CPV,Cabo Verde,Sub-Saharan Africa,Africa,2015,0.56,0.596,0.81,0.794,0.913,0.993,0.9395973154362417,1.0201511335012594,0.9395973154362417,0.9395973154362417,0.9395973154362417,1.0,1.0201511335012594,1.0
CPV,Cabo Verde,Sub-Saharan Africa,Africa,2016,0.562,0.607,0.804,0.808,0.893,0.977,0.925864909390445,0.995049504950495,0.925864909390445,0.925864909390445,0.925864909390445,0.995049504950495,0.995049504950495,0.995049504950495
CPV,Cabo Verde,Sub-Saharan Africa,Africa,2017,0.582,0.627,0.809,0.815,0.897,0.977,0.9282296650717703,0.9926380368098161,0.9282296650717703,0.9282296650717703,0.9282296650717703,0.9926380368098161,0.9926380368098161,0.9926380368098161
CPV,Cabo Verde,Sub-Saharan Africa,Africa,2018,0.602,0.644,0.819,0.822,0.906,0.983,0.9347826086956521,0.9963503649635036,0.9347826086956521,0.9347826086956521,0.9347826086956521,0.9963503649635036,0.9963503649635036,0.9963503649635036
CPV,Cabo Verde,Sub-Saharan Africa,Africa,2019,0.624,0.6615000000000001,0.8221666666666666,0.8205833333333333,0.9173333333333334,0.9880833333333333,0.943302952994353,1.0019286680181987,0.943302952994353,0.9433106575963718,0.9433106575963718,1.0,1.0019295216817303,1.0
CPV,Cabo Verde,Sub-Saharan Africa,Africa,2020,0.6224166666666667,0.6604166666666668,0.81025,0.8076666666666666,0.9193333333333333,0.9875833333333333,0.9424584586945887,1.0031980902770326,0.9424584586945887,0.9424605678233438,0.9424605678233438,1.0,1.0031985142385473,1.0
CPV,Cabo Verde,Sub-Saharan Africa,Africa,2021,0.6475833333333333,0.6803333333333333,0.8156666666666667,0.8093333333333333,0.9293333333333335,0.99375,0.9519161057427379,1.0078391162303995,0.9519161057427379,0.9518618324350807,0.9518618324350807,1.0,1.007825370675453,1.0
CPV,Cabo Verde,Sub-Saharan Africa,Africa,2022,0.68375,0.7110833333333333,0.8263333333333334,0.8155,0.9424999999999999,0.99975,0.9615648066150092,1.0132845123593752,0.9615648066150092,0.961560998476503,0.961560998476503,1.0,1.0132842836705498,1.0
CPV,Cabo Verde,Sub-Saharan Africa,Africa,2023,0.68275,0.7063333333333333,0.8189166666666666,0.8070833333333334,0.9456666666666665,0.9986666666666667,0.9665710300994584,1.0146592922687576,0.9665710300994584,0.9666116092496461,0.9666116092496461,1.0,1.0146618482188952,1.0
CPV,Cabo Verde,Sub-Saharan Africa,Africa,2024,0.7162499999999999,0.7379166666666667,0.8295833333333333,0.8135833333333333,0.9579166666666666,1.0,0.9706295616160471,1.0196650643242864,0.9706295616160471,0.9706380575945792,0.9706380575945792,1.0,1.0196660862439824,1.0
CPV,Cabo Verde,Sub-Saharan Africa,Africa,2025,0.7334999999999999,0.7551666666666667,0.8365,0.819,0.9664999999999999,1.0,0.9712979859960833,1.021368240746571,0.9712979859960833,0.9713087618627234,0.9713087618627234,1.0,1.0213675213675215,1.0
CPV,Cabo Verde,Sub-Saharan Africa,Africa,2026,0.7592000000000001,0.7822,0.8488,0.8295999999999999,0.9778,1.0,0.9705969437189834,1.0231438928079288,0.9705969437189834,0.9705957555612377,0.9705957555612377,1.0,1.0231436837029895,1.0
CRI,Costa Rica,Latin America & Caribbean,North America,2015,0.707,0.726,0.872,0.872,0.922,0.994,0.9738292011019284,1.0,0.9738292011019284,0.9738292011019284,0.9738292011019284,1.0,1.0,1.0
CRI,Costa Rica,Latin America & Caribbean,North America,2016,0.726,0.746,0.878,0.881,0.926,0.994,0.9731903485254692,0.996594778660613,0.9731903485254692,0.9731903485254692,0.9731903485254692,0.996594778660613,0.996594778660613,0.996594778660613
CRI,Costa Rica,Latin America & Caribbean,North America,2017,0.754,0.77,0.888,0.884,0.941,1.0,0.9792207792207792,1.004524886877828,0.9792207792207792,0.9792207792207792,0.9792207792207792,1.0,1.004524886877828,1.0
CRI,Costa Rica,Latin America & Caribbean,North America,2018,0.782,0.794,0.898,0.888,0.957,1.0,0.9848866498740554,1.0112612612612613,0.9848866498740554,0.9848866498740554,0.9848866498740554,1.0,1.0112612612612613,1.0
CRI,Costa Rica,Latin America & Caribbean,North America,2019,0.8067500000000001,0.8145000000000001,0.9030833333333333,0.8884166666666666,0.9690833333333333,1.0,0.990541463172877,1.0165171460906925,0.990541463172877,0.9904849600982197,0.9904849600982197,1.0,1.0165087702842135,1.0
CRI,Costa Rica,Latin America & Caribbean,North America,2020,0.8360833333333333,0.84025,0.9135,0.8904166666666667,0.9875833333333333,1.0,0.9950989832332954,1.02594356241013,0.9950989832332954,0.9950411583854011,0.9950411583854011,1.0,1.0259241927936358,1.0
CRI,Costa Rica,Latin America & Caribbean,North America,2021,0.8613333333333334,0.8733333333333334,0.9379166666666666,0.9158333333333334,0.99825,1.0,0.9862872796397392,1.0241161151017397,0.9862872796397392,0.9862595419847329,0.9862595419847329,1.0,1.0241128298453137,1.0
CRI,Costa Rica,Latin America & Caribbean,North America,2022,0.8770000000000001,0.876,0.9268333333333333,0.8965833333333334,1.0,1.0,1.0011470396199624,1.0337397628302762,1.0,1.0011415525114156,1.0,1.0,1.0337391950924806,1.0
CRI,Costa Rica,Latin America & Caribbean,North America,2023,0.8861666666666667,0.8897499999999999,0.9399166666666666,0.91025,1.0,1.0,0.9959969949323285,1.0326119328242347,0.9959969949323285,0.9959726514938654,0.9959726514938654,1.0,1.0325917788153438,1.0
CRI,Costa Rica,Latin America & Caribbean,North America,2024,0.9253333333333335,0.9259166666666667,0.9506666666666667,0.9160833333333334,1.0,1.0,0.9993776956198452,1.0377518360660345,0.9993776956198452,0.9993699936999371,0.9993699936999371,1.0,1.0377512962794506,1.0
CRI,Costa Rica,Latin America & Caribbean,North America,2025,0.959,0.9661666666666666,0.9774166666666666,0.9410833333333333,1.0,1.0,0.9926053188848184,1.038602704894726,0.9926053188848184,0.9925823701914783,0.9925823701914783,1.0,1.0386079872487382,1.0
CRI,Costa Rica,Latin America & Caribbean,North America,2026,0.9865999999999999,0.9942,0.9904,0.9512,1.0,1.0,0.9923569411132351,1.0412119278090983,0.9923569411132351,0.992355662844498,0.992355662844498,1.0,1.04121110176619,1.0
CUW,Curaçao,Latin America & Caribbean,North America,2015,0.693,0.718,0.905,0.905,0.912,0.997,0.9651810584958217,1.0,0.9651810584958217,0.9651810584958217,0.9651810584958217,1.0,1.0,1.0
CUW,Curaçao,Latin America & Caribbean,North America,2016,0.715,0.737,0.909,0.905,0.924,1.0,0.9701492537313433,1.0044198895027625,0.9701492537313433,0.9701492537313433,0.9701492537313433,1.0,1.0044198895027625,1.0
CUW,Curaçao,Latin America & Caribbean,North America,2017,0.733,0.754,0.915,0.909,0.933,1.0,0.9721485411140584,1.0066006600660067,0.9721485411140584,0.9721485411140584,0.9721485411140584,1.0,1.0066006600660067,1.0
CUW,Curaçao,Latin America & Caribbean,North America,2018,0.756,0.774,0.923,0.913,0.945,1.0,0.9767441860465116,1.0109529025191677,0.9767441860465116,0.9767441860465116,0.9767441860465116,1.0,1.0109529025191677,1.0
CUW,Curaçao,Latin America & Caribbean,North America,2019,0.7345,0.7355833333333334,0.8903333333333334,0.8736666666666667,0.9500833333333333,1.0,0.9985402041732748,1.0190799229523813,0.9985402041732748,0.9985272459499264,0.9985272459499264,1.0,1.0190766882869136,1.0
CUW,Curaçao,Latin America & Caribbean,North America,2020,0.7534166666666667,0.75575,0.8931666666666667,0.8730833333333333,0.9593333333333334,1.0,0.9969226077462298,1.0230057898837648,0.9969226077462298,0.9969125592678355,0.9969125592678355,1.0,1.0230027679679297,1.0
CUW,Curaçao,Latin America & Caribbean,North America,2021,0.7758333333333334,0.77825,0.9088333333333334,0.8853333333333334,0.9700000000000001,1.0,0.9969048367764088,1.0265466660362557,0.9969048367764088,0.9968947424777814,0.9968947424777814,1.0,1.026543674698795,1.0
CUW,Curaçao,Latin America & Caribbean,North America,2022,0.8004166666666667,0.8026666666666668,0.9220833333333335,0.8991666666666668,0.9774166666666666,1.0,0.9971991305386431,1.0254871667230245,0.9971991305386431,0.9971968438538205,0.9971968438538205,1.0,1.02548656163114,1.0
CUW,Curaçao,Latin America & Caribbean,North America,2023,0.81025,0.8155833333333332,0.9341666666666667,0.9106666666666667,0.9890833333333333,1.0,0.9934404332484484,1.0258222819812557,0.9934404332484484,0.9934607131909677,0.9934607131909677,1.0,1.0258052708638359,1.0
CUW,Curaçao,Latin America & Caribbean,North America,2024,0.8454166666666666,0.84925,0.9421666666666666,0.9162500000000001,0.9958333333333332,1.0,0.9954782445403682,1.0282892131541062,0.9954782445403682,0.9954862133254833,0.9954862133254833,1.0,1.0282855843565255,1.0
CUW,Curaçao,Latin America & Caribbean,North America,2025,0.8682500000000001,0.8729166666666667,0.9516666666666667,0.9239166666666666,1.0,1.0,0.9946487466059893,1.030037346367058,0.9946487466059893,0.9946539379474941,0.9946539379474941,1.0,1.0300351763326419,1.0
CUW,Curaçao,Latin America & Caribbean,North America,2026,0.8964000000000001,0.9002000000000001,0.9608000000000001,0.9304,1.0,1.0,0.995778764335923,1.0326748350674433,0.995778764335923,0.9957787158409243,0.9957787158409243,1.0,1.0326741186586414,1.0
CYM,Cayman Islands,Latin America & Caribbean,North America,2015,0.723,0.746,0.985,0.984,0.91,1.0,0.9691689008042895,1.0010162601626016,0.9691689008042895,0.9691689008042895,0.9691689008042895,1.0,1.0010162601626016,1.0
CYM,Cayman Islands,Latin America & Caribbean,North America,2016,0.749,0.77,0.995,0.989,0.923,1.0,0.9727272727272727,1.006066734074823,0.9727272727272727,0.9727272727272727,0.9727272727272727,1.0,1.006066734074823,1.0
CYM,Cayman Islands,Latin America & Caribbean,North America,2017,0.771,0.791,1.0,0.995,0.933,1.0,0.9747155499367889,1.0050251256281406,0.9747155499367889,0.9747155499367889,0.9747155499367889,1.0,1.0050251256281406,1.0
CYM,Cayman Islands,Latin America & Caribbean,North America,2018,0.797,0.815,1.0,1.0,0.946,1.0,0.977914110429448,1.0,0.977914110429448,0.977914110429448,0.977914110429448,1.0,1.0,1.0
CYM,Cayman Islands,Latin America & Caribbean,North America,2019,0.828,0.8475,1.0,1.0,0.9580833333333333,1.0,0.9769923806251836,1.0,0.9769923806251836,0.9769911504424778,0.9769911504424778,1.0,1.0,1.0
CYM,Cayman Islands,Latin America & Caribbean,North America,2020,0.8395833333333332,0.8546666666666667,1.0,1.0,0.9676666666666667,1.0,0.9823568470241667,1.0,0.9823568470241667,0.9823517940717628,0.9823517940717628,1.0,1.0,1.0
CYM,Cayman Islands,Latin America & Caribbean,North America,2021,0.8482500000000001,0.8595,1.0,1.0,0.9761666666666667,1.0,0.986923148714742,1.0,0.986923148714742,0.9869109947643979,0.9869109947643979,1.0,1.0,1.0
CYM,Cayman Islands,Latin America & Caribbean,North America,2022,0.882,0.8970833333333333,1.0,1.0,0.9852500000000001,1.0,0.9832156658572985,1.0,0.9832156658572985,0.9831862517417557,0.9831862517417557,1.0,1.0,1.0
CYM,Cayman Islands,Latin America & Caribbean,North America,2023,0.8995833333333333,0.9202500000000001,1.0,1.0,0.9965833333333333,1.0,0.977519381244801,1.0,0.977519381244801,0.9775423345105495,0.9775423345105495,1.0,1.0,1.0
CYM,Cayman Islands,Latin America & Caribbean,North America,2024,0.9406666666666667,0.9560833333333333,1.0,1.0,1.0,1.0,0.9838656545960567,1.0,0.9838656545960567,0.9838751852174671,0.9838751852174671,1.0,1.0,1.0
CYM,Cayman Islands,Latin America & Caribbean,North America,2025,0.965,0.9806666666666667,1.0,1.0,1.0,1.0,0.9840171451587327,1.0,0.9840171451587327,0.9840244731475186,0.9840244731475186,1.0,1.0,1.0
CYM,Cayman Islands,Latin America & Caribbean,North America,2026,0.9975999999999999,1.0,1.0,1.0,1.0,1.0,0.9975999999999999,1.0,0.9975999999999999,0.9975999999999999,0.9975999999999999,1.0,1.0,1.0
CYP,Cyprus,Europe & Central Asia,Asia,2015,0.818,0.848,0.964,0.971,0.953,1.0,0.9646226415094339,0.9927909371781668,0.9646226415094339,0.9646226415094339,0.9646226415094339,0.9927909371781668,0.9927909371781668,0.9927909371781668
CYP,Cyprus,Europe & Central Asia,Asia,2016,0.843,0.872,0.974,0.981,0.962,1.0,0.966743119266055,0.9928644240570846,0.966743119266055,0.966743119266055,0.966743119266055,0.9928644240570846,0.9928644240570846,0.9928644240570846
CYP,Cyprus,Europe & Central Asia,Asia,2017,0.877,0.903,0.99,0.99,0.979,1.0,0.9712070874861573,1.0,0.9712070874861573,0.9712070874861573,0.9712070874861573,1.0,1.0,1.0
CYP,Cyprus,Europe & Central Asia,Asia,2018,0.892,0.923,0.997,1.0,0.974,1.0,0.9664138678223185,0.997,0.9664138678223185,0.9664138678223185,0.9664138678223185,0.997,0.997,0.997
CYP,Cyprus,Europe & Central Asia,Asia,2019,0.9210833333333334,0.95325,1.0,1.0,0.9886666666666667,1.0,0.9662669964029761,1.0,0.9662669964029761,0.9662557915901739,0.9662557915901739,1.0,1.0,1.0
CYP,Cyprus,Europe & Central Asia,Asia,2020,0.9370833333333333,0.9655,0.9984166666666666,0.9987499999999999,0.9970833333333333,1.0,0.9706424753966686,0.9996651591259358,0.9706424753966686,0.9705679268082167,0.9705679268082167,0.9996651591259358,0.9996662494785149,0.9996662494785149
CYP,Cyprus,Europe & Central Asia,Asia,2021,0.95775,0.9784166666666666,1.0,1.0,1.0,1.0,0.9788818966286553,1.0,0.9788818966286553,0.9788774380376459,0.9788774380376459,1.0,1.0,1.0
CYP,Cyprus,Europe & Central Asia,Asia,2022,0.99125,1.0,1.0,1.0,1.0,1.0,0.99125,1.0,0.99125,0.99125,0.99125,1.0,1.0,1.0
CYP,Cyprus,Europe & Central Asia,Asia,2023,0.992,0.9987499999999999,1.0,1.0,1.0,1.0,0.9932181269736851,1.0,0.9932181269736851,0.993241551939925,0.993241551939925,1.0,1.0,1.0
CYP,Cyprus,Europe & Central Asia,Asia,2024,0.9996666666666667,1.0,1.0,1.0,1.0,1.0,0.9996666666666667,1.0,0.9996666666666667,0.9996666666666667,0.9996666666666667,1.0,1.0,1.0
CYP,Cyprus,Europe & Central Asia,Asia,2025,1.0,1.0,1.0,1.0,1.0,1.0,1.0,1.0,1.0,1.0,1.0,1.0,1.0,1.0
CYP,Cyprus,Europe & Central Asia,Asia,2026,1.0,1.0,1.0,1.0,1.0,1.0,1.0,1.0,1.0,1.0,1.0,1.0,1.0,1.0
CZE,Czechia,Europe & Central Asia,Europe,2015,0.757,0.767,0.896,0.9,0.94,0.995,0.9869621903520208,0.9955555555555555,0.9869621903520208,0.9869621903520208,0.9869621903520208,0.9955555555555555,0.9955555555555555,0.9955555555555555
CZE,Czechia,Europe & Central Asia,Europe,2016,0.781,0.789,0.905,0.905,0.952,1.0,0.9898605830164765,1.0,0.9898605830164765,0.9898605830164765,0.9898605830164765,1.0,1.0,1.0
CZE,Czechia,Europe & Central Asia,Europe,2017,0.806,0.812,0.918,0.915,0.963,1.0,0.9926108374384236,1.0032786885245901,0.9926108374384236,0.9926108374384236,0.9926108374384236,1.0,1.0032786885245901,1.0
CZE,Czechia,Europe & Central Asia,Europe,2018,0.824,0.83,0.931,0.928,0.97,1.0,0.9927710843373494,1.0032327586206897,0.9927710843373494,0.9927710843373494,0.9927710843373494,1.0,1.0032327586206897,1.0
CZE,Czechia,Europe & Central Asia,Europe,2019,0.8466666666666667,0.8506666666666667,0.9380833333333333,0.9317500000000001,0.9804166666666667,1.0,0.9953009732305865,1.0067987112792374,0.9953009732305865,0.9952978056426333,0.9952978056426333,1.0,1.0067972453268936,1.0
CZE,Czechia,Europe & Central Asia,Europe,2020,0.862,0.8641666666666666,0.9413333333333332,0.9307500000000001,0.9904999999999999,1.0,0.9974932812946441,1.0113713817902494,0.9974932812946441,0.9974927675988429,0.9974927675988429,1.0,1.0113707583490015,1.0
CZE,Czechia,Europe & Central Asia,Europe,2021,0.8909166666666667,0.888,0.9580833333333333,0.9399166666666666,1.0,1.0,1.0032888730464535,1.0193318923415247,1.0,1.0032845345345345,1.0,1.0,1.0193279546059049,1.0
CZE,Czechia,Europe & Central Asia,Europe,2022,0.9135833333333334,0.9071666666666668,0.9618333333333333,0.94075,1.0,1.0,1.0070777053107458,1.0224139923413331,1.0,1.0070733051625942,1.0,1.0,1.0224111967401897,1.0
CZE,Czechia,Europe & Central Asia,Europe,2023,0.9219166666666667,0.9170833333333334,0.9695,0.948,1.0,1.0,1.0052479603553646,1.022688353908152,1.0,1.0052703316674239,1.0,1.0,1.0226793248945147,1.0
CZE,Czechia,Europe & Central Asia,Europe,2024,0.9536666666666666,0.9464999999999999,0.9764166666666667,0.9514999999999999,1.0,1.0,1.0075660777700512,1.0261905084438696,1.0,1.007571755590773,1.0,1.0,1.0261867227185149,1.0
CZE,Czechia,Europe & Central Asia,Europe,2025,0.9703333333333334,0.9611666666666666,0.9815833333333334,0.9536666666666666,1.0,1.0,1.0095334543601293,1.0292761880339987,1.0,1.0095370209814463,1.0,1.0,1.0292729814750088,1.0
CZE,Czechia,Europe & Central Asia,Europe,2026,0.9945999999999999,0.9832000000000001,0.9865999999999999,0.9558,1.0,1.0,1.0115972235379556,1.0322262984383088,1.0,1.011594792514239,1.0,1.0,1.0322243147101904,1.0
DEU,Germany,Europe & Central Asia,Europe,2015,0.788,0.825,0.948,0.994,0.896,0.966,0.9551515151515152,0.9537223340040241,0.9551515151515152,0.9551515151515152,0.9551515151515152,0.9537223340040241,0.9537223340040241,0.9537223340040241
DEU,Germany,Europe & Central Asia,Europe,2016,0.809,0.841,0.956,0.994,0.912,0.975,0.9619500594530322,0.9617706237424547,0.9619500594530322,0.9619500594530322,0.9619500594530322,0.9617706237424547,0.9617706237424547,0.9617706237424547
DEU,Germany,Europe & Central Asia,Europe,2017,0.83,0.861,0.965,1.0,0.922,0.98,0.9639953542392566,0.965,0.9639953542392566,0.9639953542392566,0.9639953542392566,0.965,0.965,0.965
DEU,Germany,Europe & Central Asia,Europe,2018,0.853,0.881,0.977,1.0,0.935,0.987,0.9682179341657208,0.977,0.9682179341657208,0.9682179341657208,0.9682179341657208,0.977,0.977,0.977
DEU,Germany,Europe & Central Asia,Europe,2019,0.87525,0.9020833333333335,0.9827499999999999,1.0,0.9464166666666666,0.992,0.9702770974390447,0.9827499999999999,0.9702770974390447,0.9702540415704386,0.9702540415704386,0.9827499999999999,0.9827499999999999,0.9827499999999999
DEU,Germany,Europe & Central Asia,Europe,2020,0.8880833333333333,0.9129999999999999,0.9860000000000001,1.0,0.957,0.997,0.9727090178897407,0.9860000000000001,0.9727090178897407,0.9727090178897408,0.9727090178897408,0.9860000000000001,0.9860000000000001,0.9860000000000001
DEU,Germany,Europe & Central Asia,Europe,2021,0.915,0.9373333333333335,1.0,1.0,0.9696666666666666,1.0,0.9761739735612407,1.0,0.9761739735612407,0.9761735419630155,0.9761735419630155,1.0,1.0,1.0
DEU,Germany,Europe & Central Asia,Europe,2022,0.9333333333333335,0.9538333333333333,1.0,1.0,0.9808333333333333,1.0,0.9785093307614252,1.0,0.9785093307614252,0.9785077756421459,0.9785077756421459,1.0,1.0,1.0
DEU,Germany,Europe & Central Asia,Europe,2023,0.9432499999999999,0.9609166666666665,1.0,1.0,0.9915833333333333,1.0,0.9816287280855845,1.0,0.9816287280855845,0.981614777556153,0.981614777556153,1.0,1.0,1.0
DEU,Germany,Europe & Central Asia,Europe,2024,0.969,0.9875833333333333,1.0,1.0,0.9991666666666666,1.0,0.9811810719671347,1.0,0.9811810719671347,0.9811830225297443,0.9811830225297443,1.0,1.0,1.0
DEU,Germany,Europe & Central Asia,Europe,2025,0.98475,0.9987499999999999,1.0,1.0,1.0,1.0,0.9859773778074666,1.0,0.9859773778074666,0.9859824780976221,0.9859824780976221,1.0,1.0,1.0
DEU,Germany,Europe & Central Asia,Europe,2026,1.0,1.0,1.0,1.0,1.0,1.0,1.0,1.0,1.0,1.0,1.0,1.0,1.0,1.0
DJI,Djibouti,Middle East & North Africa,Africa,2015,0.107,0.31,0.614,0.863,0.467,0.712,0.34516129032258064,0.7114716106604867,0.34516129032258064,0.34516129032258064,0.34516129032258064,0.7114716106604867,0.7114716106604867,0.7114716106604867
DJI,Djibouti,Middle East & North Africa,Africa,2016,0.145,0.34,0.628,0.865,0.49,0.726,0.42647058823529405,0.7260115606936416,0.42647058823529405,0.42647058823529405,0.42647058823529405,0.7260115606936416,0.7260115606936416,0.7260115606936416
DJI,Djibouti,Middle East & North Africa,Africa,2017,0.203,0.38,0.654,0.857,0.541,0.759,0.5342105263157895,0.7631271878646442,0.5342105263157895,0.5342105263157895,0.5342105263157895,0.7631271878646442,0.7631271878646442,0.7631271878646442
DJI,Djibouti,Middle East & North Africa,Africa,2018,0.212,0.394,0.651,0.868,0.528,0.747,0.5380710659898477,0.75,0.5380710659898477,0.5380710659898477,0.5380710659898477,0.75,0.75,0.75
DJI,Djibouti,Middle East & North Africa,Africa,2019,0.24283333333333332,0.414,0.6550833333333334,0.8600833333333333,0.5465833333333333,0.7575,0.5865228034944384,0.7616419961237412,0.5865228034944384,0.5865539452495974,0.5865539452495974,0.7616419961237412,0.7616510028098052,0.7616510028098052
DJI,Djibouti,Middle East & North Africa,Africa,2020,0.28125,0.4429166666666667,0.6756666666666667,0.86275,0.5864166666666667,0.7810833333333335,0.634911495261572,0.7831247078314237,0.634911495261572,0.6349952963311383,0.6349952963311383,0.7831247078314237,0.7831546411668117,0.7831546411668117
DJI,Djibouti,Middle East & North Africa,Africa,2021,0.30675,0.46574999999999994,0.6908333333333333,0.871,0.60625,0.7921666666666667,0.6584192416221061,0.7930683419228512,0.6584192416221061,0.6586151368760066,0.6586151368760066,0.7930683419228512,0.7931496364332185,0.7931496364332185
DJI,Djibouti,Middle East & North Africa,Africa,2022,0.28325,0.43625,0.6429166666666667,0.8369166666666666,0.5586666666666666,0.7605,0.6491435843224164,0.7681241541799193,0.6491435843224164,0.6492836676217765,0.6492836676217765,0.7681241541799193,0.7681967539579807,0.7681967539579807
DJI,Djibouti,Middle East & North Africa,Africa,2023,0.27691666666666664,0.42575,0.6151666666666666,0.8165,0.5324166666666666,0.7428333333333333,0.6503353101605613,0.7533675892745539,0.6503353101605613,0.650420825993345,0.650420825993345,0.7533675892745539,0.7534190651153296,0.7534190651153296
DJI,Djibouti,Middle East & North Africa,Africa,2024,0.30091666666666667,0.4503333333333333,0.6261666666666666,0.8256666666666667,0.5428333333333334,0.7480833333333333,0.6681647835032732,0.7583494962980696,0.6681647835032732,0.6682087342709104,0.6682087342709104,0.7583494962980696,0.7583770690351231,0.7583770690351231
DJI,Djibouti,Middle East & North Africa,Africa,2025,0.3264166666666667,0.47741666666666666,0.6394166666666666,0.83675,0.5548333333333334,0.7544166666666667,0.6836946736653181,0.7641533671514167,0.6836946736653181,0.6837144353290279,0.6837144353290279,0.7641533671514167,0.7641669156458519,0.7641669156458519
DJI,Djibouti,Middle East & North Africa,Africa,2026,0.3614,0.5156000000000001,0.6644,0.8576,0.5753999999999999,0.7662,0.7009231790913708,0.7747123457007645,0.7009231790913708,0.7009309542280837,0.7009309542280837,0.7747123457007645,0.7747201492537313,0.7747201492537313
DMA,Dominica,Latin America & Caribbean,North America,2015,0.59,0.632,0.839,0.855,0.882,0.971,0.9335443037974683,0.9812865497076023,0.9335443037974683,0.9335443037974683,0.9335443037974683,0.9812865497076023,0.9812865497076023,0.9812865497076023
DMA,Dominica,Latin America & Caribbean,North America,2016,0.622,0.659,0.851,0.861,0.898,0.979,0.9438543247344461,0.9883855981416957,0.9438543247344461,0.9438543247344461,0.9438543247344461,0.9883855981416957,0.9883855981416957,0.9883855981416957
DMA,Dominica,Latin America & Caribbean,North America,2017,0.619,0.653,0.842,0.847,0.904,0.982,0.9479326186830015,0.9940968122786304,0.9479326186830015,0.9479326186830015,0.9479326186830015,0.9940968122786304,0.9940968122786304,0.9940968122786304
DMA,Dominica,Latin America & Caribbean,North America,2018,0.673,0.698,0.853,0.851,0.926,0.992,0.9641833810888253,1.0023501762632196,0.9641833810888253,0.9641833810888253,0.9641833810888253,1.0,1.0023501762632196,1.0
DMA,Dominica,Latin America & Caribbean,North America,2019,0.6934999999999999,0.7174166666666667,0.8643333333333333,0.8608333333333333,0.9363333333333334,0.9969166666666666,0.9667089792057997,1.004078172063067,0.9667089792057997,0.9666627947496804,0.9666627947496804,1.0,1.0040658276863503,1.0
DMA,Dominica,Latin America & Caribbean,North America,2020,0.71,0.72925,0.85725,0.8468333333333332,0.9484166666666667,1.0,0.9736480636503377,1.0123222551000748,0.9736480636503377,0.9736030167980803,0.9736030167980803,1.0,1.0123007282031098,1.0
DMA,Dominica,Latin America & Caribbean,North America,2021,0.7300833333333333,0.7415833333333333,0.8610833333333333,0.8434166666666667,0.9615833333333333,1.0,0.9845162604851007,1.0209589248888409,0.9845162604851007,0.9844926396224295,0.9844926396224295,1.0,1.0209465467839145,1.0
DMA,Dominica,Latin America & Caribbean,North America,2022,0.7538333333333332,0.7643333333333334,0.8704999999999999,0.8525,0.9682499999999999,1.0,0.9862982832434318,1.0211268651705938,0.9862982832434318,0.986262538159616,0.986262538159616,1.0,1.0211143695014662,1.0
DMA,Dominica,Latin America & Caribbean,North America,2023,0.7620833333333333,0.773,0.87575,0.8568333333333333,0.9772500000000001,1.0,0.9858599011704726,1.0220923248407974,0.9858599011704726,0.9858775334195774,0.9858775334195774,1.0,1.0220774168449718,1.0
DMA,Dominica,Latin America & Caribbean,North America,2024,0.7951666666666667,0.8037500000000001,0.8839166666666666,0.86125,0.9868333333333333,1.0,0.9893117959325984,1.026321153863634,0.9893117959325984,0.9893208916537065,0.9893208916537065,1.0,1.026318335752298,1.0
DMA,Dominica,Latin America & Caribbean,North America,2025,0.8159166666666667,0.8244166666666666,0.8916666666666666,0.8671666666666668,0.9948333333333333,1.0,0.9896841915137458,1.0282557672915185,0.9896841915137458,0.9896896795714143,0.9896896795714143,1.0,1.0282529310013453,1.0
DMA,Dominica,Latin America & Caribbean,North America,2026,0.8400000000000001,0.8458,0.897,0.8698,1.0,1.0,0.9931428091820891,1.0312717913304243,0.9931428091820891,0.9931425868999765,0.9931425868999765,1.0,1.0312715566796964,1.0
DNK,Denmark,Europe & Central Asia,Europe,2015,0.86,0.861,0.97,0.972,0.954,1.0,0.9988385598141696,0.9979423868312757,0.9988385598141696,0.9988385598141696,0.9988385598141696,0.9979423868312757,0.9979423868312757,0.9979423868312757
DNK,Denmark,Europe & Central Asia,Europe,2016,0.884,0.884,0.978,0.978,0.965,1.0,1.0,1.0,1.0,1.0,1.0,1.0,1.0,1.0
DNK,Denmark,Europe & Central Asia,Europe,2017,0.908,0.906,0.99,0.986,0.977,1.0,1.0022075055187638,1.0040567951318458,1.0,1.0022075055187638,1.0,1.0,1.0040567951318458,1.0
DNK,Denmark,Europe & Central Asia,Europe,2018,0.927,0.926,1.0,0.996,0.986,1.0,1.0010799136069115,1.0040160642570282,1.0,1.0010799136069115,1.0,1.0,1.0040160642570282,1.0
DNK,Denmark,Europe & Central Asia,Europe,2019,0.9499999999999998,0.9495,1.0,1.0,0.9963333333333333,1.0,1.0005256757311984,1.0,1.0,1.0005265929436544,1.0,1.0,1.0,1.0
DNK,Denmark,Europe & Central Asia,Europe,2020,0.9643333333333333,0.9571666666666666,1.0,0.9934166666666666,1.0,1.0,1.0075190386954442,1.0066629017101474,1.0,1.007487375935922,1.0,1.0,1.0066269608254341,1.0
DNK,Denmark,Europe & Central Asia,Europe,2021,0.9998333333333332,0.9988333333333334,1.0,1.0,1.0,1.0,1.0010011683365077,1.0,1.0,1.0010011680293676,1.0,1.0,1.0,1.0
DNK,Denmark,Europe & Central Asia,Europe,2022,1.0,1.0,1.0,1.0,1.0,1.0,1.0,1.0,1.0,1.0,1.0,1.0,1.0,1.0
DNK,Denmark,Europe & Central Asia,Europe,2023,1.0,1.0,1.0,1.0,1.0,1.0,1.0,1.0,1.0,1.0,1.0,1.0,1.0,1.0
DNK,Denmark,Europe & Central Asia,Europe,2024,1.0,1.0,1.0,1.0,1.0,1.0,1.0,1.0,1.0,1.0,1.0,1.0,1.0,1.0
DNK,Denmark,Europe & Central Asia,Europe,2025,1.0,1.0,1.0,1.0,1.0,1.0,1.0,1.0,1.0,1.0,1.0,1.0,1.0,1.0
DNK,Denmark,Europe & Central Asia,Europe,2026,1.0,1.0,1.0,1.0,1.0,1.0,1.0,1.0,1.0,1.0,1.0,1.0,1.0,1.0
DOM,Dominican Republic,Latin America & Caribbean,North America,2015,0.633,0.635,0.821,0.795,0.934,1.0,0.9968503937007874,1.0327044025157233,0.9968503937007874,0.9968503937007874,0.9968503937007874,1.0,1.0327044025157233,1.0
DOM,Dominican Republic,Latin America & Caribbean,North America,2016,0.672,0.675,0.835,0.811,0.945,1.0,0.9955555555555555,1.029593094944513,0.9955555555555555,0.9955555555555555,0.9955555555555555,1.0,1.029593094944513,1.0
DOM,Dominican Republic,Latin America & Caribbean,North America,2017,0.705,0.707,0.854,0.823,0.962,1.0,0.9971711456859972,1.037667071688943,0.9971711456859972,0.9971711456859972,0.9971711456859972,1.0,1.037667071688943,1.0
DOM,Dominican Republic,Latin America & Caribbean,North America,2018,0.734,0.737,0.871,0.837,0.974,1.0,0.9959294436906377,1.0406212664277181,0.9959294436906377,0.9959294436906377,0.9959294436906377,1.0,1.0406212664277181,1.0
DOM,Dominican Republic,Latin America & Caribbean,North America,2019,0.7675833333333334,0.7683333333333334,0.8906666666666667,0.848,0.9954999999999999,1.0,0.9990367339141867,1.050315359379829,0.9990367339141867,0.9990238611713665,0.9990238611713665,1.0,1.050314465408805,1.0
DOM,Dominican Republic,Latin America & Caribbean,North America,2020,0.7917500000000001,0.7918333333333334,0.8971666666666667,0.8485,1.0,1.0,0.9999091786577435,1.057358036662037,0.9999091786577435,0.9998947589981056,0.9998947589981056,1.0,1.0573561186407385,1.0
DOM,Dominican Republic,Latin America & Caribbean,North America,2021,0.8297499999999999,0.82675,0.9271666666666668,0.8661666666666666,1.0,1.0,1.003638581999635,1.0704328949777226,1.0,1.003628666465074,1.0,1.0,1.0704252453338468,1.0
DOM,Dominican Republic,Latin America & Caribbean,North America,2022,0.862,0.86375,0.9511666666666666,0.8943333333333333,1.0,1.0,0.9980099502151113,1.0635588566056111,0.9980099502151113,0.9979739507959479,0.9979739507959479,1.0,1.063548266865449,1.0
DOM,Dominican Republic,Latin America & Caribbean,North America,2023,0.8682500000000001,0.8716666666666667,0.9540833333333333,0.8985,1.0,1.0,0.9960771597123085,1.06187140954015,0.9960771597123085,0.9960803059273423,0.9960803059273423,1.0,1.0618623631979225,1.0
DOM,Dominican Republic,Latin America & Caribbean,North America,2024,0.9199166666666666,0.9265833333333333,0.9858333333333333,0.9241666666666667,1.0,1.0,0.9928031653325992,1.066718926383665,0.9928031653325992,0.9928051083730551,0.9928051083730551,1.0,1.066726780883679,1.0
DOM,Dominican Republic,Latin America & Caribbean,North America,2025,0.9424166666666666,0.94575,0.9903333333333334,0.9251666666666667,1.0,1.0,0.996491599541169,1.0704339837650199,0.996491599541169,0.9964754603929861,0.9964754603929861,1.0,1.0704377589623493,1.0
DOM,Dominican Republic,Latin America & Caribbean,North America,2026,0.969,0.9728,0.9998000000000001,0.9348000000000001,1.0,1.0,0.9960945398617911,1.069537332783684,0.9960945398617911,0.99609375,0.99609375,1.0,1.069533590072743,1.0
DZA,Algeria,Middle East & North Africa,Africa,2015,0.544,0.716,0.875,1.0,0.749,0.872,0.7597765363128492,0.875,0.7597765363128492,0.7597765363128492,0.7597765363128492,0.875,0.875,0.875
DZA,Algeria,Middle East & North Africa,Africa,2016,0.572,0.738,0.883,1.0,0.773,0.885,0.7750677506775068,0.883,0.7750677506775068,0.7750677506775068,0.7750677506775068,0.883,0.883,0.883
DZA,Algeria,Middle East & North Africa,Africa,2017,0.602,0.763,0.898,1.0,0.795,0.898,0.7889908256880733,0.898,0.7889908256880733,0.7889908256880733,0.7889908256880733,0.898,0.898,0.898
DZA,Algeria,Middle East & North Africa,Africa,2018,0.629,0.787,0.908,1.0,0.814,0.908,0.7992376111817027,0.908,0.7992376111817027,0.7992376111817027,0.7992376111817027,0.908,0.908,0.908
DZA,Algeria,Middle East & North Africa,Africa,2019,0.65925,0.81075,0.9169166666666667,1.0,0.8371666666666666,0.9213333333333334,0.8131173497535764,0.9169166666666667,0.8131173497535764,0.81313598519889,0.81313598519889,0.9169166666666667,0.9169166666666667,0.9169166666666667
DZA,Algeria,Middle East & North Africa,Africa,2020,0.6708333333333334,0.8184166666666667,0.91375,1.0,0.8534999999999999,0.9301666666666667,0.8196578816156482,0.91375,0.8196578816156482,0.819672131147541,0.819672131147541,0.91375,0.91375,0.91375
DZA,Algeria,Middle East & North Africa,Africa,2021,0.7149166666666665,0.8555833333333333,0.9338333333333333,1.0,0.88075,0.9459166666666666,0.8355943264792279,0.9338333333333333,0.8355943264792279,0.8355897535794292,0.8355897535794292,0.9338333333333333,0.9338333333333333,0.9338333333333333
DZA,Algeria,Middle East & North Africa,Africa,2022,0.7369166666666667,0.8693333333333334,0.9344166666666668,1.0,0.8855,0.9482499999999999,0.8476800506669199,0.9344166666666668,0.8476800506669199,0.8476802147239263,0.8476802147239263,0.9344166666666668,0.9344166666666668,0.9344166666666668
DZA,Algeria,Middle East & North Africa,Africa,2023,0.733,0.8565,0.9085000000000001,0.9947499999999999,0.8734999999999999,0.9387500000000001,0.8558150341318598,0.9131829994752021,0.8558150341318598,0.8558085230589608,0.8558085230589608,0.9131829994752021,0.9132947976878615,0.9132947976878615
DZA,Algeria,Middle East & North Africa,Africa,2024,0.7983333333333333,0.9237500000000001,0.9576666666666666,1.0,0.9238333333333334,0.9699166666666666,0.8642263000643281,0.9576666666666666,0.8642263000643281,0.864230942715381,0.864230942715381,0.9576666666666666,0.9576666666666666,0.9576666666666666
DZA,Algeria,Middle East & North Africa,Africa,2025,0.8259166666666666,0.9479166666666666,0.9660833333333333,1.0,0.9391666666666666,0.9785833333333334,0.8712931772824443,0.9660833333333333,0.8712931772824443,0.8712967032967033,0.8712967032967033,0.9660833333333333,0.9660833333333333,0.9660833333333333
DZA,Algeria,Middle East & North Africa,Africa,2026,0.8572,0.9782,0.9812,1.0,0.9578,0.9890000000000001,0.8763037634254758,0.9812,0.8763037634254758,0.876303414434676,0.876303414434676,0.9812,0.9812,0.9812
ECU,Ecuador,Latin America & Caribbean,South America,2015,0.701,0.743,0.883,0.888,0.935,1.0,0.9434724091520861,0.9943693693693694,0.9434724091520861,0.9434724091520861,0.9434724091520861,0.9943693693693694,0.9943693693693694,0.9943693693693694
ECU,Ecuador,Latin America & Caribbean,South America,2016,0.72,0.758,0.886,0.885,0.946,1.0,0.9498680738786279,1.001129943502825,0.9498680738786279,0.9498680738786279,0.9498680738786279,1.0,1.001129943502825,1.0
ECU,Ecuador,Latin America & Caribbean,South America,2017,0.743,0.777,0.892,0.886,0.957,1.0,0.9562419562419562,1.0067720090293453,0.9562419562419562,0.9562419562419562,0.9562419562419562,1.0,1.0067720090293453,1.0
ECU,Ecuador,Latin America & Caribbean,South America,2018,0.761,0.793,0.895,0.887,0.964,1.0,0.9596469104665826,1.0090191657271703,0.9596469104665826,0.9596469104665826,0.9596469104665826,1.0,1.0090191657271703,1.0
ECU,Ecuador,Latin America & Caribbean,South America,2019,0.773,0.7990833333333334,0.8935833333333334,0.87875,0.9734166666666666,1.0,0.967373854003152,1.0168771355090649,0.967373854003152,0.9673584315361351,0.9673584315361351,1.0,1.0168800379326695,1.0
ECU,Ecuador,Latin America & Caribbean,South America,2020,0.8005,0.81575,0.9084166666666667,0.8671666666666668,1.0,1.0,0.9813169699344977,1.047561773432485,0.9813169699344977,0.9813055470425989,0.9813055470425989,1.0,1.047568710359408,1.0
ECU,Ecuador,Latin America & Caribbean,South America,2021,0.8413333333333334,0.856,0.92325,0.8813333333333334,1.0,1.0,0.9828692579129634,1.047564422095142,0.9828692579129634,0.9828660436137072,0.9828660436137072,1.0,1.0475605143721634,1.0
ECU,Ecuador,Latin America & Caribbean,South America,2022,0.8569999999999999,0.87325,0.9143333333333334,0.887,1.0,1.0,0.9813927030215268,1.0308148554130148,0.9813927030215268,0.981391354136845,0.981391354136845,1.0,1.030815482901165,1.0
ECU,Ecuador,Latin America & Caribbean,South America,2023,0.8515833333333332,0.8651666666666666,0.9038333333333334,0.8779166666666667,0.9990833333333334,1.0,0.9842580588742301,1.0295094650567267,0.9842580588742301,0.9842997495665574,0.9842997495665574,1.0,1.0295206454674894,1.0
ECU,Ecuador,Latin America & Caribbean,South America,2024,0.8966666666666666,0.9083333333333333,0.92175,0.8889999999999999,1.0,1.0,0.9871463178003169,1.0368349721549122,0.9871463178003169,0.9871559633027522,0.9871559633027522,1.0,1.0368391451068617,1.0
ECU,Ecuador,Latin America & Caribbean,South America,2025,0.9209999999999999,0.9340833333333333,0.9355833333333333,0.9005833333333334,1.0,1.0,0.9859870980626108,1.0388581098274945,0.9859870980626108,0.9859933981621911,0.9859933981621911,1.0,1.0388636994540574,1.0
ECU,Ecuador,Latin America & Caribbean,South America,2026,0.9474,0.9603999999999999,0.9469999999999998,0.9086000000000001,1.0,1.0,0.9864662677589264,1.0422650928575243,0.9864662677589264,0.9864639733444399,0.9864639733444399,1.0,1.0422628219238386,1.0
EGY,Egypt,Middle East & North Africa,Africa,2015,0.502,0.649,0.827,0.957,0.745,0.876,0.773497688751926,0.864158829676071,0.773497688751926,0.773497688751926,0.773497688751926,0.864158829676071,0.864158829676071,0.864158829676071
EGY,Egypt,Middle East & North Africa,Africa,2016,0.537,0.68,0.842,0.963,0.77,0.889,0.7897058823529411,0.8743509865005192,0.7897058823529411,0.7897058823529411,0.7897058823529411,0.8743509865005192,0.8743509865005192,0.8743509865005192
EGY,Egypt,Middle East & North Africa,Africa,2017,0.557,0.696,0.83,0.945,0.788,0.895,0.8002873563218392,0.8783068783068783,0.8002873563218392,0.8002873563218392,0.8002873563218392,0.8783068783068783,0.8783068783068783,0.8783068783068783
EGY,Egypt,Middle East & North Africa,Africa,2018,0.579,0.72,0.838,0.959,0.793,0.895,0.8041666666666666,0.8738269030239834,0.8041666666666666,0.8041666666666666,0.8041666666666666,0.8738269030239834,0.8738269030239834,0.8738269030239834
EGY,Egypt,Middle East & North Africa,Africa,2019,0.589,0.7338333333333332,0.8391666666666667,0.97275,0.77975,0.8848333333333334,0.8026390647065021,0.8626577001064799,0.8026390647065021,0.8026345673404498,0.8026345673404498,0.8626577001064799,0.8626745481024587,0.8626745481024587
EGY,Egypt,Middle East & North Africa,Africa,2020,0.6341666666666667,0.7798333333333334,0.8770833333333333,0.9968333333333333,0.809,0.9028333333333333,0.8132183905842068,0.8798373820448586,0.8132183905842068,0.8132079504167556,0.8132079504167556,0.8798373820448586,0.8798695870255809,0.8798695870255809
EGY,Egypt,Middle East & North Africa,Africa,2021,0.6795833333333334,0.8249999999999998,0.9170833333333334,1.0,0.8476666666666667,0.9273333333333333,0.8237389158283115,0.9170833333333334,0.8237389158283115,0.823737373737374,0.823737373737374,0.9170833333333334,0.9170833333333334,0.9170833333333334
EGY,Egypt,Middle East & North Africa,Africa,2022,0.7054166666666667,0.8508333333333332,0.9325833333333334,1.0,0.8595833333333333,0.9338333333333334,0.8290989351969524,0.9325833333333334,0.8290989351969524,0.8290891283055829,0.8290891283055829,0.9325833333333334,0.9325833333333334,0.9325833333333334
EGY,Egypt,Middle East & North Africa,Africa,2023,0.69375,0.8278333333333333,0.8955000000000001,0.9939166666666667,0.8383333333333334,0.9185833333333333,0.83804997227063,0.9008328802748414,0.83804997227063,0.8380310046305617,0.8380310046305617,0.9008328802748414,0.9009809675526118,0.9009809675526118
EGY,Egypt,Middle East & North Africa,Africa,2024,0.7480833333333333,0.8839166666666666,0.9393333333333334,0.9999166666666667,0.8850833333333333,0.947,0.846322698760793,0.9394073239906572,0.846322698760793,0.8463278966720091,0.8463278966720091,0.9394073239906572,0.939411617634803,0.939411617634803
EGY,Egypt,Middle East & North Africa,Africa,2025,0.7815,0.9171666666666667,0.9593333333333334,1.0,0.9088333333333334,0.9605833333333332,0.8520870172627335,0.9593333333333334,0.8520870172627335,0.8520806832636744,0.8520806832636744,0.9593333333333334,0.9593333333333334,0.9593333333333334
EGY,Egypt,Middle East & North Africa,Africa,2026,0.8124,0.9475999999999999,0.977,1.0,0.9294,0.9722,0.8573239116130097,0.977,0.8573239116130097,0.8573237653018152,0.8573237653018152,0.977,0.977,0.977
ERI,Eritrea,Sub-Saharan Africa,Africa,2015,0.089,0.205,0.515,0.671,0.525,0.752,0.43414634146341463,0.767511177347243,0.43414634146341463,0.43414634146341463,0.43414634146341463,0.767511177347243,0.767511177347243,0.767511177347243
ERI,Eritrea,Sub-Saharan Africa,Africa,2016,0.113,0.227,0.521,0.673,0.538,0.758,0.4977973568281938,0.774145616641902,0.4977973568281938,0.4977973568281938,0.4977973568281938,0.774145616641902,0.774145616641902,0.774145616641902
ERI,Eritrea,Sub-Saharan Africa,Africa,2017,0.131,0.244,0.531,0.68,0.547,0.764,0.5368852459016393,0.7808823529411765,0.5368852459016393,0.5368852459016393,0.5368852459016393,0.7808823529411765,0.7808823529411765,0.7808823529411765
ERI,Eritrea,Sub-Saharan Africa,Africa,2018,0.164,0.275,0.545,0.689,0.563,0.772,0.5963636363636363,0.79100145137881,0.5963636363636363,0.5963636363636363,0.5963636363636363,0.79100145137881,0.79100145137881,0.79100145137881
ERI,Eritrea,Sub-Saharan Africa,Africa,2019,0.17708333333333334,0.2860833333333333,0.5243333333333333,0.6774166666666667,0.5365,0.75375,0.6187043252267991,0.773804698360346,0.6187043252267991,0.6189921351587534,0.6189921351587534,0.773804698360346,0.774018944519621,0.774018944519621
ERI,Eritrea,Sub-Saharan Africa,Africa,2020,0.17300000000000001,0.27925,0.45425,0.6330833333333333,0.4405833333333333,0.6965,0.6185911298575534,0.7165475267343481,0.6185911298575534,0.6195165622202328,0.6195165622202328,0.7165475267343481,0.7175200737133078,0.7175200737133078
ERI,Eritrea,Sub-Saharan Africa,Africa,2021,0.18683333333333332,0.2940833333333333,0.44766666666666666,0.634,0.4186666666666667,0.6834166666666667,0.6352647368565819,0.7060468154212013,0.6352647368565819,0.6353074525361292,0.6353074525361292,0.7060468154212013,0.706098843322818,0.706098843322818
ERI,Eritrea,Sub-Saharan Africa,Africa,2022,0.21991666666666668,0.3254166666666667,0.48208333333333336,0.65525,0.46675,0.7104166666666667,0.675701894739677,0.7355682862372155,0.675701894739677,0.6758002560819462,0.6758002560819462,0.7355682862372155,0.7357242782652932,0.7357242782652932
ERI,Eritrea,Sub-Saharan Africa,Africa,2023,0.24650000000000002,0.3501666666666667,0.5084166666666666,0.6695000000000001,0.5069166666666667,0.7327499999999999,0.703937981572392,0.759372114519483,0.703937981572392,0.7039504997620182,0.7039504997620182,0.759372114519483,0.759397560368434,0.759397560368434
ERI,Eritrea,Sub-Saharan Africa,Africa,2024,0.2714166666666667,0.3740833333333333,0.5276666666666667,0.6813333333333333,0.5340833333333334,0.7476666666666666,0.7255458501153798,0.7744533115770639,0.7255458501153798,0.7255513477389175,0.7255513477389175,0.7744533115770639,0.7744618395303328,0.7744618395303328
ERI,Eritrea,Sub-Saharan Africa,Africa,2025,0.29991666666666666,0.4019166666666667,0.5604166666666667,0.701,0.5821666666666666,0.7745833333333333,0.7461017756514318,0.7991719929929683,0.7461017756514318,0.7462160481028405,0.7462160481028405,0.7991719929929683,0.7994531621493106,0.7994531621493106
ERI,Eritrea,Sub-Saharan Africa,Africa,2026,0.32320000000000004,0.4232,0.5715999999999999,0.7071999999999999,0.5976,0.7826000000000001,0.7637033114149451,0.80825189646536,0.7637033114149451,0.7637051039697543,0.7637051039697543,0.80825189646536,0.8082579185520361,0.8082579185520361
ESP,Spain,Europe & Central Asia,Europe,2015,0.753,0.746,0.891,0.886,0.948,1.0,1.009383378016086,1.0056433408577878,1.0,1.009383378016086,1.0,1.0,1.0056433408577878,1.0
ESP,Spain,Europe & Central Asia,Europe,2016,0.783,0.774,0.906,0.894,0.965,1.0,1.0116279069767442,1.0134228187919463,1.0,1.0116279069767442,1.0,1.0,1.0134228187919463,1.0
ESP,Spain,Europe & Central Asia,Europe,2017,0.807,0.798,0.92,0.907,0.975,1.0,1.0112781954887218,1.014332965821389,1.0,1.0112781954887218,1.0,1.0,1.014332965821389,1.0
ESP,Spain,Europe & Central Asia,Europe,2018,0.832,0.823,0.935,0.92,0.987,1.0,1.0109356014580801,1.016304347826087,1.0,1.0109356014580801,1.0,1.0,1.016304347826087,1.0
ESP,Spain,Europe & Central Asia,Europe,2019,0.8559166666666665,0.8490833333333333,0.9443333333333332,0.9289166666666667,0.9955833333333333,1.0,1.0080990690519203,1.0166217658739305,1.0,1.0080478947884972,1.0,1.0,1.0165963936485152,1.0
ESP,Spain,Europe & Central Asia,Europe,2020,0.8639166666666666,0.8530000000000001,0.9440833333333333,0.9203333333333333,1.0,1.0,1.012800543743017,1.0258072277029915,1.0,1.0127979679562327,1.0,1.0,1.0258058674393336,1.0
ESP,Spain,Europe & Central Asia,Europe,2021,0.8968333333333334,0.8858333333333334,0.9620833333333333,0.9370833333333334,1.0,1.0,1.0124276942803678,1.0266877775032777,1.0,1.01241768579492,1.0,1.0,1.0266785237883502,1.0
ESP,Spain,Europe & Central Asia,Europe,2022,0.9210833333333334,0.9148333333333333,0.9705833333333334,0.9504166666666666,1.0,1.0,1.0068341366514886,1.0212199160540922,1.0,1.0068318455092002,1.0,1.0,1.0212187637001315,1.0
ESP,Spain,Europe & Central Asia,Europe,2023,0.9304166666666668,0.9224166666666668,0.9774166666666666,0.9528333333333333,1.0,1.0,1.0086935530340566,1.0258314771341974,1.0,1.0086728701779746,1.0,1.0,1.0258002448836803,1.0
ESP,Spain,Europe & Central Asia,Europe,2024,0.9590833333333334,0.9511666666666666,0.98425,0.9592499999999999,1.0,1.0,1.0083195425399911,1.0260640774538365,1.0,1.008323111967759,1.0,1.0,1.0260620276257493,1.0
ESP,Spain,Europe & Central Asia,Europe,2025,0.9787499999999999,0.97275,0.9933333333333333,0.9685,1.0,1.0,1.0061652837141473,1.0256435470605563,1.0,1.0061680801850423,1.0,1.0,1.0256410256410255,1.0
ESP,Spain,Europe & Central Asia,Europe,2026,1.0,0.9962,0.9997999999999999,0.9725999999999999,1.0,1.0,1.0038166810220965,1.0279675020721377,1.0,1.003814495081309,1.0,1.0,1.0279662759613408,1.0
EST,Estonia,Europe & Central Asia,Europe,2015,0.778,0.761,0.904,0.866,0.993,1.0,1.0223390275952695,1.043879907621247,1.0,1.0223390275952695,1.0,1.0,1.043879907621247,1.0
EST,Estonia,Europe & Central Asia,Europe,2016,0.8,0.783,0.913,0.874,1.0,1.0,1.0217113665389528,1.0446224256292906,1.0,1.0217113665389528,1.0,1.0,1.0446224256292906,1.0
EST,Estonia,Europe & Central Asia,Europe,2017,0.83,0.811,0.93,0.886,1.0,1.0,1.0234278668310726,1.0496613995485329,1.0,1.0234278668310726,1.0,1.0,1.0496613995485329,1.0
EST,Estonia,Europe & Central Asia,Europe,2018,0.861,0.839,0.946,0.898,1.0,1.0,1.0262216924910608,1.0534521158129175,1.0,1.0262216924910608,1.0,1.0,1.0534521158129175,1.0
EST,Estonia,Europe & Central Asia,Europe,2019,0.8848333333333334,0.8638333333333333,0.955,0.9064166666666668,1.0,1.0,1.0243259338511566,1.0536062363870002,1.0,1.0243102450318349,1.0,1.0,1.0535993380527717,1.0
EST,Estonia,Europe & Central Asia,Europe,2020,0.8961666666666667,0.8721666666666666,0.953,0.9035833333333333,1.0,1.0,1.0275207954369583,1.054691959114154,1.0,1.0275176762851137,1.0,1.0,1.054689661532786,1.0
EST,Estonia,Europe & Central Asia,Europe,2021,0.93375,0.9075000000000001,0.9781666666666666,0.92125,1.0,1.0,1.0289276025875143,1.0617833746479413,1.0,1.0289256198347105,1.0,1.0,1.0617819990954318,1.0
EST,Estonia,Europe & Central Asia,Europe,2022,0.9611666666666666,0.9327500000000001,0.9815833333333334,0.9244166666666667,1.0,1.0,1.0304730974708052,1.0618456233800802,1.0,1.0304654694898596,1.0,1.0,1.061840800504823,1.0
EST,Estonia,Europe & Central Asia,Europe,2023,0.97375,0.9474999999999999,0.9891666666666666,0.9348333333333333,1.0,1.0,1.0277976873289165,1.0583532149186132,1.0,1.0277044854881268,1.0,1.0,1.0581208771617043,1.0
EST,Estonia,Europe & Central Asia,Europe,2024,0.9985833333333334,0.9753333333333334,0.9980833333333333,0.9376666666666668,1.0,1.0,1.0238421296137454,1.06443638200599,1.0,1.0238380041011619,1.0,1.0,1.0644329896907216,1.0
EST,Estonia,Europe & Central Asia,Europe,2025,1.0,0.9955833333333333,1.0,0.9466666666666667,1.0,1.0,1.0044449662143016,1.0563484833007437,1.0,1.0044362601489913,1.0,1.0,1.056338028169014,1.0
EST,Estonia,Europe & Central Asia,Europe,2026,1.0,1.0,1.0,0.9474,1.0,1.0,1.0,1.0555258331440491,1.0,1.0,1.0,1.0,1.0555203715431707,1.0
ETH,Ethiopia,Sub-Saharan Africa,Africa,2015,0.033,0.169,0.414,0.617,0.415,0.68,0.1952662721893491,0.6709886547811993,0.1952662721893491,0.1952662721893491,0.1952662721893491,0.6709886547811993,0.6709886547811993,0.6709886547811993
ETH,Ethiopia,Sub-Saharan Africa,Africa,2016,0.076,0.206,0.437,0.628,0.443,0.696,0.36893203883495146,0.695859872611465,0.36893203883495146,0.36893203883495146,0.36893203883495146,0.695859872611465,0.695859872611465,0.695859872611465
ETH,Ethiopia,Sub-Saharan Africa,Africa,2017,0.109,0.236,0.455,0.638,0.463,0.707,0.46186440677966106,0.713166144200627,0.46186440677966106,0.46186440677966106,0.46186440677966106,0.713166144200627,0.713166144200627,0.713166144200627
ETH,Ethiopia,Sub-Saharan Africa,Africa,2018,0.147,0.267,0.47,0.641,0.491,0.724,0.5505617977528089,0.7332293291731669,0.5505617977528089,0.5505617977528089,0.5505617977528089,0.7332293291731669,0.7332293291731669,0.7332293291731669
ETH,Ethiopia,Sub-Saharan Africa,Africa,2019,0.1805,0.29583333333333334,0.48425,0.6476666666666667,0.5035,0.7312500000000001,0.6098525653443231,0.7475561310689937,0.6098525653443231,0.6101408450704225,0.6101408450704225,0.7475561310689937,0.7476839938239835,0.7476839938239835
ETH,Ethiopia,Sub-Saharan Africa,Africa,2020,0.22066666666666668,0.33233333333333337,0.51325,0.6640833333333334,0.5365833333333333,0.7511666666666666,0.6639746988815393,0.7728550363987087,0.6639746988815393,0.6639919759277834,0.6639919759277834,0.7728550363987087,0.7728698707491529,0.7728698707491529
ETH,Ethiopia,Sub-Saharan Africa,Africa,2021,0.24050000000000002,0.35325,0.5268333333333334,0.6755,0.5533333333333333,0.7595833333333334,0.680809080971483,0.7799053129743542,0.680809080971483,0.6808209483368719,0.6808209483368719,0.7799053129743542,0.7799161115223292,0.7799161115223292
ETH,Ethiopia,Sub-Saharan Africa,Africa,2022,0.27366666666666667,0.38275,0.5496666666666666,0.6880833333333333,0.5789166666666666,0.7746666666666666,0.7149968001106849,0.7988293709052142,0.7149968001106849,0.715001088613107,0.715001088613107,0.7988293709052142,0.7988373501271648,0.7988373501271648
ETH,Ethiopia,Sub-Saharan Africa,Africa,2023,0.28141666666666665,0.3875,0.537,0.6789999999999999,0.5670833333333333,0.76625,0.7262048335015336,0.790818375499294,0.7262048335015336,0.7262365591397849,0.7262365591397849,0.790818375499294,0.7908689248895435,0.7908689248895435
ETH,Ethiopia,Sub-Saharan Africa,Africa,2024,0.316,0.4255,0.56475,0.701,0.5931666666666666,0.78125,0.742643754757918,0.8056120416123537,0.742643754757918,0.7426556991774383,0.7426556991774383,0.8056120416123537,0.8056348074179743,0.8056348074179743
ETH,Ethiopia,Sub-Saharan Africa,Africa,2025,0.3489166666666666,0.4604166666666667,0.591,0.7207499999999999,0.62075,0.7969166666666667,0.7578202717910875,0.8199645636863191,0.7578202717910875,0.7578280542986423,0.7578280542986423,0.8199645636863191,0.8199791883454736,0.8199791883454736
ETH,Ethiopia,Sub-Saharan Africa,Africa,2026,0.3774,0.4904,0.6104,0.7354,0.6406000000000001,0.808,0.7695767189073544,0.8300233957168723,0.7695767189073544,0.7695758564437194,0.7695758564437194,0.8300233957168723,0.8300244764753876,0.8300244764753876
FIN,Finland,Europe & Central Asia,Europe,2015,0.823,0.817,0.948,0.94,0.966,1.0,1.00734394124847,1.0085106382978724,1.0,1.00734394124847,1.0,1.0,1.0085106382978724,1.0
FIN,Finland,Europe & Central Asia,Europe,2016,0.844,0.836,0.957,0.945,0.978,1.0,1.0095693779904307,1.0126984126984127,1.0,1.0095693779904307,1.0,1.0,1.0126984126984127,1.0
FIN,Finland,Europe & Central Asia,Europe,2017,0.866,0.857,0.967,0.953,0.989,1.0,1.0105017502917153,1.0146904512067156,1.0,1.0105017502917153,1.0,1.0,1.0146904512067156,1.0
FIN,Finland,Europe & Central Asia,Europe,2018,0.886,0.877,0.978,0.963,0.997,1.0,1.0102622576966933,1.015576323987539,1.0,1.0102622576966933,1.0,1.0,1.015576323987539,1.0
FIN,Finland,Europe & Central Asia,Europe,2019,0.9091666666666667,0.9019166666666667,0.9871666666666666,0.97175,1.0,1.0,1.0080848640705458,1.0158870609075177,1.0,1.008038436662663,1.0,1.0,1.0158648486407684,1.0
FIN,Finland,Europe & Central Asia,Europe,2020,0.927,0.915,0.992,0.9701666666666666,1.0,1.0,1.0131147540983607,1.0225048750535282,1.0,1.0131147540983607,1.0,1.0,1.0225047242741798,1.0
FIN,Finland,Europe & Central Asia,Europe,2021,0.9464999999999999,0.9275833333333333,0.9963333333333333,0.9691666666666666,1.0,1.0,1.020411461584134,1.0280482228637438,1.0,1.0203934956427994,1.0,1.0,1.028030954428203,1.0
FIN,Finland,Europe & Central Asia,Europe,2022,0.9645,0.9436666666666667,0.9975833333333334,0.96875,1.0,1.0,1.0220971404615637,1.0297966742616882,1.0,1.022077004592017,1.0,1.0,1.0297634408602152,1.0
FIN,Finland,Europe & Central Asia,Europe,2023,0.9796666666666667,0.9661666666666666,1.0,0.9896666666666666,1.0,1.0,1.013965617144612,1.01049669556466,1.0,1.0139727445230293,1.0,1.0,1.010441226002021,1.0
FIN,Finland,Europe & Central Asia,Europe,2024,0.9991666666666666,0.98975,1.0,0.9881666666666667,1.0,1.0,1.0095208456482014,1.0120025497453236,1.0,1.0095141870842805,1.0,1.0,1.0119750379490637,1.0
FIN,Finland,Europe & Central Asia,Europe,2025,1.0,1.0,1.0,0.993,1.0,1.0,1.0,1.0070923832317928,1.0,1.0,1.0,1.0,1.0070493454179255,1.0
FIN,Finland,Europe & Central Asia,Europe,2026,1.0,1.0,1.0,0.9984,1.0,1.0,1.0,1.0016036088228617,1.0,1.0,1.0,1.0,1.001602564102564,1.0
FJI,Fiji,East Asia & Pacific,Oceania,2015,0.573,0.639,0.816,0.865,0.848,0.944,0.8967136150234741,0.9433526011560693,0.8967136150234741,0.8967136150234741,0.8967136150234741,0.9433526011560693,0.9433526011560693,0.9433526011560693
FJI,Fiji,East Asia & Pacific,Oceania,2016,0.612,0.67,0.833,0.868,0.873,0.96,0.9134328358208954,0.9596774193548386,0.9134328358208954,0.9134328358208954,0.9134328358208954,0.9596774193548386,0.9596774193548386,0.9596774193548386
FJI,Fiji,East Asia & Pacific,Oceania,2017,0.627,0.691,0.837,0.884,0.866,0.952,0.9073806078147613,0.9468325791855203,0.9073806078147613,0.9073806078147613,0.9073806078147613,0.9468325791855203,0.9468325791855203,0.9468325791855203
FJI,Fiji,East Asia & Pacific,Oceania,2018,0.655,0.716,0.847,0.891,0.879,0.959,0.914804469273743,0.9506172839506173,0.914804469273743,0.914804469273743,0.914804469273743,0.9506172839506173,0.9506172839506173,0.9506172839506173
FJI,Fiji,East Asia & Pacific,Oceania,2019,0.67225,0.73325,0.8525833333333334,0.89425,0.8865833333333333,0.9624166666666666,0.9168196643580679,0.9534013864378627,0.9168196643580679,0.9168087282645756,0.9168087282645756,0.9534013864378627,0.9534060199422235,0.9534060199422235
FJI,Fiji,East Asia & Pacific,Oceania,2020,0.6798333333333334,0.73775,0.8389166666666666,0.8788333333333332,0.8918333333333334,0.9632499999999999,0.9215049913671992,0.9545815652912034,0.9215049913671992,0.9214955382356265,0.9214955382356265,0.9545815652912034,0.9545799355205766,0.9545799355205766
FJI,Fiji,East Asia & Pacific,Oceania,2021,0.7034166666666666,0.7625000000000001,0.8504166666666667,0.8870833333333333,0.904,0.9704999999999999,0.9225213874041307,0.9586626170859897,0.9225213874041307,0.9225136612021856,0.9225136612021856,0.9586626170859897,0.9586660403945515,0.9586660403945515
FJI,Fiji,East Asia & Pacific,Oceania,2022,0.7398333333333333,0.7906666666666666,0.86075,0.89025,0.9195000000000001,0.9787499999999999,0.9357405704039858,0.9668596181146932,0.9357405704039858,0.93570826306914,0.93570826306914,0.9668596181146932,0.9668632406627352,0.9668632406627352
FJI,Fiji,East Asia & Pacific,Oceania,2023,0.7375833333333333,0.7863333333333333,0.8533333333333334,0.8836666666666666,0.91825,0.9754166666666667,0.9379733989411779,0.9656591392240078,0.9379733989411779,0.9380033912674861,0.9380033912674861,0.9656591392240078,0.9656733308185592,0.9656733308185592
FJI,Fiji,East Asia & Pacific,Oceania,2024,0.7857500000000001,0.8350833333333333,0.8780833333333334,0.9023333333333333,0.94075,0.9894166666666666,0.940917333336618,0.9731159338932905,0.940917333336618,0.9409240594751024,0.9409240594751024,0.9731159338932905,0.9731252308828964,0.9731252308828964
FJI,Fiji,East Asia & Pacific,Oceania,2025,0.8182499999999999,0.8706666666666667,0.8993333333333333,0.9203333333333333,0.9580833333333333,0.9981666666666666,0.9397943122891333,0.9771723141829498,0.9397943122891333,0.9397970903522204,0.9397970903522204,0.9771723141829498,0.9771821803694314,0.9771821803694314
FJI,Fiji,East Asia & Pacific,Oceania,2026,0.8455999999999999,0.8962,0.9092,0.9264000000000001,0.9705999999999999,1.0,0.9435396978689272,0.9814338560371807,0.9435396978689272,0.943539388529346,0.943539388529346,0.9814338560371807,0.9814335060449049,0.9814335060449049
FRA,France,Europe & Central Asia,Europe,2015,0.808,0.829,0.969,0.974,0.947,1.0,0.974668275030157,0.9948665297741273,0.974668275030157,0.974668275030157,0.974668275030157,0.9948665297741273,0.9948665297741273,0.9948665297741273
FRA,France,Europe & Central Asia,Europe,2016,0.828,0.848,0.975,0.979,0.955,1.0,0.9764150943396226,0.9959141981613892,0.9764150943396226,0.9764150943396226,0.9764150943396226,0.9959141981613892,0.9959141981613892,0.9959141981613892
FRA,France,Europe & Central Asia,Europe,2017,0.851,0.868,0.983,0.983,0.966,1.0,0.9804147465437788,1.0,0.9804147465437788,0.9804147465437788,0.9804147465437788,1.0,1.0,1.0
FRA,France,Europe & Central Asia,Europe,2018,0.876,0.891,0.994,0.991,0.978,1.0,0.9831649831649831,1.0030272452068618,0.9831649831649831,0.9831649831649831,0.9831649831649831,1.0,1.0030272452068618,1.0
FRA,France,Europe & Central Asia,Europe,2019,0.8959166666666666,0.9096666666666667,0.9969166666666666,0.99275,0.9881666666666667,1.0,0.9849095211236379,1.0042099611363806,0.9849095211236379,0.9848845731037008,0.9848845731037008,1.0,1.0041970956098378,1.0
FRA,France,Europe & Central Asia,Europe,2020,0.9095833333333334,0.91925,0.9986666666666667,0.989,0.9989166666666667,1.0,0.9894937956732051,1.0097903031029496,0.9894937956732051,0.9894841809446108,0.9894841809446108,1.0,1.0097741826761037,1.0
FRA,France,Europe & Central Asia,Europe,2021,0.9376666666666665,0.9493333333333333,1.0,1.0,1.0,1.0,0.9877120620591802,1.0,0.9877120620591802,0.9877106741573033,0.9877106741573033,1.0,1.0,1.0
FRA,France,Europe & Central Asia,Europe,2022,0.9546666666666667,0.961,1.0,0.9985833333333334,1.0,1.0,0.9934103369785552,1.0014200922744858,0.9934103369785552,0.993409642733264,0.993409642733264,1.0,1.001418676458316,1.0
FRA,France,Europe & Central Asia,Europe,2023,0.9594166666666667,0.9644166666666667,1.0,0.9948333333333333,1.0,1.0,0.9948826574785943,1.0052757568808934,0.9948826574785943,0.9948155188801521,0.9948155188801521,1.0,1.0051934997487015,1.0
FRA,France,Europe & Central Asia,Europe,2024,0.99375,0.99825,1.0,1.0,1.0,1.0,0.9954833590047918,1.0,0.9954833590047918,0.9954921111945906,0.9954921111945906,1.0,1.0,1.0
FRA,France,Europe & Central Asia,Europe,2025,0.9999166666666667,1.0,1.0,1.0,1.0,1.0,0.9999166666666667,1.0,0.9999166666666667,0.9999166666666667,0.9999166666666667,1.0,1.0,1.0
FRA,France,Europe & Central Asia,Europe,2026,1.0,1.0,1.0,1.0,1.0,1.0,1.0,1.0,1.0,1.0,1.0,1.0,1.0,1.0
FRO,Faroe Islands,Europe & Central Asia,Europe,2015,0.807,0.801,0.94,0.935,0.934,1.0,1.0074906367041199,1.0053475935828875,1.0,1.0074906367041199,1.0,1.0,1.0053475935828875,1.0
FRO,Faroe Islands,Europe & Central Asia,Europe,2016,0.834,0.829,0.957,0.949,0.946,1.0,1.006031363088058,1.0084299262381453,1.0,1.006031363088058,1.0,1.0,1.0084299262381453,1.0
FRO,Faroe Islands,Europe & Central Asia,Europe,2017,0.86,0.856,0.971,0.961,0.958,1.0,1.0046728971962617,1.0104058272632674,1.0,1.0046728971962617,1.0,1.0,1.0104058272632674,1.0
FRO,Faroe Islands,Europe & Central Asia,Europe,2018,0.885,0.88,0.984,0.971,0.969,1.0,1.0056818181818181,1.0133882595262615,1.0,1.0056818181818181,1.0,1.0,1.0133882595262615,1.0
FRO,Faroe Islands,Europe & Central Asia,Europe,2019,0.908,0.904,0.996,0.981,0.981,1.0,1.0044247787610618,1.0152905198776758,1.0,1.0044247787610618,1.0,1.0,1.0152905198776758,1.0
FRO,Faroe Islands,Europe & Central Asia,Europe,2020,0.9254166666666667,0.9188333333333333,0.9995833333333334,0.9814166666666666,0.9907499999999999,1.0,1.007163915994348,1.0185135777214942,1.0,1.0071648830038091,1.0,1.0,1.0185106563640995,1.0
FRO,Faroe Islands,Europe & Central Asia,Europe,2021,0.9554999999999999,0.94775,1.0,0.9953333333333333,1.0,1.0,1.0081785551925353,1.0046912995690098,1.0,1.0081772619361644,1.0,1.0,1.0046885465505693,1.0
FRO,Faroe Islands,Europe & Central Asia,Europe,2022,0.9798333333333332,0.97425,1.0,1.0,1.0,1.0,1.005733919556781,1.0,1.0,1.005730904114276,1.0,1.0,1.0,1.0
FRO,Faroe Islands,Europe & Central Asia,Europe,2023,0.9876666666666667,0.9855,1.0,1.0,1.0,1.0,1.0021722100619794,1.0,1.0,1.002198545577541,1.0,1.0,1.0,1.0
FRO,Faroe Islands,Europe & Central Asia,Europe,2024,1.0,1.0,1.0,1.0,1.0,1.0,1.0,1.0,1.0,1.0,1.0,1.0,1.0,1.0
FRO,Faroe Islands,Europe & Central Asia,Europe,2025,1.0,1.0,1.0,1.0,1.0,1.0,1.0,1.0,1.0,1.0,1.0,1.0,1.0,1.0
FRO,Faroe Islands,Europe & Central Asia,Europe,2026,1.0,1.0,1.0,1.0,1.0,1.0,1.0,1.0,1.0,1.0,1.0,1.0,1.0,1.0
FSM,"Micronesia, Federated States of",East Asia & Pacific,Oceania,2015,0.383,0.429,0.717,0.753,0.855,0.942,0.8927738927738929,0.9521912350597609,0.8927738927738929,0.8927738927738929,0.8927738927738929,0.9521912350597609,0.9521912350597609,0.9521912350597609
FSM,"Micronesia, Federated States of",East Asia & Pacific,Oceania,2016,0.407,0.453,0.723,0.759,0.857,0.943,0.8984547461368653,0.9525691699604742,0.8984547461368653,0.8984547461368653,0.8984547461368653,0.9525691699604742,0.9525691699604742,0.9525691699604742
FSM,"Micronesia, Federated States of",East Asia & Pacific,Oceania,2017,0.436,0.479,0.735,0.767,0.864,0.947,0.9102296450939458,0.9582790091264667,0.9102296450939458,0.9102296450939458,0.9102296450939458,0.9582790091264667,0.9582790091264667,0.9582790091264667
FSM,"Micronesia, Federated States of",East Asia & Pacific,Oceania,2018,0.463,0.505,0.747,0.776,0.871,0.952,0.9168316831683169,0.9626288659793815,0.9168316831683169,0.9168316831683169,0.9168316831683169,0.9626288659793815,0.9626288659793815,0.9626288659793815
FSM,"Micronesia, Federated States of",East Asia & Pacific,Oceania,2019,0.4830833333333333,0.5266666666666667,0.7608333333333334,0.7867500000000001,0.8798333333333334,0.9569166666666665,0.9172001020156982,0.9670987188527188,0.9172001020156982,0.9172468354430379,0.9172468354430379,0.9670987188527188,0.9670585743035695,0.9670585743035695
FSM,"Micronesia, Federated States of",East Asia & Pacific,Oceania,2020,0.5139166666666667,0.5485000000000001,0.7578333333333332,0.7753333333333333,0.8896666666666667,0.9632499999999999,0.9369581459477433,0.977435626002597,0.9369581459477433,0.9369492555454267,0.9369492555454267,0.977435626002597,0.9774290627687016,0.9774290627687016
FSM,"Micronesia, Federated States of",East Asia & Pacific,Oceania,2021,0.5397500000000001,0.5735,0.7600000000000001,0.7773333333333333,0.8895,0.9630833333333334,0.941162362372635,0.9777072195614424,0.941162362372635,0.9411508282476025,0.9411508282476025,0.9777072195614424,0.9777015437392798,0.9777015437392798
FSM,"Micronesia, Federated States of",East Asia & Pacific,Oceania,2022,0.5643333333333332,0.5998333333333333,0.771,0.7885833333333334,0.8941666666666667,0.96525,0.9408164375827405,0.9777027393408494,0.9408164375827405,0.9408168935815503,0.9408168935815503,0.9777027393408494,0.9777026313008559,0.9777026313008559
FSM,"Micronesia, Federated States of",East Asia & Pacific,Oceania,2023,0.5766666666666667,0.6149166666666667,0.78225,0.7988333333333334,0.9045833333333334,0.9698333333333333,0.9377938524756778,0.979257374242697,0.9377938524756778,0.9377964493833852,0.9377964493833852,0.979257374242697,0.9792405591487585,0.9792405591487585
FSM,"Micronesia, Federated States of",East Asia & Pacific,Oceania,2024,0.61375,0.6491666666666667,0.7859166666666667,0.8009166666666667,0.9073333333333333,0.9715833333333332,0.9454362387549211,0.9812745014079374,0.9454362387549211,0.9454428754813864,0.9454428754813864,0.9812745014079374,0.9812714597856622,0.9812714597856622
FSM,"Micronesia, Federated States of",East Asia & Pacific,Oceania,2025,0.646,0.6829166666666667,0.7976666666666667,0.8115,0.9134166666666667,0.9751666666666666,0.9459486872951158,0.9829599490491182,0.9459486872951158,0.9459426479560707,0.9459426479560707,0.9829599490491182,0.9829533785171494,0.9829533785171494
FSM,"Micronesia, Federated States of",East Asia & Pacific,Oceania,2026,0.6716,0.7064,0.8034000000000001,0.8141999999999999,0.9222000000000001,0.9800000000000001,0.9507373860950128,0.9867357807023408,0.9507373860950128,0.950736126840317,0.950736126840317,0.9867357807023408,0.986735445836404,0.986735445836404
GAB,Gabon,Sub-Saharan Africa,Africa,2015,0.571,0.641,0.86,0.892,0.856,0.958,0.8907956318252729,0.9641255605381166,0.8907956318252729,0.8907956318252729,0.8907956318252729,0.9641255605381166,0.9641255605381166,0.9641255605381166
GAB,Gabon,Sub-Saharan Africa,Africa,2016,0.591,0.657,0.861,0.889,0.866,0.962,0.8995433789954337,0.968503937007874,0.8995433789954337,0.8995433789954337,0.8995433789954337,0.968503937007874,0.968503937007874,0.968503937007874
GAB,Gabon,Sub-Saharan Africa,Africa,2017,0.621,0.682,0.873,0.892,0.887,0.974,0.9105571847507331,0.9786995515695067,0.9105571847507331,0.9105571847507331,0.9105571847507331,0.9786995515695067,0.9786995515695067,0.9786995515695067
GAB,Gabon,Sub-Saharan Africa,Africa,2018,0.64,0.702,0.885,0.904,0.892,0.976,0.9116809116809118,0.9789823008849557,0.9116809116809118,0.9116809116809118,0.9116809116809118,0.9789823008849557,0.9789823008849557,0.9789823008849557
GAB,Gabon,Sub-Saharan Africa,Africa,2019,0.6567500000000001,0.722,0.8888333333333334,0.9125833333333334,0.8930833333333333,0.9745833333333334,0.909650366523386,0.9739761148999241,0.909650366523386,0.9096260387811635,0.9096260387811635,0.9739761148999241,0.9739749794539311,0.9739749794539311
GAB,Gabon,Sub-Saharan Africa,Africa,2020,0.6775833333333333,0.7361666666666666,0.8855833333333334,0.9021666666666667,0.9103333333333333,0.9824999999999999,0.9204173975684374,0.981617023571339,0.9204173975684374,0.9204211002943175,0.9204211002943175,0.981617023571339,0.9816183262516165,0.9816183262516165
GAB,Gabon,Sub-Saharan Africa,Africa,2021,0.693,0.7535833333333333,0.911,0.9246666666666666,0.9193333333333333,0.9907499999999999,0.9196108390152183,0.9852216558177664,0.9196108390152183,0.9196063253345129,0.9196063253345129,0.9852216558177664,0.9852198990627253,0.9852198990627253
GAB,Gabon,Sub-Saharan Africa,Africa,2022,0.7206666666666667,0.7792500000000001,0.9215833333333334,0.9317500000000001,0.9320833333333334,0.9970833333333333,0.9248334905862511,0.9890859353080037,0.9248334905862511,0.9248208747727514,0.9248208747727514,0.9890859353080037,0.9890886325015652,0.9890886325015652
GAB,Gabon,Sub-Saharan Africa,Africa,2023,0.7213333333333333,0.77625,0.9101666666666667,0.9211666666666667,0.9280833333333334,0.9920833333333333,0.9292483520418386,0.9880372109409187,0.9292483520418386,0.9292538915727321,0.9292538915727321,0.9880372109409187,0.9880586213135516,0.9880586213135516
GAB,Gabon,Sub-Saharan Africa,Africa,2024,0.7672500000000001,0.8250833333333333,0.9415833333333333,0.9459166666666666,0.9555833333333332,0.9995833333333334,0.929903789374296,0.9954071529144389,0.929903789374296,0.9299060700939301,0.9299060700939301,0.9954071529144389,0.9954189058232755,0.9954189058232755
GAB,Gabon,Sub-Saharan Africa,Africa,2025,0.7966666666666667,0.8539166666666667,0.9564166666666667,0.9555833333333332,0.9732500000000001,1.0,0.9329569781196132,1.0008674005011986,0.9329569781196132,0.9329559871181811,0.9329559871181811,1.0,1.0008720676724516,1.0
GAB,Gabon,Sub-Saharan Africa,Africa,2026,0.8245999999999999,0.8827999999999999,0.9714,0.9676,0.9878,1.0,0.9340711193602511,1.0039218432945058,0.9340711193602511,0.9340734028092432,0.9340734028092432,1.0,1.0039272426622572,1.0
GBR,United Kingdom,Europe & Central Asia,Europe,2015,0.82,0.819,0.947,0.947,0.952,1.0,1.0012210012210012,1.0,1.0,1.0012210012210012,1.0,1.0,1.0,1.0
GBR,United Kingdom,Europe & Central Asia,Europe,2016,0.84,0.836,0.947,0.944,0.963,1.0,1.0047846889952152,1.0031779661016949,1.0,1.0047846889952152,1.0,1.0,1.0031779661016949,1.0
GBR,United Kingdom,Europe & Central Asia,Europe,2017,0.863,0.857,0.954,0.947,0.974,1.0,1.0070011668611436,1.0073917634635692,1.0,1.0070011668611436,1.0,1.0,1.0073917634635692,1.0
GBR,United Kingdom,Europe & Central Asia,Europe,2018,0.885,0.879,0.966,0.956,0.985,1.0,1.006825938566553,1.0104602510460252,1.0,1.006825938566553,1.0,1.0,1.0104602510460252,1.0
GBR,United Kingdom,Europe & Central Asia,Europe,2019,0.907,0.9075000000000001,0.9744166666666666,0.972,0.9831666666666666,1.0,0.999447719315269,1.0024862836678095,0.999447719315269,0.9994490358126721,0.9994490358126721,1.0,1.0024862825788752,1.0
GBR,United Kingdom,Europe & Central Asia,Europe,2020,0.9191666666666668,0.9081666666666667,0.9736666666666666,0.9543333333333334,1.0,1.0,1.0121443339295981,1.020279634493051,1.0,1.0121123141860893,1.0,1.0,1.0202584701362205,1.0
GBR,United Kingdom,Europe & Central Asia,Europe,2021,0.9435833333333332,0.9344166666666668,0.9838333333333332,0.9704999999999999,1.0,1.0,1.0098156859632745,1.0137421541992546,1.0,1.0098100419156333,1.0,1.0,1.013738622703074,1.0
GBR,United Kingdom,Europe & Central Asia,Europe,2022,0.9693333333333333,0.9605,0.9900833333333333,0.9784166666666666,1.0,1.0,1.009198913831345,1.0119255295161942,1.0,1.0091965989935796,1.0,1.0,1.0119240269142322,1.0
GBR,United Kingdom,Europe & Central Asia,Europe,2023,0.9818333333333333,0.9766666666666666,0.999,0.99025,1.0,1.0,1.0052736566912988,1.0088639639594752,1.0,1.0052901023890786,1.0,1.0,1.0088361524867457,1.0
GBR,United Kingdom,Europe & Central Asia,Europe,2024,0.9999166666666667,0.9996666666666667,1.0,0.9943333333333334,1.0,1.0,1.0002510040160641,1.005703242318543,1.0,1.0002500833611203,1.0,1.0,1.0056989607777405,1.0
GBR,United Kingdom,Europe & Central Asia,Europe,2025,1.0,1.0,1.0,0.99975,1.0,1.0,1.0,1.0002502502502504,1.0,1.0,1.0,1.0,1.000250062515629,1.0
GBR,United Kingdom,Europe & Central Asia,Europe,2026,1.0,1.0,1.0,1.0,1.0,1.0,1.0,1.0,1.0,1.0,1.0,1.0,1.0,1.0
GEO,Georgia,Europe & Central Asia,Asia,2015,0.664,0.693,0.812,0.823,0.913,0.977,0.9581529581529583,0.9866342648845687,0.9581529581529583,0.9581529581529583,0.9581529581529583,0.9866342648845687,0.9866342648845687,0.9866342648845687
GEO,Georgia,Europe & Central Asia,Asia,2016,0.692,0.722,0.824,0.834,0.924,0.982,0.9584487534626038,0.988009592326139,0.9584487534626038,0.9584487534626038,0.9584487534626038,0.988009592326139,0.988009592326139,0.988009592326139
GEO,Georgia,Europe & Central Asia,Asia,2017,0.738,0.762,0.849,0.844,0.954,1.0,0.968503937007874,1.0059241706161137,0.968503937007874,0.968503937007874,0.968503937007874,1.0,1.0059241706161137,1.0
GEO,Georgia,Europe & Central Asia,Asia,2018,0.779,0.801,0.869,0.86,0.973,1.0,0.9725343320848938,1.0104651162790699,0.9725343320848938,0.9725343320848938,0.9725343320848938,1.0,1.0104651162790699,1.0
GEO,Georgia,Europe & Central Asia,Asia,2019,0.8085,0.82775,0.8820833333333334,0.8642500000000001,0.9920833333333333,1.0,0.9767466854720533,1.020629165971059,0.9767466854720533,0.9767441860465116,0.9767441860465116,1.0,1.0206344614791245,1.0
GEO,Georgia,Europe & Central Asia,Asia,2020,0.8395833333333332,0.8569166666666667,0.8991666666666668,0.8695833333333334,1.0,1.0,0.9798060882918841,1.0340130494217543,0.9798060882918841,0.979772439949431,0.979772439949431,1.0,1.0340201245807379,1.0
GEO,Georgia,Europe & Central Asia,Asia,2021,0.8841666666666667,0.9023333333333333,0.9313333333333333,0.8965000000000001,1.0,1.0,0.9798677291408676,1.0388554534895997,0.9798677291408676,0.9798670114517917,0.9798670114517917,1.0,1.0388548057259712,1.0
GEO,Georgia,Europe & Central Asia,Asia,2022,0.9207500000000001,0.9329999999999999,0.95175,0.9109166666666667,1.0,1.0,0.9868870601483056,1.044831331256263,0.9868870601483056,0.9868703108252949,0.9868703108252949,1.0,1.0448266398316712,1.0
GEO,Georgia,Europe & Central Asia,Asia,2023,0.9253333333333335,0.9376666666666668,0.9505833333333333,0.9111666666666668,1.0,1.0,0.9868465035378828,1.043236621541625,0.9868465035378828,0.9868467827941699,0.9868467827941699,1.0,1.0432595573440642,1.0
GEO,Georgia,Europe & Central Asia,Asia,2024,0.9828333333333333,0.9915833333333333,0.9849166666666666,0.9370833333333333,1.0,1.0,0.9911470841877564,1.0510470707799133,0.9911470841877564,0.9911757290528617,0.9911757290528617,1.0,1.051044908848377,1.0
GEO,Georgia,Europe & Central Asia,Asia,2025,0.995,0.9965833333333333,0.9779166666666667,0.9266666666666667,1.0,1.0,0.9984015415410479,1.055307378353781,0.9984015415410479,0.9984112383978594,0.9984112383978594,1.0,1.0553057553956833,1.0
GEO,Georgia,Europe & Central Asia,Asia,2026,1.0,1.0,0.9945999999999999,0.9488,1.0,1.0,1.0,1.0484466183664338,1.0,1.0,1.0,1.0,1.0482715008431702,1.0
GHA,Ghana,Sub-Saharan Africa,Africa,2015,0.293,0.42,0.631,0.779,0.599,0.792,0.6976190476190476,0.810012836970475,0.6976190476190476,0.6976190476190476,0.6976190476190476,0.810012836970475,0.810012836970475,0.810012836970475
GHA,Ghana,Sub-Saharan Africa,Africa,2016,0.32,0.448,0.653,0.796,0.619,0.803,0.7142857142857143,0.8203517587939698,0.7142857142857143,0.7142857142857143,0.7142857142857143,0.8203517587939698,0.8203517587939698,0.8203517587939698
GHA,Ghana,Sub-Saharan Africa,Africa,2017,0.338,0.468,0.666,0.811,0.63,0.808,0.7222222222222222,0.8212083847102343,0.7222222222222222,0.7222222222222222,0.7222222222222222,0.8212083847102343,0.8212083847102343,0.8212083847102343
GHA,Ghana,Sub-Saharan Africa,Africa,2018,0.383,0.504,0.695,0.82,0.669,0.833,0.7599206349206349,0.8475609756097561,0.7599206349206349,0.7599206349206349,0.7599206349206349,0.8475609756097561,0.8475609756097561,0.8475609756097561
GHA,Ghana,Sub-Saharan Africa,Africa,2019,0.41483333333333333,0.5285833333333333,0.7014166666666667,0.8168333333333333,0.6894166666666667,0.8432499999999999,0.7847963900019418,0.8586812242141574,0.7847963900019418,0.7848021440958538,0.7848021440958538,0.8586812242141574,0.8587023056519079,0.8587023056519079
GHA,Ghana,Sub-Saharan Africa,Africa,2020,0.4558333333333333,0.5645,0.7284999999999999,0.8279166666666665,0.7296666666666667,0.8671666666666668,0.807459906686868,0.8798674920641564,0.807459906686868,0.8074992618836728,0.8074992618836728,0.8798674920641564,0.8799194765978863,0.8799194765978863
GHA,Ghana,Sub-Saharan Africa,Africa,2021,0.49866666666666665,0.6079166666666667,0.7685833333333334,0.85675,0.76925,0.8916666666666666,0.8202788348887201,0.8970832231995792,0.8202788348887201,0.8202878684030157,0.8202878684030157,0.8970832231995792,0.8970917225950784,0.8970917225950784
GHA,Ghana,Sub-Saharan Africa,Africa,2022,0.512,0.6156666666666667,0.7613333333333333,0.8455833333333334,0.7788333333333334,0.8945833333333333,0.83163084818895,0.9003402327035243,0.83163084818895,0.8316188413643747,0.8316188413643747,0.9003402327035243,0.9003646397950132,0.9003646397950132
GHA,Ghana,Sub-Saharan Africa,Africa,2023,0.5131666666666667,0.6103333333333333,0.7456666666666667,0.8297499999999999,0.7745833333333333,0.8898333333333334,0.8408065590862469,0.8986105581408413,0.8408065590862469,0.840797378481704,0.840797378481704,0.8986105581408413,0.8986642563020992,0.8986642563020992
GHA,Ghana,Sub-Saharan Africa,Africa,2024,0.5586666666666666,0.6565,0.781,0.8538333333333333,0.8145833333333333,0.9135,0.8509710360956871,0.9146708493569148,0.8509710360956871,0.8509774054328509,0.8509774054328509,0.9146708493569148,0.9146984188951787,0.9146984188951787
GHA,Ghana,Sub-Saharan Africa,Africa,2025,0.5861666666666666,0.6821666666666667,0.7952500000000001,0.8615833333333334,0.8353333333333333,0.92525,0.8592787625721932,0.9230028230044561,0.8592787625721932,0.8592719276814071,0.8592719276814071,0.9230028230044561,0.9230099622787504,0.9230099622787504
GHA,Ghana,Sub-Saharan Africa,Africa,2026,0.6168,0.7142,0.8141999999999999,0.8764,0.8538,0.9358000000000001,0.8636262840691098,0.9290281994429499,0.8636262840691098,0.8636236348361804,0.8636236348361804,0.9290281994429499,0.9290278411684162,0.9290278411684162
GIB,Gibraltar,Europe & Central Asia,Europe,2015,0.816,0.833,0.941,0.94,0.953,1.0,0.9795918367346939,1.001063829787234,0.9795918367346939,0.9795918367346939,0.9795918367346939,1.0,1.001063829787234,1.0
GIB,Gibraltar,Europe & Central Asia,Europe,2016,0.832,0.845,0.941,0.938,0.96,1.0,0.9846153846153846,1.0031982942430704,0.9846153846153846,0.9846153846153846,0.9846153846153846,1.0,1.0031982942430704,1.0
GIB,Gibraltar,Europe & Central Asia,Europe,2017,0.85,0.86,0.947,0.941,0.967,1.0,0.9883720930232558,1.006376195536663,0.9883720930232558,0.9883720930232558,0.9883720930232558,1.0,1.006376195536663,1.0
GIB,Gibraltar,Europe & Central Asia,Europe,2018,0.869,0.876,0.955,0.947,0.976,1.0,0.9920091324200914,1.0084477296726504,0.9920091324200914,0.9920091324200914,0.9920091324200914,1.0,1.0084477296726504,1.0
GIB,Gibraltar,Europe & Central Asia,Europe,2019,0.8835000000000001,0.8897499999999999,0.9591666666666666,0.9499999999999998,0.98375,1.0,0.992993730449783,1.009654939428026,0.992993730449783,0.9929755549311606,0.9929755549311606,1.0,1.0096491228070177,1.0
GIB,Gibraltar,Europe & Central Asia,Europe,2020,0.8988333333333333,0.9023333333333333,0.9624166666666666,0.9479166666666666,0.9941666666666666,1.0,0.9961666239297022,1.0153110429499796,0.9961666239297022,0.9961211673439231,0.9961211673439231,1.0,1.0152967032967033,1.0
GIB,Gibraltar,Europe & Central Asia,Europe,2021,0.9145833333333333,0.90925,0.9633333333333333,0.9427499999999999,1.0,1.0,1.0058879834833605,1.021841313728476,1.0,1.005865640179635,1.0,1.0,1.021833289136392,1.0
GIB,Gibraltar,Europe & Central Asia,Europe,2022,0.9344166666666668,0.9286666666666666,0.9708333333333333,0.9490833333333333,1.0,1.0,1.0061947557869124,1.022917392793526,1.0,1.0061916726489593,1.0,1.0,1.0229168495917114,1.0
GIB,Gibraltar,Europe & Central Asia,Europe,2023,0.9378333333333333,0.934,0.9770833333333333,0.9551666666666666,1.0,1.0,1.0040789006545292,1.022958483475537,1.0,1.0041042112776588,1.0,1.0,1.0229453847496075,1.0
GIB,Gibraltar,Europe & Central Asia,Europe,2024,0.9689166666666665,0.9628333333333333,0.985,0.9602499999999999,1.0,1.0,1.0063080958685966,1.025777709149429,1.0,1.0063181582136056,1.0,1.0,1.0257745378807603,1.0
GIB,Gibraltar,Europe & Central Asia,Europe,2025,0.9889166666666666,0.9816666666666666,0.9911666666666666,0.96375,1.0,1.0,1.0073837178067313,1.0284496481791257,1.0,1.0073853989813242,1.0,1.0,1.0284479031560743,1.0
GIB,Gibraltar,Europe & Central Asia,Europe,2026,1.0,1.0,0.9997999999999999,0.9704,1.0,1.0,1.0,1.0302976248383904,1.0,1.0,1.0,1.0,1.0302967848309974,1.0
GIN,Guinea,Sub-Saharan Africa,Africa,2015,0.038,0.217,0.493,0.725,0.447,0.694,0.17511520737327188,0.68,0.17511520737327188,0.17511520737327188,0.17511520737327188,0.68,0.68,0.68
GIN,Guinea,Sub-Saharan Africa,Africa,2016,0.075,0.249,0.501,0.729,0.467,0.703,0.3012048192771084,0.6872427983539094,0.3012048192771084,0.3012048192771084,0.3012048192771084,0.6872427983539094,0.6872427983539094,0.6872427983539094
GIN,Guinea,Sub-Saharan Africa,Africa,2017,0.105,0.279,0.526,0.749,0.485,0.714,0.3763440860215053,0.7022696929238985,0.3763440860215053,0.3763440860215053,0.3763440860215053,0.7022696929238985,0.7022696929238985,0.7022696929238985
GIN,Guinea,Sub-Saharan Africa,Africa,2018,0.129,0.304,0.547,0.765,0.501,0.724,0.4243421052631579,0.7150326797385621,0.4243421052631579,0.4243421052631579,0.4243421052631579,0.7150326797385621,0.7150326797385621,0.7150326797385621
GIN,Guinea,Sub-Saharan Africa,Africa,2019,0.16008333333333333,0.33441666666666664,0.5643333333333334,0.7803333333333334,0.51475,0.7315,0.4786385083904614,0.7231886101799825,0.4786385083904614,0.47869424370794916,0.47869424370794916,0.7231886101799825,0.7231952157197779,0.7231952157197779
GIN,Guinea,Sub-Saharan Africa,Africa,2020,0.17891666666666664,0.3569166666666666,0.5764166666666667,0.7955000000000001,0.5235,0.73475,0.5011954391146483,0.724577549222138,0.5011954391146483,0.5012841466261966,0.5012841466261966,0.724577549222138,0.7245966897129688,0.7245966897129688
GIN,Guinea,Sub-Saharan Africa,Africa,2021,0.20375,0.38083333333333336,0.5966666666666667,0.8093333333333333,0.5429166666666667,0.7465833333333333,0.5347418852391289,0.7371657676659301,0.5347418852391289,0.5350109409190371,0.5350109409190371,0.7371657676659301,0.7372322899505767,0.7372322899505767
GIN,Guinea,Sub-Saharan Africa,Africa,2022,0.24133333333333332,0.41616666666666663,0.6291666666666667,0.8344166666666667,0.5673333333333334,0.7621666666666668,0.57985263230071,0.7540085607727972,0.57985263230071,0.5798958750500601,0.5798958750500601,0.7540085607727972,0.7540197742934185,0.7540197742934185
GIN,Guinea,Sub-Saharan Africa,Africa,2023,0.25575,0.4275,0.6296666666666667,0.8324166666666666,0.5745,0.7648333333333334,0.5980503451176108,0.7563739996299351,0.5980503451176108,0.5982456140350877,0.5982456140350877,0.7563739996299351,0.7564320752828112,0.7564320752828112
GIN,Guinea,Sub-Saharan Africa,Africa,2024,0.29725,0.4730833333333333,0.6615833333333333,0.8583333333333334,0.6024999999999999,0.78125,0.6279638104177434,0.7706406462569864,0.6279638104177434,0.628324819446891,0.628324819446891,0.7706406462569864,0.7707766990291262,0.7707766990291262
GIN,Guinea,Sub-Saharan Africa,Africa,2025,0.3535,0.5325000000000001,0.7088333333333333,0.8922500000000001,0.6521666666666667,0.8113333333333334,0.6637931934169712,0.7944098360480941,0.6637931934169712,0.6638497652582158,0.6638497652582158,0.7944098360480941,0.7944335481460726,0.7944335481460726
GIN,Guinea,Sub-Saharan Africa,Africa,2026,0.409,0.5932,0.7564,0.9294,0.6952,0.8375999999999999,0.6894313904227303,0.8138262750679758,0.6894313904227303,0.6894807821982468,0.6894807821982468,0.8138262750679758,0.8138584032709274,0.8138584032709274
GMB,Gambia,Sub-Saharan Africa,Africa,2015,0.123,0.28,0.526,0.709,0.51,0.738,0.4392857142857142,0.7418899858956277,0.4392857142857142,0.4392857142857142,0.4392857142857142,0.7418899858956277,0.7418899858956277,0.7418899858956277
GMB,Gambia,Sub-Saharan Africa,Africa,2016,0.164,0.314,0.548,0.716,0.542,0.758,0.5222929936305732,0.7653631284916202,0.5222929936305732,0.5222929936305732,0.5222929936305732,0.7653631284916202,0.7653631284916202,0.7653631284916202
GMB,Gambia,Sub-Saharan Africa,Africa,2017,0.201,0.344,0.565,0.718,0.572,0.775,0.5843023255813954,0.786908077994429,0.5843023255813954,0.5843023255813954,0.5843023255813954,0.786908077994429,0.786908077994429,0.786908077994429
GMB,Gambia,Sub-Saharan Africa,Africa,2018,0.263,0.389,0.601,0.721,0.629,0.812,0.6760925449871465,0.8335644937586685,0.6760925449871465,0.6760925449871465,0.6760925449871465,0.8335644937586685,0.8335644937586685,0.8335644937586685
GMB,Gambia,Sub-Saharan Africa,Africa,2019,0.28924999999999995,0.41975,0.6156666666666667,0.73975,0.63725,0.8143333333333334,0.6890641760139401,0.8322304195205024,0.6890641760139401,0.689100655151876,0.689100655151876,0.8322304195205024,0.8322631519657542,0.8322631519657542
GMB,Gambia,Sub-Saharan Africa,Africa,2020,0.32233333333333336,0.4463333333333333,0.6320833333333333,0.7415833333333333,0.6671666666666667,0.832,0.7221912679963928,0.8523230915736648,0.7221912679963928,0.7221807318894699,0.7221807318894699,0.8523230915736648,0.852342959883133,0.852342959883133
GMB,Gambia,Sub-Saharan Africa,Africa,2021,0.34775,0.4715,0.6518333333333334,0.7565833333333334,0.6848333333333333,0.84275,0.7375462132202347,0.8615390581102101,0.7375462132202347,0.7375397667020149,0.7375397667020149,0.8615390581102101,0.8615486287036017,0.8615486287036017
GMB,Gambia,Sub-Saharan Africa,Africa,2022,0.3729166666666666,0.4950833333333333,0.6617500000000001,0.7639166666666667,0.6958333333333333,0.848,0.7532320259681583,0.8662146821101211,0.7532320259681583,0.7532401952533243,0.7532401952533243,0.8662146821101211,0.8662594087487728,0.8662594087487728
GMB,Gambia,Sub-Saharan Africa,Africa,2023,0.37766666666666665,0.49475,0.6471666666666667,0.75075,0.6873333333333335,0.8412499999999999,0.7633332832688349,0.8618949807165669,0.7633332832688349,0.7633484925046319,0.7633484925046319,0.8618949807165669,0.862026862026862,0.862026862026862
GMB,Gambia,Sub-Saharan Africa,Africa,2024,0.43166666666666664,0.5558333333333333,0.7026666666666667,0.7939166666666667,0.7404166666666666,0.8725833333333334,0.7765872098059212,0.8849664584322242,0.7765872098059212,0.7766116941529235,0.7766116941529235,0.8849664584322242,0.8850635037262516,0.8850635037262516
GMB,Gambia,Sub-Saharan Africa,Africa,2025,0.47025,0.5986666666666666,0.73625,0.8205833333333333,0.7719999999999999,0.89125,0.785502043289693,0.8971877708633018,0.785502043289693,0.7854955456570157,0.7854955456570157,0.8971877708633018,0.8972275820046715,0.8972275820046715
GMB,Gambia,Sub-Saharan Africa,Africa,2026,0.5072,0.6392,0.7674000000000001,0.8446,0.8024000000000001,0.9088,0.7934913772482207,0.9085874145557826,0.7934913772482207,0.7934918648310388,0.7934918648310388,0.9085874145557826,0.9085957849869761,0.9085957849869761
GNB,Guinea-Bissau,Sub-Saharan Africa,Africa,2015,0.041,0.197,0.43,0.655,0.413,0.673,0.20812182741116753,0.6564885496183206,0.20812182741116753,0.20812182741116753,0.20812182741116753,0.6564885496183206,0.6564885496183206,0.6564885496183206
GNB,Guinea-Bissau,Sub-Saharan Africa,Africa,2016,0.075,0.231,0.454,0.673,0.436,0.686,0.3246753246753247,0.6745913818722139,0.3246753246753247,0.3246753246753247,0.3246753246753247,0.6745913818722139,0.6745913818722139,0.6745913818722139
GNB,Guinea-Bissau,Sub-Saharan Africa,Africa,2017,0.107,0.263,0.48,0.693,0.458,0.699,0.4068441064638783,0.6926406926406926,0.4068441064638783,0.4068441064638783,0.4068441064638783,0.6926406926406926,0.6926406926406926,0.6926406926406926
GNB,Guinea-Bissau,Sub-Saharan Africa,Africa,2018,0.137,0.293,0.503,0.711,0.481,0.712,0.4675767918088738,0.7074542897327708,0.4675767918088738,0.4675767918088738,0.4675767918088738,0.7074542897327708,0.7074542897327708,0.7074542897327708
GNB,Guinea-Bissau,Sub-Saharan Africa,Africa,2019,0.14216666666666666,0.29283333333333333,0.472,0.6869166666666667,0.4535,0.6929166666666666,0.48528040705553405,0.6870570809509736,0.48528040705553405,0.48548662492885597,0.48548662492885597,0.6870570809509736,0.687128472643455,0.687128472643455
GNB,Guinea-Bissau,Sub-Saharan Africa,Africa,2020,0.20958333333333334,0.36191666666666666,0.553,0.73625,0.5529166666666667,0.7535,0.5789959453558396,0.7510608633466204,0.5789959453558396,0.5790927930002303,0.5790927930002303,0.7510608633466204,0.7511035653650255,0.7511035653650255
GNB,Guinea-Bissau,Sub-Saharan Africa,Africa,2021,0.23750000000000002,0.389,0.576,0.75375,0.5744999999999999,0.76625,0.6105094368003762,0.7641670649800143,0.6105094368003762,0.6105398457583547,0.6105398457583547,0.7641670649800143,0.7641791044776118,0.7641791044776118
GNB,Guinea-Bissau,Sub-Saharan Africa,Africa,2022,0.25566666666666665,0.4051666666666667,0.5800833333333333,0.755,0.58575,0.7712500000000001,0.6309908707739385,0.768309615633754,0.6309908707739385,0.6310160427807486,0.6310160427807486,0.768309615633754,0.7683222958057394,0.7683222958057394
GNB,Guinea-Bissau,Sub-Saharan Africa,Africa,2023,0.266,0.41183333333333333,0.5749166666666666,0.7487499999999999,0.5868333333333333,0.7701666666666668,0.6457588269023566,0.7677584771852272,0.6457588269023566,0.6458923512747876,0.6458923512747876,0.7677584771852272,0.7678352810239288,0.7678352810239288
GNB,Guinea-Bissau,Sub-Saharan Africa,Africa,2024,0.30583333333333335,0.4538333333333333,0.60825,0.7728333333333334,0.6235833333333333,0.7915833333333334,0.6738354464774798,0.7869992331187795,0.6738354464774798,0.6738890929122292,0.6738890929122292,0.7869992331187795,0.7870390338580978,0.7870390338580978
GNB,Guinea-Bissau,Sub-Saharan Africa,Africa,2025,0.34158333333333335,0.4915,0.6348333333333334,0.7933333333333333,0.64975,0.8065833333333333,0.6949603550114135,0.8001843370334338,0.6949603550114135,0.6949813496100373,0.6949813496100373,0.8001843370334338,0.8002100840336135,0.8002100840336135
GNB,Guinea-Bissau,Sub-Saharan Africa,Africa,2026,0.376,0.5272,0.6598,0.8114000000000001,0.6766,0.8221999999999999,0.7131986164512276,0.8131603304932928,0.7131986164512276,0.7132018209408194,0.7132018209408194,0.8131603304932928,0.8131624352970175,0.8131624352970175
GNQ,Equatorial Guinea,Sub-Saharan Africa,Africa,2015,0.298,0.412,0.624,0.81,0.486,0.73,0.7233009708737864,0.7703703703703704,0.7233009708737864,0.7233009708737864,0.7233009708737864,0.7703703703703704,0.7703703703703704,0.7703703703703704
GNQ,Equatorial Guinea,Sub-Saharan Africa,Africa,2016,0.32,0.429,0.627,0.803,0.514,0.744,0.745920745920746,0.7808219178082191,0.745920745920746,0.745920745920746,0.745920745920746,0.7808219178082191,0.7808219178082191,0.7808219178082191
GNQ,Equatorial Guinea,Sub-Saharan Africa,Africa,2017,0.347,0.455,0.649,0.817,0.541,0.759,0.7626373626373626,0.7943696450428397,0.7626373626373626,0.7626373626373626,0.7626373626373626,0.7943696450428397,0.7943696450428397,0.7943696450428397
GNQ,Equatorial Guinea,Sub-Saharan Africa,Africa,2018,0.377,0.482,0.671,0.829,0.571,0.776,0.7821576763485477,0.8094089264173704,0.7821576763485477,0.7821576763485477,0.7821576763485477,0.8094089264173704,0.8094089264173704,0.8094089264173704
GNQ,Equatorial Guinea,Sub-Saharan Africa,Africa,2019,0.39725000000000005,0.4994166666666667,0.6725,0.8249166666666666,0.5923333333333333,0.7854166666666668,0.7954152203960367,0.8152094018249224,0.7954152203960367,0.7954279993325547,0.7954279993325547,0.8152094018249224,0.8152338620062632,0.8152338620062632
GNQ,Equatorial Guinea,Sub-Saharan Africa,Africa,2020,0.42616666666666664,0.5215,0.6933333333333334,0.8248333333333333,0.6451666666666667,0.8155833333333332,0.8171867381953426,0.8405581348981319,0.8171867381953426,0.817193991690636,0.817193991690636,0.8405581348981319,0.8405738533036978,0.8405738533036978
GNQ,Equatorial Guinea,Sub-Saharan Africa,Africa,2021,0.45216666666666666,0.5480833333333334,0.721,0.8470833333333333,0.6656666666666667,0.8285833333333333,0.8249960802970994,0.8511548693008767,0.8249960802970994,0.8249961988748669,0.8249961988748669,0.8511548693008767,0.8511559272011805,0.8511559272011805
GNQ,Equatorial Guinea,Sub-Saharan Africa,Africa,2022,0.4718333333333333,0.5658333333333333,0.7255833333333332,0.8488333333333333,0.6781666666666667,0.8340833333333334,0.8338713682857573,0.8547949296465784,0.8338713682857573,0.8338733431516937,0.8338733431516937,0.8547949296465784,0.8548007068525426,0.8548007068525426
GNQ,Equatorial Guinea,Sub-Saharan Africa,Africa,2023,0.4984166666666667,0.58975,0.7474166666666666,0.8600833333333333,0.713,0.8535833333333334,0.8451165050106689,0.8689814332566478,0.8451165050106689,0.8451321181291508,0.8451321181291508,0.8689814332566478,0.8690049413816491,0.8690049413816491
GNQ,Equatorial Guinea,Sub-Saharan Africa,Africa,2024,0.531,0.6213333333333333,0.7718333333333334,0.8751666666666668,0.7454999999999999,0.872,0.8546110872251257,0.8819201557482486,0.8546110872251257,0.8546137339055795,0.8546137339055795,0.8819201557482486,0.881927251952009,0.881927251952009
GNQ,Equatorial Guinea,Sub-Saharan Africa,Africa,2025,0.5577500000000001,0.6451666666666667,0.794,0.88675,0.7820833333333334,0.8923333333333333,0.8645049417242041,0.8954024360394542,0.8645049417242041,0.8645052957892019,0.8645052957892019,0.8954024360394542,0.895404567239921,0.895404567239921
GNQ,Equatorial Guinea,Sub-Saharan Africa,Africa,2026,0.5837999999999999,0.67,0.8056000000000001,0.893,0.7966,0.9004,0.8713432835820895,0.902127659574468,0.8713432835820895,0.8713432835820893,0.8713432835820893,0.902127659574468,0.9021276595744682,0.9021276595744682
GRC,Greece,Europe & Central Asia,Europe,2015,0.785,0.838,0.958,0.988,0.924,0.987,0.9367541766109786,0.9696356275303644,0.9367541766109786,0.9367541766109786,0.9367541766109786,0.9696356275303644,0.9696356275303644,0.9696356275303644
GRC,Greece,Europe & Central Asia,Europe,2016,0.797,0.851,0.961,0.991,0.928,0.988,0.936545240893067,0.9697275479313824,0.936545240893067,0.936545240893067,0.936545240893067,0.9697275479313824,0.9697275479313824,0.9697275479313824
GRC,Greece,Europe & Central Asia,Europe,2017,0.819,0.87,0.967,0.995,0.937,0.993,0.9413793103448276,0.971859296482412,0.9413793103448276,0.9413793103448276,0.9413793103448276,0.971859296482412,0.971859296482412,0.971859296482412
GRC,Greece,Europe & Central Asia,Europe,2018,0.843,0.892,0.975,1.0,0.946,0.997,0.9450672645739909,0.975,0.9450672645739909,0.9450672645739909,0.9450672645739909,0.975,0.975,0.975
GRC,Greece,Europe & Central Asia,Europe,2019,0.8595833333333333,0.9053333333333334,0.9731666666666666,0.9964166666666667,0.9525833333333332,0.9979166666666667,0.9494768718280082,0.9766599634452874,0.9494768718280082,0.9494661266568482,0.9494661266568482,0.9766599634452874,0.9766663878899389,0.9766663878899389
GRC,Greece,Europe & Central Asia,Europe,2020,0.874,0.9170000000000001,0.9715833333333332,0.9923333333333333,0.9622499999999999,1.0,0.9531153173169774,0.9790897694583371,0.9531153173169774,0.9531079607415484,0.9531079607415484,0.9790897694583371,0.9790896876049714,0.9790896876049714
GRC,Greece,Europe & Central Asia,Europe,2021,0.9020833333333335,0.9434166666666667,0.99025,1.0,0.975,1.0,0.9561886127234202,0.99025,0.9561886127234202,0.9561876159349882,0.9561876159349882,0.99025,0.99025,0.99025
GRC,Greece,Europe & Central Asia,Europe,2022,0.9282500000000001,0.9676666666666667,0.9976666666666666,1.0,0.987,1.0,0.9592743210879106,0.9976666666666666,0.9592743210879106,0.959266276265932,0.959266276265932,0.9976666666666666,0.9976666666666666,0.9976666666666666
GRC,Greece,Europe & Central Asia,Europe,2023,0.9265,0.9615,0.9850833333333333,0.9958333333333332,0.9830833333333334,0.9999166666666667,0.9635973594873212,0.989164857874597,0.9635973594873212,0.9635985439417576,0.9635985439417576,0.989164857874597,0.9892050209205022,0.9892050209205022
GRC,Greece,Europe & Central Asia,Europe,2024,0.9643333333333333,0.9969166666666668,0.9984999999999999,0.99975,0.9986666666666667,1.0,0.9673112247890773,0.9987462387161484,0.9673112247890773,0.967315890662877,0.967315890662877,0.9987462387161484,0.9987496874218553,0.9987496874218553
GRC,Greece,Europe & Central Asia,Europe,2025,0.9766666666666666,0.9981666666666666,0.9980833333333333,0.9996666666666667,1.0,1.0,0.9784482220345251,0.9984143239625167,0.9784482220345251,0.9784605109367173,0.9784605109367173,0.9984143239625167,0.9984161387129042,0.9984161387129042
GRC,Greece,Europe & Central Asia,Europe,2026,1.0,1.0,1.0,1.0,1.0,1.0,1.0,1.0,1.0,1.0,1.0,1.0,1.0,1.0
GRD,Grenada,Latin America & Caribbean,North America,2015,0.634,0.637,0.806,0.803,0.914,0.983,0.9952904238618524,1.00373599003736,0.9952904238618524,0.9952904238618524,0.9952904238618524,1.0,1.00373599003736,1.0
GRD,Grenada,Latin America & Caribbean,North America,2016,0.665,0.665,0.823,0.812,0.931,0.993,1.0,1.0135467980295565,1.0,1.0,1.0,1.0,1.0135467980295565,1.0
GRD,Grenada,Latin America & Caribbean,North America,2017,0.681,0.686,0.831,0.826,0.93,0.991,0.9927113702623906,1.0060532687651331,0.9927113702623906,0.9927113702623906,0.9927113702623906,1.0,1.0060532687651331,1.0
GRD,Grenada,Latin America & Caribbean,North America,2018,0.722,0.719,0.85,0.83,0.957,1.0,1.004172461752434,1.0240963855421688,1.0,1.004172461752434,1.0,1.0,1.0240963855421688,1.0
GRD,Grenada,Latin America & Caribbean,North America,2019,0.7475,0.74225,0.85925,0.8341666666666666,0.9689166666666665,1.0,1.0070794887459866,1.0300740340683971,1.0,1.0070730885820143,1.0,1.0,1.03006993006993,1.0
GRD,Grenada,Latin America & Caribbean,North America,2020,0.76125,0.75975,0.8595,0.8363333333333333,0.9731666666666666,1.0,1.0020037624077829,1.0277094407523808,1.0,1.001974333662389,1.0,1.0,1.027700278995616,1.0
GRD,Grenada,Latin America & Caribbean,North America,2021,0.7678333333333334,0.7783333333333333,0.863,0.8589166666666667,0.955,1.0,0.9865140166486897,1.0047566976800784,0.9865140166486897,0.9865096359743041,0.9865096359743041,1.0,1.0047540506451926,1.0
GRD,Grenada,Latin America & Caribbean,North America,2022,0.8000000000000002,0.8086666666666668,0.87675,0.86875,0.9678333333333332,1.0,0.9892851377255463,1.009208757833444,0.9892851377255463,0.989282769991756,0.989282769991756,1.0,1.0092086330935253,1.0
GRD,Grenada,Latin America & Caribbean,North America,2023,0.8083333333333332,0.8165833333333333,0.88125,0.8716666666666667,0.9765,1.0,0.9898711774681043,1.0110075611788873,0.9898711774681043,0.9898969282579854,0.9898969282579854,1.0,1.0109942638623326,1.0
GRD,Grenada,Latin America & Caribbean,North America,2024,0.8490833333333333,0.8579166666666667,0.8965833333333334,0.8845833333333334,0.9874166666666667,1.0,0.9897032367256214,1.0135683970505125,0.9897032367256214,0.989703739679456,0.989703739679456,1.0,1.0135657089024965,1.0
GRD,Grenada,Latin America & Caribbean,North America,2025,0.8719166666666666,0.8814166666666666,0.9069166666666667,0.89275,0.9972500000000001,1.0,0.9892177759210702,1.0158693068480342,0.9892177759210702,0.9892218965680248,0.9892218965680248,1.0,1.015868570895174,1.0
GRD,Grenada,Latin America & Caribbean,North America,2026,0.8974,0.9044000000000001,0.9124000000000001,0.8952,1.0,1.0,0.9922603003217436,1.0192144553213764,0.9922603003217436,0.9922600619195046,0.9922600619195046,1.0,1.0192135835567473,1.0
GRL,Greenland,Europe & Central Asia,North America,2015,0.679,0.688,0.917,0.913,0.904,0.997,0.986918604651163,1.004381161007667,0.986918604651163,0.986918604651163,0.986918604651163,1.0,1.004381161007667,1.0
GRL,Greenland,Europe & Central Asia,North America,2016,0.712,0.72,0.935,0.926,0.918,1.0,0.9888888888888889,1.0097192224622031,0.9888888888888889,0.9888888888888889,0.9888888888888889,1.0,1.0097192224622031,1.0
GRL,Greenland,Europe & Central Asia,North America,2017,0.738,0.747,0.948,0.938,0.928,1.0,0.9879518072289156,1.0106609808102345,0.9879518072289156,0.9879518072289156,0.9879518072289156,1.0,1.0106609808102345,1.0
GRL,Greenland,Europe & Central Asia,North America,2018,0.77,0.778,0.965,0.951,0.941,1.0,0.9897172236503856,1.0147213459516298,0.9897172236503856,0.9897172236503856,0.9897172236503856,1.0,1.0147213459516298,1.0
GRL,Greenland,Europe & Central Asia,North America,2019,0.7924166666666667,0.8000833333333334,0.9720833333333333,0.9554999999999999,0.9506666666666667,1.0,0.9904563450141238,1.0173691628856687,0.9904563450141238,0.9904176648265806,0.9904176648265806,1.0,1.017355660212803,1.0
GRL,Greenland,Europe & Central Asia,North America,2020,0.8169166666666666,0.8258333333333333,0.989,0.9679166666666666,0.9634999999999999,1.0,0.9892114761689772,1.0217832616942875,0.9892114761689772,0.9892028254288597,0.9892028254288597,1.0,1.0217821782178218,1.0
GRL,Greenland,Europe & Central Asia,North America,2021,0.8459166666666667,0.85325,0.9998333333333332,0.9758333333333332,0.9741666666666666,1.0,0.9914072415679452,1.0245982108886764,0.9914072415679452,0.9914054106846372,0.9914054106846372,1.0,1.024594363791631,1.0
GRL,Greenland,Europe & Central Asia,North America,2022,0.8737499999999999,0.8826666666666667,1.0,0.9867499999999999,0.98225,1.0,0.9898986944395379,1.0134298507050752,0.9898986944395379,0.9898980362537763,0.9898980362537763,1.0,1.0134279199391945,1.0
GRL,Greenland,Europe & Central Asia,North America,2023,0.8839166666666666,0.8969166666666667,1.0,0.9975,0.9926666666666666,1.0,0.9854614274791049,1.002513914827231,0.9854614274791049,0.9855058998420514,0.9855058998420514,1.0,1.0025062656641603,1.0
GRL,Greenland,Europe & Central Asia,North America,2024,0.9215833333333334,0.9308333333333333,1.0,1.0,1.0,1.0,0.9900484931920414,1.0,0.9900484931920414,0.9900626678603404,0.9900626678603404,1.0,1.0,1.0
GRL,Greenland,Europe & Central Asia,North America,2025,0.932,0.9354166666666667,1.0,0.9924166666666667,1.0,1.0,0.996351655741818,1.007660072313181,0.996351655741818,0.996347438752784,0.996347438752784,1.0,1.0076412797044252,1.0
GRL,Greenland,Europe & Central Asia,North America,2026,0.9574,0.9574,1.0,0.993,1.0,1.0,1.0000006544474065,1.0070526135830753,1.0,1.0,1.0,1.0,1.0070493454179255,1.0
GTM,Guatemala,Latin America & Caribbean,North America,2015,0.463,0.575,0.809,0.895,0.78,0.908,0.8052173913043479,0.9039106145251397,0.8052173913043479,0.8052173913043479,0.8052173913043479,0.9039106145251397,0.9039106145251397,0.9039106145251397
GTM,Guatemala,Latin America & Caribbean,North America,2016,0.49,0.598,0.818,0.899,0.795,0.915,0.8193979933110368,0.9098998887652947,0.8193979933110368,0.8193979933110368,0.8193979933110368,0.9098998887652947,0.9098998887652947,0.9098998887652947
GTM,Guatemala,Latin America & Caribbean,North America,2017,0.515,0.619,0.827,0.904,0.808,0.922,0.8319870759289176,0.9148230088495575,0.8319870759289176,0.8319870759289176,0.8319870759289176,0.9148230088495575,0.9148230088495575,0.9148230088495575
GTM,Guatemala,Latin America & Caribbean,North America,2018,0.54,0.639,0.831,0.903,0.822,0.929,0.8450704225352113,0.9202657807308969,0.8450704225352113,0.8450704225352113,0.8450704225352113,0.9202657807308969,0.9202657807308969,0.9202657807308969
GTM,Guatemala,Latin America & Caribbean,North America,2019,0.56025,0.65225,0.8303333333333333,0.8969999999999999,0.8315833333333332,0.9333333333333335,0.8589642909743015,0.9256748648418606,0.8589642909743015,0.8589497891912611,0.8589497891912611,0.9256748648418606,0.9256781865477518,0.9256781865477518
GTM,Guatemala,Latin America & Caribbean,North America,2020,0.57425,0.6699166666666666,0.8365,0.907,0.8346666666666667,0.9340833333333333,0.8571874327671186,0.9222596293118003,0.8571874327671186,0.8571961686776963,0.8571961686776963,0.9222596293118003,0.922271223814774,0.922271223814774
GTM,Guatemala,Latin America & Caribbean,North America,2021,0.6244999999999999,0.70575,0.8668333333333332,0.908,0.8813333333333334,0.9660833333333333,0.8848919524183878,0.9546676034758628,0.8848919524183878,0.8848742472546935,0.8848742472546935,0.9546676034758628,0.954662261380323,0.954662261380323
GTM,Guatemala,Latin America & Caribbean,North America,2022,0.6325,0.7119166666666666,0.862,0.9079166666666666,0.8761666666666666,0.96125,0.8884697351091057,0.9494259547003997,0.8884697351091057,0.8884466814936205,0.8884466814936205,0.9494259547003997,0.9494263423588802,0.9494263423588802
GTM,Guatemala,Latin America & Caribbean,North America,2023,0.6300833333333333,0.7021666666666667,0.8457499999999999,0.8903333333333334,0.8744166666666667,0.9578333333333333,0.8973140736172122,0.9499037171620217,0.8973140736172122,0.8973415618324234,0.8973415618324234,0.9499037171620217,0.9499251216772742,0.9499251216772742
GTM,Guatemala,Latin America & Caribbean,North America,2024,0.66925,0.7343333333333333,0.8529166666666667,0.88925,0.89175,0.9685,0.9113742055468405,0.9591384872069249,0.9113742055468405,0.9113708579210169,0.9113708579210169,0.9591384872069249,0.9591415987255177,0.9591415987255177
GTM,Guatemala,Latin America & Caribbean,North America,2025,0.69625,0.7584166666666667,0.8596666666666666,0.8918333333333334,0.9031666666666668,0.9746666666666667,0.9180271509953162,0.9639288377675758,0.9180271509953162,0.9180309856059773,0.9180309856059773,0.9639288377675758,0.9639319753317136,0.9639319753317136
GTM,Guatemala,Latin America & Caribbean,North America,2026,0.7188,0.7796000000000001,0.8666,0.8962,0.9132,0.9798,0.9219976034260302,0.9669701592360591,0.9219976034260302,0.9220112878399178,0.9220112878399178,0.9669701592360591,0.9669716581120286,0.9669716581120286
GUM,Guam,East Asia & Pacific,Oceania,2015,0.595,0.599,0.824,0.842,0.829,0.954,0.993322203672788,0.9786223277909738,0.993322203672788,0.993322203672788,0.993322203672788,0.9786223277909738,0.9786223277909738,0.9786223277909738
GUM,Guam,East Asia & Pacific,Oceania,2016,0.627,0.635,0.848,0.863,0.845,0.963,0.9874015748031496,0.9826187717265353,0.9874015748031496,0.9874015748031496,0.9874015748031496,0.9826187717265353,0.9826187717265353,0.9826187717265353
GUM,Guam,East Asia & Pacific,Oceania,2017,0.66,0.672,0.872,0.884,0.863,0.973,0.9821428571428571,0.9864253393665158,0.9821428571428571,0.9821428571428571,0.9821428571428571,0.9864253393665158,0.9864253393665158,0.9864253393665158
GUM,Guam,East Asia & Pacific,Oceania,2018,0.69,0.706,0.893,0.905,0.877,0.98,0.9773371104815863,0.9867403314917127,0.9773371104815863,0.9773371104815863,0.9773371104815863,0.9867403314917127,0.9867403314917127,0.9867403314917127
GUM,Guam,East Asia & Pacific,Oceania,2019,0.72575,0.7480833333333333,0.9266666666666667,0.9334166666666667,0.8999166666666666,0.9933333333333333,0.9701429896461424,0.9927706021063741,0.9701429896461424,0.9701459284839034,0.9701459284839034,0.9927706021063741,0.992768502812249,0.992768502812249
GUM,Guam,East Asia & Pacific,Oceania,2020,0.7595833333333334,0.7825000000000001,0.9410833333333333,0.9421666666666666,0.918,1.0,0.9707333004049499,0.9988504760880986,0.9707333004049499,0.970713525026624,0.970713525026624,0.9988504760880986,0.9988501680523616,0.9988501680523616
GUM,Guam,East Asia & Pacific,Oceania,2021,0.7809166666666667,0.8084166666666667,0.9523333333333333,0.9573333333333333,0.92125,1.0,0.9659973483311628,0.9947797936321218,0.9659973483311628,0.9659828883620246,0.9659828883620246,0.9947797936321218,0.9947771587743732,0.9947771587743732
GUM,Guam,East Asia & Pacific,Oceania,2022,0.7975,0.8297499999999999,0.9698333333333333,0.9743333333333334,0.9343333333333333,1.0,0.961141433672339,0.9953847046055017,0.961141433672339,0.9611328713467914,0.9611328713467914,0.9953847046055017,0.9953814574067738,0.9953814574067738
GUM,Guam,East Asia & Pacific,Oceania,2023,0.8061666666666666,0.84875,0.99175,0.9948333333333333,0.9453333333333332,1.0,0.9498210366383457,0.9968956464458598,0.9498210366383457,0.949828178694158,0.949828178694158,0.9968956464458598,0.9969006533757748,0.9969006533757748
GUM,Guam,East Asia & Pacific,Oceania,2024,0.86475,0.9135833333333334,1.0,1.0,0.973,1.0,0.9465413287664597,1.0,0.9465413287664597,0.9465474778801423,0.9465474778801423,1.0,1.0,1.0
GUM,Guam,East Asia & Pacific,Oceania,2025,0.8748333333333332,0.9173333333333334,1.0,1.0,0.9750833333333334,1.0,0.9536596951646484,1.0,0.9536596951646484,0.9536700581395346,0.9536700581395346,1.0,1.0,1.0
GUM,Guam,East Asia & Pacific,Oceania,2026,0.908,0.954,1.0,1.0,0.992,1.0,0.9517837404387984,1.0,0.9517837404387984,0.9517819706498952,0.9517819706498952,1.0,1.0,1.0
GUY,Guyana,Latin America & Caribbean,South America,2015,0.526,0.537,0.771,0.765,0.893,0.976,0.9795158286778398,1.007843137254902,0.9795158286778398,0.9795158286778398,0.9795158286778398,1.0,1.007843137254902,1.0
GUY,Guyana,Latin America & Caribbean,South America,2016,0.56,0.573,0.783,0.778,0.899,0.979,0.9773123909249566,1.006426735218509,0.9773123909249566,0.9773123909249566,0.9773123909249566,1.0,1.006426735218509,1.0
GUY,Guyana,Latin America & Caribbean,South America,2017,0.595,0.609,0.798,0.792,0.907,0.984,0.9770114942528736,1.0075757575757576,0.9770114942528736,0.9770114942528736,0.9770114942528736,1.0,1.0075757575757576,1.0
GUY,Guyana,Latin America & Caribbean,South America,2018,0.628,0.643,0.809,0.802,0.916,0.988,0.9766718506998444,1.0087281795511223,0.9766718506998444,0.9766718506998444,0.9766718506998444,1.0,1.0087281795511223,1.0
GUY,Guyana,Latin America & Caribbean,South America,2019,0.6568333333333334,0.669,0.82375,0.8113333333333334,0.9325000000000001,0.996,0.9818469788027994,1.0153172957481458,0.9818469788027994,0.9818136522172397,0.9818136522172397,1.0,1.015304026294166,1.0
GUY,Guyana,Latin America & Caribbean,South America,2020,0.7059166666666666,0.7178333333333332,0.8404166666666666,0.8275,0.9438333333333332,1.0,0.9834189684995502,1.0156138662515664,0.9834189684995502,0.9833991177153473,0.9833991177153473,1.0,1.0156092648539778,1.0
GUY,Guyana,Latin America & Caribbean,South America,2021,0.7510833333333333,0.7620833333333333,0.882,0.8610000000000001,0.9614166666666666,1.0,0.9855734680990319,1.0243906827288172,0.9855734680990319,0.9855658829961728,0.9855658829961728,1.0,1.0243902439024388,1.0
GUY,Guyana,Latin America & Caribbean,South America,2022,0.8224166666666667,0.8364166666666666,0.9482499999999999,0.92325,0.9849166666666666,1.0,0.9832710636521234,1.0270787555507779,0.9832710636521234,0.9832619308558336,0.9832619308558336,1.0,1.0270782561603031,1.0
GUY,Guyana,Latin America & Caribbean,South America,2023,0.8332499999999999,0.8489166666666667,0.9551666666666666,0.9301666666666667,0.9919166666666667,1.0,0.9815457558528676,1.0268967637958224,0.9815457558528676,0.9815451065082949,0.9815451065082949,1.0,1.0268769037806844,1.0
GUY,Guyana,Latin America & Caribbean,South America,2024,0.9015833333333334,0.92325,0.9968333333333333,0.9659999999999999,1.0,1.0,0.9765219877558633,1.0319191363275442,0.9765219877558633,0.9765321779944038,0.9765321779944038,1.0,1.0319185645272604,1.0
GUY,Guyana,Latin America & Caribbean,South America,2025,0.9466666666666667,0.9724166666666667,1.0,0.99125,1.0,1.0,0.9735202962760262,1.0088541328843785,0.9735202962760262,0.9735195817979261,0.9735195817979261,1.0,1.008827238335435,1.0
GUY,Guyana,Latin America & Caribbean,South America,2026,0.9965999999999999,1.0,1.0,1.0,1.0,1.0,0.9965999999999999,1.0,0.9965999999999999,0.9965999999999999,0.9965999999999999,1.0,1.0,1.0
HKG,Hong Kong,East Asia & Pacific,Asia,2015,0.841,0.849,0.946,0.962,0.933,0.994,0.9905771495877503,0.9833679833679834,0.9905771495877503,0.9905771495877503,0.9905771495877503,0.9833679833679834,0.9833679833679834,0.9833679833679834
HKG,Hong Kong,East Asia & Pacific,Asia,2016,0.863,0.872,0.958,0.973,0.945,0.999,0.9896788990825688,0.9845837615621789,0.9896788990825688,0.9896788990825688,0.9896788990825688,0.9845837615621789,0.9845837615621789,0.9845837615621789
HKG,Hong Kong,East Asia & Pacific,Asia,2017,0.897,0.902,0.976,0.981,0.966,1.0,0.9944567627494457,0.9949031600407747,0.9944567627494457,0.9944567627494457,0.9944567627494457,0.9949031600407747,0.9949031600407747,0.9949031600407747
HKG,Hong Kong,East Asia & Pacific,Asia,2018,0.919,0.925,0.988,0.992,0.976,1.0,0.9935135135135135,0.9959677419354839,0.9935135135135135,0.9935135135135135,0.9935135135135135,0.9959677419354839,0.9959677419354839,0.9959677419354839
HKG,Hong Kong,East Asia & Pacific,Asia,2019,0.9438333333333334,0.9528333333333333,0.9965833333333333,0.9984999999999999,0.9849166666666666,1.0,0.9905991630037748,0.9980772964372168,0.9905991630037748,0.9905544866188561,0.9905544866188561,0.9980772964372168,0.9980804540143549,0.9980804540143549
HKG,Hong Kong,East Asia & Pacific,Asia,2020,0.9562499999999999,0.9602499999999999,0.9954999999999999,0.9965833333333333,0.993,1.0,0.9958369303251516,0.9989129837562906,0.9958369303251516,0.9958344181202812,0.9958344181202812,0.9989129837562906,0.998912952588009,0.998912952588009
HKG,Hong Kong,East Asia & Pacific,Asia,2021,0.9820833333333333,0.9867499999999999,1.0,1.0,1.0,1.0,0.9952920076372082,1.0,0.9952920076372082,0.9952706697069506,0.9952706697069506,1.0,1.0,1.0
HKG,Hong Kong,East Asia & Pacific,Asia,2022,0.99675,0.9989166666666667,1.0,1.0,1.0,1.0,0.9978322428697731,1.0,0.9978322428697731,0.9978309835655294,0.9978309835655294,1.0,1.0,1.0
HKG,Hong Kong,East Asia & Pacific,Asia,2023,0.9971666666666666,0.9994166666666667,1.0,1.0,1.0,1.0,0.9977438950049614,1.0,0.9977438950049614,0.997748686733928,0.997748686733928,1.0,1.0,1.0
HKG,Hong Kong,East Asia & Pacific,Asia,2024,1.0,1.0,1.0,1.0,1.0,1.0,1.0,1.0,1.0,1.0,1.0,1.0,1.0,1.0
HKG,Hong Kong,East Asia & Pacific,Asia,2025,1.0,1.0,1.0,1.0,1.0,1.0,1.0,1.0,1.0,1.0,1.0,1.0,1.0,1.0
HKG,Hong Kong,East Asia & Pacific,Asia,2026,1.0,1.0,1.0,1.0,1.0,1.0,1.0,1.0,1.0,1.0,1.0,1.0,1.0,1.0
HND,Honduras,Latin America & Caribbean,North America,2015,0.445,0.468,0.724,0.712,0.881,0.971,0.9508547008547008,1.0168539325842696,0.9508547008547008,0.9508547008547008,0.9508547008547008,1.0,1.0168539325842696,1.0
HND,Honduras,Latin America & Caribbean,North America,2016,0.464,0.488,0.728,0.72,0.883,0.97,0.9508196721311476,1.011111111111111,0.9508196721311476,0.9508196721311476,0.9508196721311476,1.0,1.011111111111111,1.0
HND,Honduras,Latin America & Caribbean,North America,2017,0.479,0.506,0.733,0.73,0.883,0.968,0.9466403162055336,1.0041095890410958,0.9466403162055336,0.9466403162055336,0.9466403162055336,1.0,1.0041095890410958,1.0
HND,Honduras,Latin America & Caribbean,North America,2018,0.514,0.533,0.748,0.73,0.909,0.985,0.9643527204502814,1.0246575342465754,0.9643527204502814,0.9643527204502814,0.9643527204502814,1.0,1.0246575342465754,1.0
HND,Honduras,Latin America & Caribbean,North America,2019,0.51725,0.5470833333333334,0.7406666666666667,0.7461666666666668,0.8875000000000001,0.9655833333333333,0.9454792840531866,0.992636935544375,0.9454792840531866,0.9454683929931453,0.9454683929931453,0.992636935544375,0.9926289926289925,0.9926289926289925
HND,Honduras,Latin America & Caribbean,North America,2020,0.5520833333333334,0.5715,0.751,0.7370833333333334,0.9162500000000001,0.9845,0.9660325628038526,1.018885475670066,0.9660325628038526,0.9660250801983086,0.9660250801983086,1.0,1.0188807235726398,1.0
HND,Honduras,Latin America & Caribbean,North America,2021,0.5756666666666667,0.59775,0.7640833333333333,0.7549166666666666,0.9145833333333333,0.9834166666666667,0.9630893059488406,1.0121586881009954,0.9630893059488406,0.9630559040847623,0.9630559040847623,1.0,1.0121426205983002,1.0
HND,Honduras,Latin America & Caribbean,North America,2022,0.5958333333333333,0.6208333333333333,0.7738333333333333,0.7695,0.9157500000000001,0.9826666666666667,0.9597515788778281,1.0056400033099337,0.9597515788778281,0.959731543624161,0.959731543624161,1.0,1.0056313623565085,1.0
HND,Honduras,Latin America & Caribbean,North America,2023,0.6024999999999999,0.6259166666666667,0.7776666666666667,0.7704166666666667,0.9273333333333333,0.9873333333333333,0.9625539003028282,1.009420918089141,0.9625539003028282,0.9625882039675142,0.9625882039675142,1.0,1.0094104921579232,1.0
HND,Honduras,Latin America & Caribbean,North America,2024,0.6383333333333333,0.6587500000000001,0.7834166666666667,0.773,0.9340833333333335,0.991,0.9689912971568314,1.0134786487775818,0.9689912971568314,0.9690069576217583,0.9690069576217583,1.0,1.0134756360500214,1.0
HND,Honduras,Latin America & Caribbean,North America,2025,0.6638333333333334,0.6839166666666667,0.7919166666666667,0.7795000000000001,0.9428333333333333,0.996,0.9706312055001085,1.0159304544991195,0.9706312055001085,0.9706348239307908,0.9706348239307908,1.0,1.0159290143254223,1.0
HND,Honduras,Latin America & Caribbean,North America,2026,0.6901999999999999,0.709,0.7994000000000001,0.7842,0.9517999999999999,1.0,0.9734869820418751,1.0193835952308148,0.9734869820418751,0.9734837799717913,0.9734837799717913,1.0,1.0193828105075238,1.0
HRV,Croatia,Europe & Central Asia,Europe,2015,0.697,0.72,0.867,0.88,0.913,0.98,0.9680555555555556,0.9852272727272727,0.9680555555555556,0.9680555555555556,0.9680555555555556,0.9852272727272727,0.9852272727272727,0.9852272727272727
HRV,Croatia,Europe & Central Asia,Europe,2016,0.727,0.748,0.88,0.889,0.926,0.986,0.9719251336898396,0.9898762654668166,0.9719251336898396,0.9719251336898396,0.9719251336898396,0.9898762654668166,0.9898762654668166,0.9898762654668166
HRV,Croatia,Europe & Central Asia,Europe,2017,0.756,0.778,0.895,0.903,0.937,0.992,0.9717223650385604,0.991140642303433,0.9717223650385604,0.9717223650385604,0.9717223650385604,0.991140642303433,0.991140642303433,0.991140642303433
HRV,Croatia,Europe & Central Asia,Europe,2018,0.791,0.811,0.915,0.916,0.954,1.0,0.9753390875462392,0.9989082969432315,0.9753390875462392,0.9753390875462392,0.9753390875462392,0.9989082969432315,0.9989082969432315,0.9989082969432315
HRV,Croatia,Europe & Central Asia,Europe,2019,0.82075,0.84,0.9264166666666668,0.9255833333333334,0.9659999999999999,1.0,0.9770923718280645,1.0009008197396911,0.9770923718280645,0.9770833333333333,0.9770833333333333,1.0,1.0009003331232555,1.0
HRV,Croatia,Europe & Central Asia,Europe,2020,0.8348333333333332,0.8530833333333333,0.9291666666666667,0.9248333333333334,0.9754999999999999,1.0,0.9786078886746915,1.0046858654502733,0.9786078886746915,0.9786070137735664,0.9786070137735664,1.0,1.0046855289241305,1.0
HRV,Croatia,Europe & Central Asia,Europe,2021,0.8815,0.89525,0.9610833333333333,0.9455,1.0,1.0,0.9846440595245237,1.0164818227603494,0.9846440595245237,0.9846411616866797,0.9846411616866797,1.0,1.0164815794112463,1.0
HRV,Croatia,Europe & Central Asia,Europe,2022,0.9129166666666667,0.931,0.9755833333333332,0.9649166666666665,1.0,1.0,0.9805804650106347,1.0110559686836198,0.9805804650106347,0.9805764411027569,0.9805764411027569,1.0,1.01105449520684,1.0
HRV,Croatia,Europe & Central Asia,Europe,2023,0.9215833333333334,0.9381666666666666,0.97575,0.9638333333333332,0.9995833333333333,1.0,0.9823383636026114,1.012351103529781,0.9823383636026114,0.9823236809379998,0.9823236809379998,1.0,1.0123638250043232,1.0
HRV,Croatia,Europe & Central Asia,Europe,2024,0.95575,0.9732500000000001,0.9924166666666667,0.9769166666666665,1.0,1.0,0.9820186174708184,1.0158592732398102,0.9820186174708184,0.982019008476753,0.982019008476753,1.0,1.0158662458415084,1.0
HRV,Croatia,Europe & Central Asia,Europe,2025,0.9747499999999999,0.99025,0.9974166666666666,0.9794166666666667,1.0,1.0,0.9843471365183464,1.018376683213377,0.9843471365183464,0.9843473870234789,0.9843473870234789,1.0,1.0183782863949629,1.0
HRV,Croatia,Europe & Central Asia,Europe,2026,0.9994,1.0,1.0,0.9868,1.0,1.0,0.9994,1.013386739527904,0.9994,0.9994,0.9994,1.0,1.0133765707336846,1.0
HTI,Haiti,Latin America & Caribbean,North America,2015,0.227,0.332,0.593,0.718,0.631,0.81,0.6837349397590361,0.8259052924791086,0.6837349397590361,0.6837349397590361,0.6837349397590361,0.8259052924791086,0.8259052924791086,0.8259052924791086
HTI,Haiti,Latin America & Caribbean,North America,2016,0.254,0.356,0.602,0.719,0.653,0.822,0.7134831460674158,0.8372739916550765,0.7134831460674158,0.7134831460674158,0.7134831460674158,0.8372739916550765,0.8372739916550765,0.8372739916550765
HTI,Haiti,Latin America & Caribbean,North America,2017,0.288,0.386,0.621,0.73,0.676,0.835,0.7461139896373056,0.8506849315068493,0.7461139896373056,0.7461139896373056,0.7461139896373056,0.8506849315068493,0.8506849315068493,0.8506849315068493
HTI,Haiti,Latin America & Caribbean,North America,2018,0.32,0.415,0.64,0.741,0.699,0.848,0.7710843373493976,0.863697705802969,0.7710843373493976,0.7710843373493976,0.7710843373493976,0.863697705802969,0.863697705802969,0.863697705802969
HTI,Haiti,Latin America & Caribbean,North America,2019,0.34833333333333333,0.4395,0.6496666666666667,0.7404999999999999,0.7235833333333334,0.8617499999999999,0.7925698518030372,0.8773340823862431,0.7925698518030372,0.7925673113386423,0.7925673113386423,0.8773340823862431,0.8773351339185237,0.8773351339185237
HTI,Haiti,Latin America & Caribbean,North America,2020,0.36725,0.4529166666666667,0.6564166666666668,0.7375833333333333,0.7471666666666666,0.8744166666666667,0.8108644809771092,0.8899613603806596,0.8108644809771092,0.810855565777369,0.810855565777369,0.8899613603806596,0.8899559371822395,0.8899559371822395
HTI,Haiti,Latin America & Caribbean,North America,2021,0.40258333333333335,0.4935833333333333,0.6971666666666666,0.7775833333333333,0.7567499999999999,0.8831666666666668,0.8156370050657168,0.8965813330488338,0.8156370050657168,0.8156339692723282,0.8156339692723282,0.8965813330488338,0.8965812881791876,0.8965812881791876
HTI,Haiti,Latin America & Caribbean,North America,2022,0.4240833333333333,0.51225,0.7030833333333333,0.7784166666666668,0.7734166666666668,0.8915833333333333,0.8278777006093617,0.9032207196247003,0.8278777006093617,0.8278835204164633,0.8278835204164633,0.9032207196247003,0.9032223530671233,0.9032223530671233
HTI,Haiti,Latin America & Caribbean,North America,2023,0.44025000000000003,0.5256666666666666,0.7073333333333333,0.779,0.7846666666666667,0.89675,0.8374738207797622,0.9079832271789335,0.8374738207797622,0.8375079264426127,0.8375079264426127,0.9079832271789335,0.9080017115960632,0.9080017115960632
HTI,Haiti,Latin America & Caribbean,North America,2024,0.4765,0.5593333333333333,0.7264166666666667,0.7897500000000001,0.81075,0.9125000000000001,0.8519028835385875,0.919806368399688,0.8519028835385875,0.851907032181168,0.851907032181168,0.919806368399688,0.9198058457317716,0.9198058457317716
HTI,Haiti,Latin America & Caribbean,North America,2025,0.5029166666666667,0.5863333333333333,0.739,0.7994166666666667,0.8229166666666666,0.9188333333333333,0.8577641190135384,0.9244471374356004,0.8577641190135384,0.8577316657191587,0.8577316657191587,0.9244471374356004,0.9244240592098405,0.9244240592098405
HTI,Haiti,Latin America & Caribbean,North America,2026,0.5298,0.6122,0.7504,0.807,0.837,0.9259999999999999,0.8653850369328288,0.9298560067849575,0.8653850369328288,0.8654034629206143,0.8654034629206143,0.9298560067849575,0.9298636926889714,0.9298636926889714
HUN,Hungary,Europe & Central Asia,Europe,2015,0.712,0.723,0.863,0.866,0.925,0.989,0.9847856154910096,0.9965357967667436,0.9847856154910096,0.9847856154910096,0.9847856154910096,0.9965357967667436,0.9965357967667436,0.9965357967667436
HUN,Hungary,Europe & Central Asia,Europe,2016,0.738,0.747,0.872,0.872,0.937,0.995,0.9879518072289156,1.0,0.9879518072289156,0.9879518072289156,0.9879518072289156,1.0,1.0,1.0
HUN,Hungary,Europe & Central Asia,Europe,2017,0.765,0.774,0.887,0.885,0.946,1.0,0.9883720930232558,1.0022598870056498,0.9883720930232558,0.9883720930232558,0.9883720930232558,1.0,1.0022598870056498,1.0
HUN,Hungary,Europe & Central Asia,Europe,2018,0.794,0.801,0.904,0.898,0.959,1.0,0.9912609238451935,1.0066815144766148,0.9912609238451935,0.9912609238451935,0.9912609238451935,1.0,1.0066815144766148,1.0
HUN,Hungary,Europe & Central Asia,Europe,2019,0.8173333333333334,0.8248333333333333,0.9139166666666667,0.9079166666666666,0.9675833333333332,1.0,0.9909381560843594,1.0066169634271762,0.9909381560843594,0.9909072539907052,0.9909072539907052,1.0,1.0066085360257,1.0
HUN,Hungary,Europe & Central Asia,Europe,2020,0.83225,0.8374166666666666,0.9139166666666667,0.9046666666666666,0.9756666666666667,1.0,0.9938469784567779,1.0102335508591598,0.9938469784567779,0.9938302318638672,0.9938302318638672,1.0,1.0102247605011054,1.0
HUN,Hungary,Europe & Central Asia,Europe,2021,0.8658333333333333,0.8674166666666667,0.9355000000000001,0.91725,0.99375,1.0,0.9981790724746605,1.0198988118360546,0.9981790724746605,0.9981746565472187,0.9981746565472187,1.0,1.0198964295448352,1.0
HUN,Hungary,Europe & Central Asia,Europe,2022,0.8922500000000001,0.89275,0.9431666666666666,0.9224166666666668,1.0,1.0,0.9994424965193095,1.0224955241846558,0.9994424965193095,0.9994399327919351,0.9994399327919351,1.0,1.0224952570241213,1.0
HUN,Hungary,Europe & Central Asia,Europe,2023,0.8958333333333334,0.89325,0.9436666666666667,0.92,1.0,1.0,1.0030036104205087,1.0258131341639125,1.0,1.0028920608265697,1.0,1.0,1.0257246376811593,1.0
HUN,Hungary,Europe & Central Asia,Europe,2024,0.9355833333333333,0.9365,0.9615833333333333,0.93725,1.0,1.0,0.9990193478135773,1.025962108757618,0.9990193478135773,0.9990211781455774,0.9990211781455774,1.0,1.0259624788832578,1.0
HUN,Hungary,Europe & Central Asia,Europe,2025,0.9494166666666666,0.9491666666666666,0.9653333333333333,0.9391666666666666,1.0,1.0,1.0002626995541115,1.0278684530817688,1.0,1.0002633889376646,1.0,1.0,1.0278615794143744,1.0
HUN,Hungary,Europe & Central Asia,Europe,2026,0.978,0.9762000000000001,0.9742,0.9442,1.0,1.0,1.0018485086221927,1.0317753337475826,1.0,1.0018438844499078,1.0,1.0,1.0317729294640965,1.0
IDN,Indonesia,East Asia & Pacific,Asia,2015,0.516,0.605,0.785,0.861,0.805,0.914,0.8528925619834711,0.9117305458768874,0.8528925619834711,0.8528925619834711,0.8528925619834711,0.9117305458768874,0.9117305458768874,0.9117305458768874
IDN,Indonesia,East Asia & Pacific,Asia,2016,0.547,0.634,0.803,0.873,0.822,0.924,0.8627760252365931,0.9198167239404353,0.8627760252365931,0.8627760252365931,0.8627760252365931,0.9198167239404353,0.9198167239404353,0.9198167239404353
IDN,Indonesia,East Asia & Pacific,Asia,2017,0.575,0.664,0.818,0.888,0.832,0.928,0.8659638554216866,0.9211711711711711,0.8659638554216866,0.8659638554216866,0.8659638554216866,0.9211711711711711,0.9211711711711711,0.9211711711711711
IDN,Indonesia,East Asia & Pacific,Asia,2018,0.607,0.692,0.833,0.895,0.851,0.939,0.8771676300578035,0.9307262569832402,0.8771676300578035,0.8771676300578035,0.8771676300578035,0.9307262569832402,0.9307262569832402,0.9307262569832402
IDN,Indonesia,East Asia & Pacific,Asia,2019,0.6353333333333334,0.7214166666666667,0.8485833333333334,0.9090000000000001,0.8613333333333334,0.9440833333333333,0.8807124036832232,0.9335108224912497,0.8807124036832232,0.8806745985907359,0.8806745985907359,0.9335108224912497,0.9335350201686834,0.9335350201686834
IDN,Indonesia,East Asia & Pacific,Asia,2020,0.6553333333333334,0.7383333333333333,0.85475,0.9075000000000001,0.8781666666666667,0.9535833333333333,0.8875847316524235,0.9418578020387485,0.8875847316524235,0.887584650112867,0.887584650112867,0.9418578020387485,0.9418732782369145,0.9418732782369145
IDN,Indonesia,East Asia & Pacific,Asia,2021,0.69075,0.7769166666666667,0.88675,0.9338333333333334,0.9,0.968,0.8890915550360573,0.9495796794181066,0.8890915550360573,0.8890914941542422,0.8890914941542422,0.9495796794181066,0.9495805818311619,0.9495805818311619
IDN,Indonesia,East Asia & Pacific,Asia,2022,0.7159166666666666,0.8023333333333333,0.8990833333333333,0.9465833333333333,0.9078333333333334,0.9711666666666666,0.8922956396590228,0.949815697953076,0.8922956396590228,0.8922933111757374,0.8922933111757374,0.949815697953076,0.9498195263667577,0.9498195263667577
IDN,Indonesia,East Asia & Pacific,Asia,2023,0.7168333333333333,0.8011666666666667,0.8878333333333334,0.9381666666666666,0.8993333333333333,0.9641666666666667,0.894725978478328,0.946274162782249,0.894725978478328,0.8947368421052632,0.8947368421052632,0.946274162782249,0.9463492627464914,0.9463492627464914
IDN,Indonesia,East Asia & Pacific,Asia,2024,0.75825,0.8498333333333333,0.9231666666666668,0.9695833333333334,0.92525,0.9793333333333333,0.8922471011409204,0.9520955213997272,0.8922471011409204,0.8922337713277113,0.8922337713277113,0.9520955213997272,0.9521272024065321,0.9521272024065321
IDN,Indonesia,East Asia & Pacific,Asia,2025,0.7820833333333334,0.8718333333333333,0.9324166666666667,0.9744999999999999,0.9387500000000001,0.9864166666666666,0.8970607612173825,0.9567941371310157,0.8970607612173825,0.8970560122347544,0.8970560122347544,0.9567941371310157,0.95681546092013,0.95681546092013
IDN,Indonesia,East Asia & Pacific,Asia,2026,0.8192,0.9082000000000001,0.9541999999999999,0.9885999999999999,0.9652,1.0,0.9020032684338976,0.9652030496008995,0.9020032684338976,0.9020039638846068,0.9020039638846068,0.9652030496008995,0.9652033178231844,0.9652033178231844
IMN,Isle of Man,Europe & Central Asia,Europe,2015,0.808,0.816,0.994,0.992,0.941,1.0,0.9901960784313727,1.002016129032258,0.9901960784313727,0.9901960784313727,0.9901960784313727,1.0,1.002016129032258,1.0
IMN,Isle of Man,Europe & Central Asia,Europe,2016,0.831,0.838,1.0,0.996,0.952,1.0,0.9916467780429594,1.0040160642570282,0.9916467780429594,0.9916467780429594,0.9916467780429594,1.0,1.0040160642570282,1.0
IMN,Isle of Man,Europe & Central Asia,Europe,2017,0.854,0.86,1.0,1.0,0.963,1.0,0.9930232558139535,1.0,0.9930232558139535,0.9930232558139535,0.9930232558139535,1.0,1.0,1.0
IMN,Isle of Man,Europe & Central Asia,Europe,2018,0.878,0.883,1.0,1.0,0.974,1.0,0.9943374858437146,1.0,0.9943374858437146,0.9943374858437146,0.9943374858437146,1.0,1.0,1.0
IMN,Isle of Man,Europe & Central Asia,Europe,2019,0.8991666666666668,0.90475,1.0,1.0,0.98475,1.0,0.9938376821388245,1.0,0.9938376821388245,0.9938288661692918,0.9938288661692918,1.0,1.0,1.0
IMN,Isle of Man,Europe & Central Asia,Europe,2020,0.9114166666666668,0.9120833333333334,1.0,1.0,0.9944166666666666,1.0,0.999268800409101,1.0,0.999268800409101,0.9992690726359069,0.9992690726359069,1.0,1.0,1.0
IMN,Isle of Man,Europe & Central Asia,Europe,2021,0.9376666666666665,0.9348333333333333,1.0,1.0,1.0,1.0,1.0030343387075273,1.0,1.0,1.0030308432875734,1.0,1.0,1.0,1.0
IMN,Isle of Man,Europe & Central Asia,Europe,2022,0.9623333333333334,0.96075,1.0,1.0,1.0,1.0,1.0016494055008454,1.0,1.0,1.0016480180414606,1.0,1.0,1.0,1.0
IMN,Isle of Man,Europe & Central Asia,Europe,2023,0.9714999999999999,0.9713333333333333,1.0,1.0,1.0,1.0,1.0001474955541545,1.0,1.0,1.0001715854495539,1.0,1.0,1.0,1.0
IMN,Isle of Man,Europe & Central Asia,Europe,2024,0.9983333333333334,0.9980833333333333,1.0,1.0,1.0,1.0,1.0002456653665577,1.0,1.0,1.0002504800868333,1.0,1.0,1.0,1.0
IMN,Isle of Man,Europe & Central Asia,Europe,2025,1.0,1.0,1.0,1.0,1.0,1.0,1.0,1.0,1.0,1.0,1.0,1.0,1.0,1.0
IMN,Isle of Man,Europe & Central Asia,Europe,2026,1.0,1.0,1.0,1.0,1.0,1.0,1.0,1.0,1.0,1.0,1.0,1.0,1.0,1.0
IND,India,South Asia,Asia,2015,0.228,0.411,0.566,0.821,0.44,0.682,0.5547445255474454,0.6894031668696711,0.5547445255474454,0.5547445255474454,0.5547445255474454,0.6894031668696711,0.6894031668696711,0.6894031668696711
IND,India,South Asia,Asia,2016,0.271,0.453,0.595,0.841,0.47,0.699,0.598233995584989,0.7074910820451843,0.598233995584989,0.598233995584989,0.598233995584989,0.7074910820451843,0.7074910820451843,0.7074910820451843
IND,India,South Asia,Asia,2017,0.31,0.492,0.626,0.867,0.495,0.714,0.6300813008130082,0.7220299884659747,0.6300813008130082,0.6300813008130082,0.6300813008130082,0.7220299884659747,0.7220299884659747,0.7220299884659747
IND,India,South Asia,Asia,2018,0.323,0.515,0.639,0.889,0.498,0.713,0.6271844660194175,0.718785151856018,0.6271844660194175,0.6271844660194175,0.6271844660194175,0.718785151856018,0.718785151856018,0.718785151856018
IND,India,South Asia,Asia,2019,0.3689166666666666,0.55625,0.6724166666666668,0.9044166666666666,0.5398333333333333,0.73825,0.6631665400955612,0.7433725137479299,0.6631665400955612,0.6632209737827715,0.6632209737827715,0.7433725137479299,0.7434810651432785,0.7434810651432785
IND,India,South Asia,Asia,2020,0.397,0.57875,0.6835833333333333,0.9035000000000001,0.5673333333333334,0.754,0.6859152131475875,0.7565225543736428,0.6859152131475875,0.6859611231101512,0.6859611231101512,0.7565225543736428,0.7565947242206235,0.7565947242206235
IND,India,South Asia,Asia,2021,0.4463333333333333,0.63225,0.7410833333333334,0.9465,0.6156666666666667,0.785,0.7059318352680396,0.782937025120757,0.7059318352680396,0.7059443785422432,0.7059443785422432,0.782937025120757,0.7829723542877268,0.7829723542877268
IND,India,South Asia,Asia,2022,0.5008333333333334,0.6843333333333333,0.7804166666666666,0.9708333333333333,0.6570833333333334,0.8095,0.731854267544782,0.8038480599530246,0.731854267544782,0.7318558207501218,0.7318558207501218,0.8038480599530246,0.803862660944206,0.803862660944206
IND,India,South Asia,Asia,2023,0.5061666666666667,0.6828333333333334,0.7641666666666667,0.9546666666666667,0.65075,0.8043333333333335,0.7412501619378622,0.8002059822404682,0.7412501619378622,0.7412741030021966,0.7412741030021966,0.8002059822404682,0.8004539106145251,0.8004539106145251
IND,India,South Asia,Asia,2024,0.5625,0.7468333333333333,0.8259166666666666,0.9956666666666667,0.7111666666666666,0.8399166666666668,0.7531659159528296,0.82939064697609,0.7531659159528296,0.7531800937290783,0.7531800937290783,0.82939064697609,0.8295112152661532,0.8295112152661532
IND,India,South Asia,Asia,2025,0.5908333333333333,0.7758333333333334,0.8454999999999999,0.9983333333333334,0.7334999999999999,0.85275,0.7615470277325772,0.846873661607805,0.7615470277325772,0.7615467239527389,0.7615467239527389,0.846873661607805,0.8469115191986643,0.8469115191986643
IND,India,South Asia,Asia,2026,0.6136,0.7952,0.8550000000000001,0.9982,0.7518,0.8624,0.7716659300035431,0.8565003027245206,0.7716659300035431,0.7716297786720322,0.7716297786720322,0.8565003027245206,0.8565417751953518,0.8565417751953518
IRL,Ireland,Europe & Central Asia,Europe,2015,0.823,0.824,0.953,0.963,0.935,0.998,0.9987864077669902,0.9896157840083074,0.9987864077669902,0.9987864077669902,0.9987864077669902,0.9896157840083074,0.9896157840083074,0.9896157840083074
IRL,Ireland,Europe & Central Asia,Europe,2016,0.849,0.847,0.963,0.967,0.95,1.0,1.0023612750885478,0.9958634953464323,1.0,1.0023612750885478,1.0,0.9958634953464323,0.9958634953464323,0.9958634953464323
IRL,Ireland,Europe & Central Asia,Europe,2017,0.879,0.874,0.981,0.98,0.965,1.0,1.005720823798627,1.0010204081632652,1.0,1.005720823798627,1.0,1.0,1.0010204081632652,1.0
IRL,Ireland,Europe & Central Asia,Europe,2018,0.905,0.9,0.998,0.994,0.978,1.0,1.0055555555555555,1.0040241448692153,1.0,1.0055555555555555,1.0,1.0,1.0040241448692153,1.0
IRL,Ireland,Europe & Central Asia,Europe,2019,0.934,0.926,1.0,0.99925,0.9934166666666666,1.0,1.0086389654434413,1.0007507507507507,1.0,1.0086393088552916,1.0,1.0,1.0007505629221918,1.0
IRL,Ireland,Europe & Central Asia,Europe,2020,0.9530833333333333,0.9450833333333333,1.0,1.0,1.0,1.0,1.0084648627284287,1.0,1.0,1.0084648620051142,1.0,1.0,1.0,1.0
IRL,Ireland,Europe & Central Asia,Europe,2021,0.9881666666666667,0.9761666666666667,1.0,1.0,1.0,1.0,1.012292984546202,1.0,1.0,1.012292982755677,1.0,1.0,1.0,1.0
IRL,Ireland,Europe & Central Asia,Europe,2022,1.0,0.9990833333333334,1.0,1.0,1.0,1.0,1.0009211068801542,1.0,1.0,1.0009175077154058,1.0,1.0,1.0,1.0
IRL,Ireland,Europe & Central Asia,Europe,2023,1.0,1.0,1.0,1.0,1.0,1.0,1.0,1.0,1.0,1.0,1.0,1.0,1.0,1.0
IRL,Ireland,Europe & Central Asia,Europe,2024,1.0,1.0,1.0,1.0,1.0,1.0,1.0,1.0,1.0,1.0,1.0,1.0,1.0,1.0
IRL,Ireland,Europe & Central Asia,Europe,2025,1.0,1.0,1.0,1.0,1.0,1.0,1.0,1.0,1.0,1.0,1.0,1.0,1.0,1.0
IRL,Ireland,Europe & Central Asia,Europe,2026,1.0,1.0,1.0,1.0,1.0,1.0,1.0,1.0,1.0,1.0,1.0,1.0,1.0,1.0
IRQ,Iraq,Middle East & North Africa,Asia,2015,0.561,0.86,1.0,1.0,0.814,0.915,0.6523255813953489,1.0,0.6523255813953489,0.6523255813953489,0.6523255813953489,1.0,1.0,1.0
IRQ,Iraq,Middle East & North Africa,Asia,2016,0.609,0.894,1.0,1.0,0.857,0.942,0.6812080536912751,1.0,0.6812080536912751,0.6812080536912751,0.6812080536912751,1.0,1.0,1.0
IRQ,Iraq,Middle East & North Africa,Asia,2017,0.611,0.91,1.0,1.0,0.835,0.924,0.6714285714285714,1.0,0.6714285714285714,0.6714285714285714,0.6714285714285714,1.0,1.0,1.0
IRQ,Iraq,Middle East & North Africa,Asia,2018,0.639,0.94,1.0,1.0,0.843,0.928,0.6797872340425533,1.0,0.6797872340425533,0.6797872340425533,0.6797872340425533,1.0,1.0,1.0
IRQ,Iraq,Middle East & North Africa,Asia,2019,0.6528333333333334,0.9432499999999999,1.0,1.0,0.8401666666666666,0.9249999999999999,0.6920886123761321,1.0,0.6920886123761321,0.6921106104779575,0.6921106104779575,1.0,1.0,1.0
IRQ,Iraq,Middle East & North Africa,Asia,2020,0.6706666666666666,0.9666666666666667,1.0,1.0,0.8735833333333334,0.9436666666666667,0.6937348248206378,1.0,0.6937348248206378,0.6937931034482758,0.6937931034482758,1.0,1.0,1.0
IRQ,Iraq,Middle East & North Africa,Asia,2021,0.7254999999999999,1.0,1.0,1.0,0.9184166666666668,0.97025,0.7254999999999999,1.0,0.7254999999999999,0.7254999999999999,0.7254999999999999,1.0,1.0,1.0
IRQ,Iraq,Middle East & North Africa,Asia,2022,0.7495833333333333,1.0,1.0,1.0,0.9195000000000001,0.9713333333333333,0.7495833333333333,1.0,0.7495833333333333,0.7495833333333333,0.7495833333333333,1.0,1.0,1.0
IRQ,Iraq,Middle East & North Africa,Asia,2023,0.7142499999999999,0.9714166666666667,1.0,1.0,0.8584999999999999,0.9319166666666666,0.7347681559786977,1.0,0.7347681559786977,0.7352663635583768,0.7352663635583768,1.0,1.0,1.0
IRQ,Iraq,Middle East & North Africa,Asia,2024,0.8057500000000001,0.99825,1.0,1.0,0.959,0.99175,0.8070227272727273,1.0,0.8070227272727273,0.8071625344352618,0.8071625344352618,1.0,1.0,1.0
IRQ,Iraq,Middle East & North Africa,Asia,2025,0.84,1.0,1.0,1.0,0.9823333333333334,0.995,0.84,1.0,0.84,0.84,0.84,1.0,1.0,1.0
IRQ,Iraq,Middle East & North Africa,Asia,2026,0.8608,1.0,1.0,1.0,0.9852000000000001,0.9972,0.8608,1.0,0.8608,0.8608,0.8608,1.0,1.0,1.0
ISL,Iceland,Europe & Central Asia,Europe,2015,0.88,0.879,0.962,0.968,0.947,1.0,1.0011376564277588,0.993801652892562,1.0,1.0011376564277588,1.0,0.993801652892562,0.993801652892562,0.993801652892562
ISL,Iceland,Europe & Central Asia,Europe,2016,0.913,0.907,0.982,0.98,0.965,1.0,1.0066152149944874,1.0020408163265306,1.0,1.0066152149944874,1.0,1.0,1.0020408163265306,1.0
ISL,Iceland,Europe & Central Asia,Europe,2017,0.935,0.928,0.994,0.99,0.972,1.0,1.0075431034482758,1.004040404040404,1.0,1.0075431034482758,1.0,1.0,1.004040404040404,1.0
ISL,Iceland,Europe & Central Asia,Europe,2018,0.955,0.941,0.998,0.987,0.986,1.0,1.0148777895855472,1.011144883485309,1.0,1.0148777895855472,1.0,1.0,1.011144883485309,1.0
ISL,Iceland,Europe & Central Asia,Europe,2019,0.9793333333333333,0.9650833333333333,0.9979166666666667,0.9908333333333333,0.99975,1.0,1.0148240043348717,1.0072398256749702,1.0,1.0147655642863311,1.0,1.0,1.0071488645920943,1.0
ISL,Iceland,Europe & Central Asia,Europe,2020,0.97775,0.957,0.9838333333333332,0.9690833333333333,1.0,1.0,1.0218025220406093,1.015336411152467,1.0,1.021682340647858,1.0,1.0,1.0152205692664888,1.0
ISL,Iceland,Europe & Central Asia,Europe,2021,0.9926666666666666,0.97275,0.9926666666666666,0.9794166666666667,1.0,1.0,1.0204889491309512,1.0135379743682287,1.0,1.0204745995031268,1.0,1.0,1.0135284608185142,1.0
ISL,Iceland,Europe & Central Asia,Europe,2022,1.0,1.0,1.0,1.0,1.0,1.0,1.0,1.0,1.0,1.0,1.0,1.0,1.0,1.0
ISL,Iceland,Europe & Central Asia,Europe,2023,1.0,1.0,1.0,1.0,1.0,1.0,1.0,1.0,1.0,1.0,1.0,1.0,1.0,1.0
ISL,Iceland,Europe & Central Asia,Europe,2024,1.0,1.0,1.0,1.0,1.0,1.0,1.0,1.0,1.0,1.0,1.0,1.0,1.0,1.0
ISL,Iceland,Europe & Central Asia,Europe,2025,1.0,1.0,1.0,1.0,1.0,1.0,1.0,1.0,1.0,1.0,1.0,1.0,1.0,1.0
ISL,Iceland,Europe & Central Asia,Europe,2026,1.0,1.0,1.0,1.0,1.0,1.0,1.0,1.0,1.0,1.0,1.0,1.0,1.0,1.0
ISR,Israel,Middle East & North Africa,Asia,2015,0.865,0.898,1.0,1.0,0.966,1.0,0.9632516703786191,1.0,0.9632516703786191,0.9632516703786191,0.9632516703786191,1.0,1.0,1.0
ISR,Israel,Middle East & North Africa,Asia,2016,0.882,0.914,1.0,1.0,0.969,1.0,0.9649890590809628,1.0,0.9649890590809628,0.9649890590809628,0.9649890590809628,1.0,1.0,1.0
ISR,Israel,Middle East & North Africa,Asia,2017,0.917,0.941,1.0,1.0,0.995,1.0,0.9744952178533476,1.0,0.9744952178533476,0.9744952178533476,0.9744952178533476,1.0,1.0,1.0
ISR,Israel,Middle East & North Africa,Asia,2018,0.928,0.954,1.0,1.0,0.993,1.0,0.9727463312368974,1.0,0.9727463312368974,0.9727463312368974,0.9727463312368974,1.0,1.0,1.0
ISR,Israel,Middle East & North Africa,Asia,2019,0.9655,0.9835833333333333,1.0,1.0,1.0,1.0,0.9815916586486554,1.0,0.9815916586486554,0.9816148436838094,0.9816148436838094,1.0,1.0,1.0
ISR,Israel,Middle East & North Africa,Asia,2020,0.9693333333333333,0.9845,1.0,1.0,1.0,1.0,0.98459991086475,1.0,0.98459991086475,0.9845945488403588,0.9845945488403588,1.0,1.0,1.0
ISR,Israel,Middle East & North Africa,Asia,2021,0.9899999999999999,1.0,1.0,1.0,1.0,1.0,0.9899999999999999,1.0,0.9899999999999999,0.9899999999999999,0.9899999999999999,1.0,1.0,1.0
ISR,Israel,Middle East & North Africa,Asia,2022,1.0,1.0,1.0,1.0,1.0,1.0,1.0,1.0,1.0,1.0,1.0,1.0,1.0,1.0
ISR,Israel,Middle East & North Africa,Asia,2023,0.9996666666666667,1.0,1.0,1.0,1.0,1.0,0.9996666666666667,1.0,0.9996666666666667,0.9996666666666667,0.9996666666666667,1.0,1.0,1.0
ISR,Israel,Middle East & North Africa,Asia,2024,1.0,1.0,1.0,1.0,1.0,1.0,1.0,1.0,1.0,1.0,1.0,1.0,1.0,1.0
ISR,Israel,Middle East & North Africa,Asia,2025,1.0,1.0,1.0,1.0,1.0,1.0,1.0,1.0,1.0,1.0,1.0,1.0,1.0,1.0
ISR,Israel,Middle East & North Africa,Asia,2026,1.0,1.0,1.0,1.0,1.0,1.0,1.0,1.0,1.0,1.0,1.0,1.0,1.0,1.0
ITA,Italy,Europe & Central Asia,Europe,2015,0.772,0.815,0.954,0.988,0.909,0.981,0.9472392638036811,0.9655870445344129,0.9472392638036811,0.9472392638036811,0.9472392638036811,0.9655870445344129,0.9655870445344129,0.9655870445344129
ITA,Italy,Europe & Central Asia,Europe,2016,0.798,0.837,0.963,0.991,0.923,0.988,0.9534050179211471,0.9717457114026236,0.9534050179211471,0.9534050179211471,0.9534050179211471,0.9717457114026236,0.9717457114026236,0.9717457114026236
ITA,Italy,Europe & Central Asia,Europe,2017,0.817,0.856,0.969,0.997,0.929,0.99,0.9544392523364486,0.9719157472417251,0.9544392523364486,0.9544392523364486,0.9544392523364486,0.9719157472417251,0.9719157472417251,0.9719157472417251
ITA,Italy,Europe & Central Asia,Europe,2018,0.843,0.879,0.979,1.0,0.941,0.996,0.9590443686006825,0.979,0.9590443686006825,0.9590443686006825,0.9590443686006825,0.979,0.979,0.979
ITA,Italy,Europe & Central Asia,Europe,2019,0.8679166666666666,0.9045833333333334,0.9889166666666666,1.0,0.9511666666666666,0.9995833333333334,0.9594786042630021,0.9889166666666666,0.9594786042630021,0.959465684016582,0.959465684016582,0.9889166666666666,0.9889166666666666,0.9889166666666666
ITA,Italy,Europe & Central Asia,Europe,2020,0.8783333333333333,0.907,0.9838333333333332,0.9953333333333333,0.9653333333333333,1.0,0.9684070799407737,0.9884436052366565,0.9684070799407737,0.9683939728041161,0.9683939728041161,0.9884436052366565,0.9884460817146684,0.9884460817146684
ITA,Italy,Europe & Central Asia,Europe,2021,0.9083333333333333,0.9331666666666667,0.9988333333333334,1.0,0.97825,1.0,0.9733880370245415,0.9988333333333334,0.9733880370245415,0.9733881050187533,0.9733881050187533,0.9988333333333334,0.9988333333333334,0.9988333333333334
ITA,Italy,Europe & Central Asia,Europe,2022,0.931,0.9543333333333334,0.9995833333333333,1.0,0.9870833333333334,1.0,0.975550825051691,0.9995833333333333,0.975550825051691,0.9755501222493888,0.9755501222493888,0.9995833333333333,0.9995833333333333,0.9995833333333333
ITA,Italy,Europe & Central Asia,Europe,2023,0.9423333333333334,0.9707499999999999,0.9984166666666666,1.0,0.9864166666666666,1.0,0.9707848551456141,0.9984166666666666,0.9707848551456141,0.970727101038716,0.970727101038716,0.9984166666666666,0.9984166666666666,0.9984166666666666
ITA,Italy,Europe & Central Asia,Europe,2024,0.9691666666666666,0.9925833333333333,1.0,1.0,0.9991666666666666,1.0,0.9764016405510408,1.0,0.9764016405510408,0.9764083620183024,0.9764083620183024,1.0,1.0,1.0
ITA,Italy,Europe & Central Asia,Europe,2025,0.988,0.9999166666666667,1.0,1.0,1.0,1.0,0.9880814147480814,1.0,0.9880814147480814,0.9880823401950163,0.9880823401950163,1.0,1.0,1.0
ITA,Italy,Europe & Central Asia,Europe,2026,1.0,1.0,1.0,1.0,1.0,1.0,1.0,1.0,1.0,1.0,1.0,1.0,1.0,1.0
JAM,Jamaica,Latin America & Caribbean,North America,2015,0.545,0.542,0.783,0.753,0.947,1.0,1.0055350553505535,1.0398406374501992,1.0,1.0055350553505535,1.0,1.0,1.0398406374501992,1.0
JAM,Jamaica,Latin America & Caribbean,North America,2016,0.568,0.563,0.793,0.757,0.96,1.0,1.0088809946714032,1.0475561426684281,1.0,1.0088809946714032,1.0,1.0,1.0475561426684281,1.0
JAM,Jamaica,Latin America & Caribbean,North America,2017,0.595,0.589,0.807,0.766,0.974,1.0,1.0101867572156198,1.0535248041775458,1.0,1.0101867572156198,1.0,1.0,1.0535248041775458,1.0
JAM,Jamaica,Latin America & Caribbean,North America,2018,0.62,0.613,0.821,0.776,0.985,1.0,1.0114192495921697,1.0579896907216495,1.0,1.0114192495921697,1.0,1.0,1.0579896907216495,1.0
JAM,Jamaica,Latin America & Caribbean,North America,2019,0.6443333333333333,0.6393333333333334,0.8319166666666665,0.7858333333333333,0.99025,1.0,1.0078274394986566,1.058643597591508,1.0,1.0078206465067778,1.0,1.0,1.05864262990456,1.0
JAM,Jamaica,Latin America & Caribbean,North America,2020,0.6536666666666667,0.6473333333333334,0.8256666666666667,0.7779166666666667,0.997,1.0,1.0097922509271773,1.0613893296617496,1.0,1.009783728115345,1.0,1.0,1.061381896089984,1.0
JAM,Jamaica,Latin America & Caribbean,North America,2021,0.6747500000000001,0.6663333333333333,0.8361666666666666,0.7840000000000001,1.0,1.0,1.0126325946315722,1.0665394047858383,1.0,1.012631315657829,1.0,1.0,1.0665391156462583,1.0
JAM,Jamaica,Latin America & Caribbean,North America,2022,0.7007499999999999,0.6934999999999999,0.8564166666666666,0.8029166666666666,1.0,1.0,1.0104584384708268,1.0666326942485094,1.0,1.010454217736121,1.0,1.0,1.0666320705760248,1.0
JAM,Jamaica,Latin America & Caribbean,North America,2023,0.7144166666666667,0.7104166666666667,0.8683333333333333,0.8143333333333334,1.0,1.0,1.0056346290744256,1.0663424031142894,1.0,1.0056304985337243,1.0,1.0,1.0663119115841178,1.0
JAM,Jamaica,Latin America & Caribbean,North America,2024,0.7441666666666666,0.7423333333333333,0.8730833333333333,0.822,1.0,1.0,1.0024668722240222,1.0621463861975688,1.0,1.0024696901661427,1.0,1.0,1.0621451743714518,1.0
JAM,Jamaica,Latin America & Caribbean,North America,2025,0.7639166666666667,0.7632500000000001,0.8809166666666667,0.8294999999999999,1.0,1.0,1.0008739001554605,1.061986016137588,1.0,1.0008734578010698,1.0,1.0,1.061985131605385,1.0
JAM,Jamaica,Latin America & Caribbean,North America,2026,0.7838,0.7828,0.8880000000000001,0.8347999999999999,1.0,1.0,1.0012777941460118,1.0637286935199857,1.0,1.0012774655084313,1.0,1.0,1.0637278390033544,1.0
JOR,Jordan,Middle East & North Africa,Asia,2015,0.561,0.7,0.847,0.98,0.785,0.894,0.8014285714285716,0.8642857142857143,0.8014285714285716,0.8014285714285716,0.8014285714285716,0.8642857142857143,0.8642857142857143,0.8642857142857143
JOR,Jordan,Middle East & North Africa,Asia,2016,0.583,0.706,0.842,0.957,0.803,0.905,0.8257790368271954,0.8798328108672936,0.8257790368271954,0.8257790368271954,0.8257790368271954,0.8798328108672936,0.8798328108672936,0.8798328108672936
JOR,Jordan,Middle East & North Africa,Asia,2017,0.614,0.727,0.849,0.95,0.826,0.918,0.844566712517194,0.8936842105263159,0.844566712517194,0.844566712517194,0.844566712517194,0.8936842105263159,0.8936842105263159,0.8936842105263159
JOR,Jordan,Middle East & North Africa,Asia,2018,0.621,0.734,0.845,0.951,0.821,0.914,0.8460490463215259,0.8885383806519453,0.8460490463215259,0.8460490463215259,0.8460490463215259,0.8885383806519453,0.8885383806519453,0.8885383806519453
JOR,Jordan,Middle East & North Africa,Asia,2019,0.6275833333333333,0.7408333333333333,0.8373333333333334,0.94925,0.8155,0.9075000000000001,0.8471275000524158,0.8820941761907463,0.8471275000524158,0.8471316085489313,0.8471316085489313,0.8820941761907463,0.8820999034325344,0.8820999034325344
JOR,Jordan,Middle East & North Africa,Asia,2020,0.65025,0.7573333333333334,0.8433333333333333,0.9439166666666666,0.8346666666666667,0.9186666666666667,0.8586060696288689,0.8934356075844986,0.8586060696288689,0.8586047535211266,0.8586047535211266,0.8934356075844986,0.8934404520173037,0.8934404520173037
JOR,Jordan,Middle East & North Africa,Asia,2021,0.6645,0.7691666666666667,0.8450000000000001,0.9443333333333332,0.8393333333333333,0.9208333333333334,0.8639369020538825,0.8948095751689676,0.8639369020538825,0.8639219934994583,0.8639219934994583,0.8948095751689676,0.8948111542534417,0.8948111542534417
JOR,Jordan,Middle East & North Africa,Asia,2022,0.6636666666666667,0.7774166666666668,0.8408333333333333,0.9574166666666666,0.8212499999999999,0.9065,0.8537131665175632,0.8782200677334461,0.8537131665175632,0.8536820666738129,0.8536820666738129,0.8782200677334461,0.8782313517277397,0.8782313517277397
JOR,Jordan,Middle East & North Africa,Asia,2023,0.6569166666666667,0.76375,0.81975,0.9375,0.81225,0.8985833333333333,0.8600906117598983,0.8743322077749895,0.8600906117598983,0.8601200218221495,0.8601200218221495,0.8743322077749895,0.8744,0.8744
JOR,Jordan,Middle East & North Africa,Asia,2024,0.69875,0.8038333333333334,0.8403333333333333,0.9502499999999999,0.83675,0.9133333333333334,0.8692595226765166,0.8843079114468114,0.8692595226765166,0.8692722371967654,0.8692722371967654,0.8843079114468114,0.8843286854336578,0.8843286854336578
JOR,Jordan,Middle East & North Africa,Asia,2025,0.7174999999999999,0.818,0.8406666666666666,0.9465833333333333,0.8453333333333334,0.9175,0.8771643593591055,0.8880825321388155,0.8771643593591055,0.8771393643031784,0.8771393643031784,0.8880825321388155,0.8881063473897349,0.8881063473897349
JOR,Jordan,Middle East & North Africa,Asia,2026,0.7365999999999999,0.8324,0.8405999999999999,0.9431999999999998,0.8533999999999999,0.9208000000000001,0.8849040697422224,0.8912169496405264,0.8849040697422224,0.8849111004324842,0.8849111004324842,0.8912169496405264,0.8912213740458016,0.8912213740458016
JPN,Japan,East Asia & Pacific,Asia,2015,0.71,0.744,0.911,0.957,0.882,0.956,0.9543010752688171,0.9519331243469176,0.9543010752688171,0.9543010752688171,0.9543010752688171,0.9519331243469176,0.9519331243469176,0.9519331243469176
JPN,Japan,East Asia & Pacific,Asia,2016,0.734,0.769,0.925,0.97,0.886,0.959,0.9544863459037711,0.9536082474226805,0.9544863459037711,0.9544863459037711,0.9544863459037711,0.9536082474226805,0.9536082474226805,0.9536082474226805
JPN,Japan,East Asia & Pacific,Asia,2017,0.754,0.789,0.927,0.972,0.888,0.959,0.9556400506970849,0.9537037037037037,0.9556400506970849,0.9556400506970849,0.9556400506970849,0.9537037037037037,0.9537037037037037,0.9537037037037037
JPN,Japan,East Asia & Pacific,Asia,2018,0.774,0.809,0.933,0.977,0.89,0.959,0.9567367119901112,0.9549641760491301,0.9567367119901112,0.9567367119901112,0.9567367119901112,0.9549641760491301,0.9549641760491301,0.9549641760491301
JPN,Japan,East Asia & Pacific,Asia,2019,0.7975833333333333,0.83275,0.9395000000000001,0.9838333333333332,0.8938333333333334,0.9605,0.9577717033842479,0.9549343510585976,0.9577717033842479,0.9577704393075153,0.9577704393075153,0.9549343510585976,0.9549381670337119,0.9549381670337119
JPN,Japan,East Asia & Pacific,Asia,2020,0.8080833333333334,0.8435,0.93775,0.9843333333333333,0.8915000000000001,0.9574166666666666,0.9580121772275726,0.9526750340472948,0.9580121772275726,0.9580122505433709,0.9580122505433709,0.9526750340472948,0.9526752455130376,0.9526752455130376
JPN,Japan,East Asia & Pacific,Asia,2021,0.8286666666666666,0.8644166666666666,0.9399166666666666,0.988,0.8909166666666667,0.9556666666666667,0.9586425328266609,0.9513317798114475,0.9586425328266609,0.9586426299045598,0.9586426299045598,0.9513317798114475,0.9513326585695007,0.9513326585695007
JPN,Japan,East Asia & Pacific,Asia,2022,0.8445,0.87725,0.9321666666666667,0.9768333333333333,0.8961666666666667,0.9568333333333333,0.9626677072365496,0.9542740371439279,0.9626677072365496,0.9626674266172699,0.9626674266172699,0.9542740371439279,0.954274014673264,0.954274014673264
JPN,Japan,East Asia & Pacific,Asia,2023,0.85975,0.8920833333333333,0.9331666666666667,0.97825,0.8974166666666666,0.956,0.9637556885717801,0.9539079075867493,0.9637556885717801,0.9637552545539467,0.9637552545539467,0.9539079075867493,0.9539143027515121,0.9539143027515121
JPN,Japan,East Asia & Pacific,Asia,2024,0.8840833333333333,0.9171666666666667,0.9422499999999999,0.9864166666666666,0.904,0.9593333333333334,0.9639297019549725,0.955224465672794,0.9639297019549725,0.9639287661275667,0.9639287661275667,0.955224465672794,0.955225141505449,0.955225141505449
JPN,Japan,East Asia & Pacific,Asia,2025,0.9035000000000001,0.9370833333333333,0.9464999999999999,0.9911666666666666,0.9063333333333334,0.95975,0.9641628223153305,0.9549337371593536,0.9641628223153305,0.9641618497109828,0.9641618497109828,0.9549337371593536,0.9549352614763745,0.9549352614763745
JPN,Japan,East Asia & Pacific,Asia,2026,0.9238,0.9576,0.9527999999999999,0.9965999999999999,0.9122,0.9618,0.9647035468790562,0.9560502793521126,0.9647035468790562,0.964703425229741,0.964703425229741,0.9560502793521126,0.9560505719446116,0.9560505719446116
KAZ,Kazakhstan,Europe & Central Asia,Asia,2015,0.599,0.619,0.855,0.851,0.938,0.994,0.9676898222940226,1.0047003525264395,0.9676898222940226,0.9676898222940226,0.9676898222940226,1.0,1.0047003525264395,1.0
KAZ,Kazakhstan,Europe & Central Asia,Asia,2016,0.603,0.622,0.832,0.831,0.933,0.987,0.9694533762057878,1.0012033694344165,0.9694533762057878,0.9694533762057878,0.9694533762057878,1.0,1.0012033694344165,1.0
KAZ,Kazakhstan,Europe & Central Asia,Asia,2017,0.63,0.651,0.847,0.85,0.934,0.987,0.9677419354838709,0.9964705882352941,0.9677419354838709,0.9677419354838709,0.9677419354838709,0.9964705882352941,0.9964705882352941,0.9964705882352941
KAZ,Kazakhstan,Europe & Central Asia,Asia,2018,0.668,0.682,0.864,0.853,0.955,1.0,0.9794721407624634,1.0128956623681125,0.9794721407624634,0.9794721407624634,0.9794721407624634,1.0,1.0128956623681125,1.0
KAZ,Kazakhstan,Europe & Central Asia,Asia,2019,0.6855000000000001,0.7016666666666667,0.8682500000000001,0.8616666666666667,0.9595833333333332,0.9988333333333334,0.9769559183572493,1.007638188388646,0.9769559183572493,0.9769596199524943,0.9769596199524943,1.0,1.0076402321083173,1.0
KAZ,Kazakhstan,Europe & Central Asia,Asia,2020,0.70675,0.7192500000000001,0.87125,0.85725,0.9725,0.9993333333333334,0.9826154430152586,1.0163216980938217,0.9826154430152586,0.9826207855404935,0.9826207855404935,1.0,1.016331291921843,1.0
KAZ,Kazakhstan,Europe & Central Asia,Asia,2021,0.7284999999999999,0.743,0.8835833333333333,0.8706666666666667,0.9704166666666666,1.0,0.9804848184247072,1.0148345404605232,0.9804848184247072,0.9804845222072678,0.9804845222072678,1.0,1.014835375191424,1.0
KAZ,Kazakhstan,Europe & Central Asia,Asia,2022,0.75,0.767,0.894,0.8850000000000001,0.9700000000000001,1.0,0.9778357235984355,1.0101694915254238,0.9778357235984355,0.9778357235984354,0.9778357235984354,1.0,1.0101694915254236,1.0
KAZ,Kazakhstan,Europe & Central Asia,Asia,2023,0.76675,0.7835833333333334,0.8985833333333333,0.8890833333333333,0.9751666666666666,1.0,0.9785156372554195,1.010683540620283,0.9785156372554195,0.9785174944166755,0.9785174944166755,1.0,1.0106851626206768,1.0
KAZ,Kazakhstan,Europe & Central Asia,Asia,2024,0.7920833333333334,0.8077500000000001,0.9081666666666667,0.8948333333333333,0.9879166666666667,1.0,0.9806047984115932,1.0149000815363023,0.9806047984115932,0.9806045599917466,0.9806045599917466,1.0,1.014900353883405,1.0
KAZ,Kazakhstan,Europe & Central Asia,Asia,2025,0.81175,0.8260833333333334,0.9155833333333333,0.8995000000000001,0.99775,1.0,0.9826483018172812,1.0178799489144317,0.9826483018172812,0.9826490467063451,0.9826490467063451,1.0,1.0178803038725217,1.0
KAZ,Kazakhstan,Europe & Central Asia,Asia,2026,0.8308,0.845,0.9202,0.9040000000000001,0.9996,1.0,0.9831952662721892,1.017920353982301,0.9831952662721892,0.9831952662721893,0.9831952662721893,1.0,1.0179203539823007,1.0
KEN,Kenya,Sub-Saharan Africa,Africa,2015,0.275,0.365,0.607,0.711,0.658,0.828,0.7534246575342467,0.8537271448663853,0.7534246575342467,0.7534246575342467,0.7534246575342467,0.8537271448663853,0.8537271448663853,0.8537271448663853
KEN,Kenya,Sub-Saharan Africa,Africa,2016,0.312,0.4,0.625,0.724,0.679,0.838,0.7799999999999999,0.8632596685082873,0.7799999999999999,0.7799999999999999,0.7799999999999999,0.8632596685082873,0.8632596685082873,0.8632596685082873
KEN,Kenya,Sub-Saharan Africa,Africa,2017,0.348,0.435,0.647,0.739,0.702,0.852,0.7999999999999999,0.8755074424898512,0.7999999999999999,0.7999999999999999,0.7999999999999999,0.8755074424898512,0.8755074424898512,0.8755074424898512
KEN,Kenya,Sub-Saharan Africa,Africa,2018,0.384,0.47,0.67,0.757,0.721,0.862,0.8170212765957447,0.8850726552179657,0.8170212765957447,0.8170212765957447,0.8170212765957447,0.8850726552179657,0.8850726552179657,0.8850726552179657
KEN,Kenya,Sub-Saharan Africa,Africa,2019,0.425,0.50925,0.6943333333333332,0.7731666666666667,0.7466666666666667,0.8774166666666666,0.8345661699118566,0.8980351276488858,0.8345661699118566,0.8345606283750614,0.8345606283750614,0.8980351276488858,0.8980383703384349,0.8980383703384349
KEN,Kenya,Sub-Saharan Africa,Africa,2020,0.4443333333333333,0.5303333333333334,0.7063333333333333,0.783,0.7595833333333334,0.8843333333333333,0.8378277234636572,0.9020769322938929,0.8378277234636572,0.8378378378378376,0.8378378378378376,0.9020769322938929,0.9020859940400169,0.9020859940400169
KEN,Kenya,Sub-Saharan Africa,Africa,2021,0.48475,0.56475,0.7355,0.7950833333333334,0.7973333333333334,0.9081666666666667,0.8583365547344904,0.9250527359004553,0.8583365547344904,0.8583444001770696,0.8583444001770696,0.9250527359004553,0.9250602662194739,0.9250602662194739
KEN,Kenya,Sub-Saharan Africa,Africa,2022,0.51,0.5910833333333333,0.7469166666666666,0.8065000000000001,0.8103333333333333,0.9139166666666667,0.8628265970163232,0.9261171749465573,0.8628265970163232,0.8628225010573806,0.8628225010573806,0.9261171749465573,0.9261210994007024,0.9261210994007024
KEN,Kenya,Sub-Saharan Africa,Africa,2023,0.5269166666666667,0.60725,0.7512500000000001,0.8097500000000001,0.8161666666666667,0.916,0.8677134452514488,0.9277241432883377,0.8677134452514488,0.8677096198710033,0.8677096198710033,0.9277241432883377,0.9277554800864465,0.9277554800864465
KEN,Kenya,Sub-Saharan Africa,Africa,2024,0.5802499999999999,0.6644166666666668,0.7916666666666666,0.8409166666666666,0.8536666666666667,0.9389166666666666,0.8733167422110135,0.9414109309890915,0.8733167422110135,0.8733224633136835,0.8733224633136835,0.9414109309890915,0.9414329600634228,0.9414329600634228
KEN,Kenya,Sub-Saharan Africa,Africa,2025,0.6221666666666666,0.7053333333333333,0.8180833333333334,0.8574999999999999,0.8850000000000001,0.9576666666666666,0.882087744482051,0.954025704162338,0.882087744482051,0.8820888468809074,0.8820888468809074,0.954025704162338,0.954033041788144,0.954033041788144
KEN,Kenya,Sub-Saharan Africa,Africa,2026,0.6654,0.7466,0.8426,0.8728,0.9158000000000002,0.976,0.8912376875787924,0.9653987620458822,0.8912376875787924,0.8912402893115456,0.8912402893115456,0.9653987620458822,0.9653987167736022,0.9653987167736022
KGZ,Kyrgyzstan,Europe & Central Asia,Asia,2015,0.38,0.424,0.619,0.673,0.782,0.888,0.8962264150943396,0.9197622585438335,0.8962264150943396,0.8962264150943396,0.8962264150943396,0.9197622585438335,0.9197622585438335,0.9197622585438335
KGZ,Kyrgyzstan,Europe & Central Asia,Asia,2016,0.405,0.448,0.627,0.678,0.793,0.894,0.9040178571428572,0.9247787610619468,0.9040178571428572,0.9040178571428572,0.9040178571428572,0.9247787610619468,0.9247787610619468,0.9247787610619468
KGZ,Kyrgyzstan,Europe & Central Asia,Asia,2017,0.421,0.47,0.636,0.695,0.789,0.889,0.8957446808510638,0.9151079136690649,0.8957446808510638,0.8957446808510638,0.8957446808510638,0.9151079136690649,0.9151079136690649,0.9151079136690649
KGZ,Kyrgyzstan,Europe & Central Asia,Asia,2018,0.45,0.496,0.649,0.703,0.801,0.896,0.9072580645161291,0.9231863442389759,0.9072580645161291,0.9072580645161291,0.9072580645161291,0.9231863442389759,0.9231863442389759,0.9231863442389759
KGZ,Kyrgyzstan,Europe & Central Asia,Asia,2019,0.47825,0.5223333333333334,0.6647500000000001,0.7131666666666666,0.8141666666666666,0.9040833333333333,0.9156026516816166,0.9321085302861895,0.9156026516816166,0.9156030631780471,0.9156030631780471,0.9321085302861895,0.932110306146296,0.932110306146296
KGZ,Kyrgyzstan,Europe & Central Asia,Asia,2020,0.4919166666666666,0.5350833333333334,0.66325,0.7083333333333334,0.8238333333333333,0.9085833333333334,0.9193183609250067,0.9363433142019927,0.9193183609250067,0.9193272076000621,0.9193272076000621,0.9363433142019927,0.9363529411764705,0.9363529411764705
KGZ,Kyrgyzstan,Europe & Central Asia,Asia,2021,0.5308333333333334,0.5692499999999999,0.68525,0.7194166666666666,0.8489999999999999,0.924,0.9325150983071763,0.9525083062895998,0.9325150983071763,0.9325135412091936,0.9325135412091936,0.9525083062895998,0.9525078188347041,0.9525078188347041
KGZ,Kyrgyzstan,Europe & Central Asia,Asia,2022,0.5660833333333333,0.6041666666666666,0.7075833333333333,0.7388333333333333,0.8581666666666666,0.9301666666666667,0.936968630250583,0.9577045691521416,0.936968630250583,0.9369655172413792,0.9369655172413792,0.9577045691521416,0.9577035867358448,0.9577035867358448
KGZ,Kyrgyzstan,Europe & Central Asia,Asia,2023,0.5813333333333333,0.6175,0.7127499999999999,0.7409166666666667,0.8691666666666666,0.93525,0.941428393764227,0.9619803062211507,0.941428393764227,0.9414304993252359,0.9414304993252359,0.9619803062211507,0.9619840287931615,0.9619840287931615
KGZ,Kyrgyzstan,Europe & Central Asia,Asia,2024,0.6090833333333333,0.64525,0.7245833333333334,0.7500833333333333,0.8813333333333334,0.9415833333333333,0.9439496212539112,0.9660035288262253,0.9439496212539112,0.9439493736277929,0.9439493736277929,0.9660035288262253,0.9660037773580714,0.9660037773580714
KGZ,Kyrgyzstan,Europe & Central Asia,Asia,2025,0.6358333333333334,0.6718333333333334,0.73625,0.7585000000000001,0.8934166666666666,0.9482499999999999,0.9464173818142528,0.970667017137516,0.9464173818142528,0.9464152815678492,0.9464152815678492,0.970667017137516,0.9706657877389583,0.9706657877389583
KGZ,Kyrgyzstan,Europe & Central Asia,Asia,2026,0.6608,0.6975999999999999,0.7464000000000001,0.7668,0.9024000000000001,0.9526,0.9472490731152223,0.9733960600624316,0.9472490731152223,0.9472477064220186,0.9472477064220186,0.9733960600624316,0.9733959311424101,0.9733959311424101
KHM,Cambodia,East Asia & Pacific,Asia,2015,0.415,0.574,0.811,0.914,0.789,0.909,0.7229965156794426,0.887308533916849,0.7229965156794426,0.7229965156794426,0.7229965156794426,0.887308533916849,0.887308533916849,0.887308533916849
KHM,Cambodia,East Asia & Pacific,Asia,2016,0.465,0.617,0.839,0.927,0.825,0.93,0.753646677471637,0.9050701186623515,0.753646677471637,0.753646677471637,0.753646677471637,0.9050701186623515,0.9050701186623515,0.9050701186623515
KHM,Cambodia,East Asia & Pacific,Asia,2017,0.497,0.65,0.857,0.945,0.838,0.937,0.7646153846153846,0.906878306878307,0.7646153846153846,0.7646153846153846,0.7646153846153846,0.906878306878307,0.906878306878307,0.906878306878307
KHM,Cambodia,East Asia & Pacific,Asia,2018,0.537,0.688,0.88,0.962,0.862,0.95,0.7805232558139537,0.9147609147609148,0.7805232558139537,0.7805232558139537,0.7805232558139537,0.9147609147609148,0.9147609147609148,0.9147609147609148
KHM,Cambodia,East Asia & Pacific,Asia,2019,0.57375,0.7123333333333334,0.8895833333333334,0.9554166666666667,0.8850833333333333,0.96475,0.8054439720145283,0.9310925149080537,0.8054439720145283,0.8054515676181562,0.8054515676181562,0.9310925149080537,0.9310946358482338,0.9310946358482338
KHM,Cambodia,East Asia & Pacific,Asia,2020,0.6268333333333334,0.762,0.92125,0.971,0.9306666666666666,0.99175,0.8225736980409533,0.9487147608469461,0.8225736980409533,0.8226159230096238,0.8226159230096238,0.9487147608469461,0.9487641606591144,0.9487641606591144
KHM,Cambodia,East Asia & Pacific,Asia,2021,0.69,0.8225833333333333,0.9685833333333332,0.9949166666666667,0.98375,1.0,0.8388273605029356,0.973507403515455,0.8388273605029356,0.8388207881673588,0.8388207881673588,0.973507403515455,0.9735321216182259,0.9735321216182259
KHM,Cambodia,East Asia & Pacific,Asia,2022,0.7049166666666666,0.8360833333333333,0.9653333333333333,0.9954166666666667,0.9784166666666666,1.0,0.8431319557777562,0.9697316222664157,0.8431319557777562,0.8431177115518788,0.8431177115518788,0.9697316222664157,0.9697781498534951,0.9697781498534951
KHM,Cambodia,East Asia & Pacific,Asia,2023,0.6844166666666668,0.8045,0.9215,0.9620000000000001,0.9491666666666667,0.9935833333333334,0.8507337645899372,0.9577136185819244,0.8507337645899372,0.8507354464470688,0.8507354464470688,0.9577136185819244,0.9579002079002078,0.9579002079002078
KHM,Cambodia,East Asia & Pacific,Asia,2024,0.7513333333333333,0.8675833333333333,0.9583333333333334,0.9833333333333334,0.9914999999999999,0.9995833333333334,0.8659891568988457,0.9745010021924186,0.8659891568988457,0.8660071078666794,0.8660071078666794,0.9745010021924186,0.9745762711864406,0.9745762711864406
KHM,Cambodia,East Asia & Pacific,Asia,2025,0.7935,0.9045833333333334,0.97225,0.9876666666666667,0.99975,1.0,0.8772105364666319,0.9843615389204973,0.8772105364666319,0.8771994472593274,0.8771994472593274,0.9843615389204973,0.9843908201147484,0.9843908201147484
KHM,Cambodia,East Asia & Pacific,Asia,2026,0.8454,0.9591999999999998,1.0,1.0,1.0,1.0,0.8813647169951407,1.0,0.8813647169951407,0.8813594662218518,0.8813594662218518,1.0,1.0,1.0
KIR,Kiribati,East Asia & Pacific,Oceania,2015,0.362,0.424,0.656,0.717,0.78,0.896,0.8537735849056604,0.9149232914923292,0.8537735849056604,0.8537735849056604,0.8537735849056604,0.9149232914923292,0.9149232914923292,0.9149232914923292
KIR,Kiribati,East Asia & Pacific,Oceania,2016,0.373,0.442,0.662,0.73,0.775,0.892,0.8438914027149321,0.9068493150684932,0.8438914027149321,0.8438914027149321,0.8438914027149321,0.9068493150684932,0.9068493150684932,0.9068493150684932
KIR,Kiribati,East Asia & Pacific,Oceania,2017,0.396,0.468,0.669,0.745,0.774,0.889,0.8461538461538461,0.8979865771812081,0.8461538461538461,0.8461538461538461,0.8461538461538461,0.8979865771812081,0.8979865771812081,0.8979865771812081
KIR,Kiribati,East Asia & Pacific,Oceania,2018,0.409,0.49,0.673,0.761,0.765,0.88,0.8346938775510204,0.8843626806833115,0.8346938775510204,0.8346938775510204,0.8346938775510204,0.8843626806833115,0.8843626806833115,0.8843626806833115
KIR,Kiribati,East Asia & Pacific,Oceania,2019,0.47291666666666665,0.5265833333333333,0.6939166666666666,0.73575,0.8351666666666667,0.9248333333333334,0.898109104210307,0.9431454911430536,0.898109104210307,0.898085140053806,0.898085140053806,0.9431454911430536,0.9431419186770867,0.9431419186770867
KIR,Kiribati,East Asia & Pacific,Oceania,2020,0.5210833333333333,0.5705833333333333,0.7215833333333332,0.74625,0.8663333333333334,0.9462499999999999,0.9132631496322113,0.9669467843593315,0.9132631496322113,0.9132466773769534,0.9132466773769534,0.9669467843593315,0.9669458403126744,0.9669458403126744
KIR,Kiribati,East Asia & Pacific,Oceania,2021,0.4384166666666667,0.555,0.6865,0.8270833333333333,0.7209166666666667,0.8454166666666666,0.7899355999074841,0.8300250415200061,0.7899355999074841,0.7899399399399399,0.7899399399399399,0.8300250415200061,0.8300251889168766,0.8300251889168766
KIR,Kiribati,East Asia & Pacific,Oceania,2022,0.463,0.5769166666666666,0.6926666666666667,0.8288333333333333,0.73425,0.8523333333333333,0.8025300443167586,0.835709503785833,0.8025300443167586,0.8025422504694497,0.8025422504694497,0.835709503785833,0.8357128493866881,0.8357128493866881
KIR,Kiribati,East Asia & Pacific,Oceania,2023,0.4721666666666667,0.5851666666666666,0.6925,0.8288333333333333,0.7374166666666667,0.8523333333333333,0.806815948271832,0.8354845872312282,0.806815948271832,0.8068926231842781,0.8068926231842781,0.8354845872312282,0.8355117635230244,0.8355117635230244
KIR,Kiribati,East Asia & Pacific,Oceania,2024,0.5221666666666667,0.63625,0.7207499999999999,0.8498333333333333,0.7635000000000001,0.8685,0.8206606145142178,0.848088510067364,0.8206606145142178,0.8206941715782581,0.8206941715782581,0.848088510067364,0.8481074720533437,0.8481074720533437
KIR,Kiribati,East Asia & Pacific,Oceania,2025,0.55625,0.6687500000000001,0.7355833333333334,0.8588333333333332,0.7815,0.8789166666666667,0.8317544636739497,0.8564570360397692,0.8317544636739497,0.8317757009345794,0.8317757009345794,0.8564570360397692,0.8564913642538329,0.8564913642538329
KIR,Kiribati,East Asia & Pacific,Oceania,2026,0.6166,0.7292,0.7688,0.882,0.8140000000000001,0.9,0.8455799601276557,0.8716502170663398,0.8455799601276557,0.8455842018650577,0.8455842018650577,0.8716502170663398,0.871655328798186,0.871655328798186
KNA,Saint Kitts and Nevis,Latin America & Caribbean,North America,2015,0.755,0.763,0.895,0.894,0.927,0.998,0.9895150720838795,1.0011185682326622,0.9895150720838795,0.9895150720838795,0.9895150720838795,1.0,1.0011185682326622,1.0
KNA,Saint Kitts and Nevis,Latin America & Caribbean,North America,2016,0.784,0.789,0.907,0.9,0.942,1.0,0.9936628643852978,1.0077777777777779,0.9936628643852978,0.9936628643852978,0.9936628643852978,1.0,1.0077777777777779,1.0
KNA,Saint Kitts and Nevis,Latin America & Caribbean,North America,2017,0.806,0.809,0.917,0.908,0.951,1.0,0.9962917181705809,1.0099118942731278,0.9962917181705809,0.9962917181705809,0.9962917181705809,1.0,1.0099118942731278,1.0
KNA,Saint Kitts and Nevis,Latin America & Caribbean,North America,2018,0.827,0.829,0.926,0.913,0.963,1.0,0.9975874547647768,1.0142387732749178,0.9975874547647768,0.9975874547647768,0.9975874547647768,1.0,1.0142387732749178,1.0
KNA,Saint Kitts and Nevis,Latin America & Caribbean,North America,2019,0.8474166666666667,0.84625,0.9301666666666667,0.9145833333333333,0.9713333333333333,1.0,1.0013781446470635,1.0170380509988626,1.0,1.00137863121615,1.0,1.0,1.0170387243735763,1.0
KNA,Saint Kitts and Nevis,Latin America & Caribbean,North America,2020,0.8663333333333334,0.8682500000000001,0.9366666666666666,0.9162500000000001,0.987,1.0,0.9978849694350682,1.0222999802021286,0.9978849694350682,0.9977924944812362,0.9977924944812362,1.0,1.022282855843565,1.0
KNA,Saint Kitts and Nevis,Latin America & Caribbean,North America,2021,0.8808333333333334,0.8764166666666666,0.9309166666666667,0.90625,0.99425,1.0,1.0050495251432858,1.0272216035907753,1.0,1.0050394599220311,1.0,1.0,1.0272183908045978,1.0
KNA,Saint Kitts and Nevis,Latin America & Caribbean,North America,2022,0.90525,0.8985,0.9380833333333333,0.91375,0.999,1.0,1.0075143045224517,1.026630492645304,1.0,1.0075125208681135,1.0,1.0,1.0266301869585044,1.0
KNA,Saint Kitts and Nevis,Latin America & Caribbean,North America,2023,0.9144166666666668,0.9106666666666667,0.9485,0.9238333333333334,1.0,1.0,1.004081471868211,1.0267116944959505,1.0,1.0041178623718887,1.0,1.0,1.0267003427746706,1.0
KNA,Saint Kitts and Nevis,Latin America & Caribbean,North America,2024,0.9516666666666667,0.9461666666666666,0.9594999999999999,0.9309166666666667,1.0,1.0,1.005805784806355,1.0307044185478333,1.0,1.0058129293641007,1.0,1.0,1.0307045027302837,1.0
KNA,Saint Kitts and Nevis,Latin America & Caribbean,North America,2025,0.9805,0.9805,0.9818333333333333,0.9515833333333332,1.0,1.0,0.9999998674904642,1.0317972190664595,0.9999998674904642,1.0,1.0,1.0,1.03178912339084,1.0
KNA,Saint Kitts and Nevis,Latin America & Caribbean,North America,2026,0.9996,0.9968,0.9842000000000001,0.9512,1.0,1.0,1.0028140922743674,1.0346934718186243,1.0,1.002808988764045,1.0,1.0,1.0346930193439865,1.0
KOR,"Korea, Republic of",East Asia & Pacific,Asia,2015,0.743,0.81,0.93,1.0,0.848,0.936,0.9172839506172838,0.93,0.9172839506172838,0.9172839506172838,0.9172839506172838,0.93,0.93,0.93
KOR,"Korea, Republic of",East Asia & Pacific,Asia,2016,0.758,0.824,0.931,1.0,0.848,0.934,0.9199029126213593,0.931,0.9199029126213593,0.9199029126213593,0.9199029126213593,0.931,0.931,0.931
KOR,"Korea, Republic of",East Asia & Pacific,Asia,2017,0.775,0.839,0.935,1.0,0.847,0.933,0.9237187127532778,0.935,0.9237187127532778,0.9237187127532778,0.9237187127532778,0.935,0.935,0.935
KOR,"Korea, Republic of",East Asia & Pacific,Asia,2018,0.792,0.855,0.938,1.0,0.848,0.933,0.9263157894736843,0.938,0.9263157894736843,0.9263157894736843,0.9263157894736843,0.938,0.938,0.938
KOR,"Korea, Republic of",East Asia & Pacific,Asia,2019,0.80875,0.8694166666666666,0.9344166666666668,1.0,0.8491666666666666,0.9314166666666667,0.9302195947173925,0.9344166666666668,0.9302195947173925,0.930221412824691,0.930221412824691,0.9344166666666668,0.9344166666666668,0.9344166666666668
KOR,"Korea, Republic of",East Asia & Pacific,Asia,2020,0.8176666666666667,0.8765000000000001,0.9283333333333333,1.0,0.8453333333333334,0.9275833333333333,0.9328765292775053,0.9283333333333333,0.9328765292775053,0.9328769728085187,0.9328769728085187,0.9283333333333333,0.9283333333333333,0.9283333333333333
KOR,"Korea, Republic of",East Asia & Pacific,Asia,2021,0.839,0.8968333333333334,0.9355000000000001,1.0,0.8460833333333334,0.92725,0.9355133795789347,0.9355000000000001,0.9355133795789347,0.9355138450102211,0.9355138450102211,0.9355000000000001,0.9355000000000001,0.9355000000000001
KOR,"Korea, Republic of",East Asia & Pacific,Asia,2022,0.8539166666666667,0.9105,0.92925,1.0,0.8448333333333333,0.9240833333333334,0.9378544661798304,0.92925,0.9378544661798304,0.937854658612484,0.937854658612484,0.92925,0.92925,0.92925
KOR,"Korea, Republic of",East Asia & Pacific,Asia,2023,0.8571666666666666,0.9107500000000001,0.9153333333333333,0.9940000000000001,0.8334999999999999,0.9155833333333333,0.9411782229996607,0.9208126691023538,0.9411782229996607,0.9411657059200291,0.9411657059200291,0.9208126691023538,0.9208584842387658,0.9208584842387658
KOR,"Korea, Republic of",East Asia & Pacific,Asia,2024,0.8766666666666666,0.9313333333333333,0.9203333333333333,0.9994166666666667,0.8356666666666666,0.9158333333333334,0.9413051768447608,0.9208673212487413,0.9413051768447608,0.9413027916964924,0.9413027916964924,0.9208673212487413,0.9208705077962144,0.9208705077962144
KOR,"Korea, Republic of",East Asia & Pacific,Asia,2025,0.8895,0.9435833333333333,0.9169166666666667,0.99825,0.8309166666666666,0.9117500000000001,0.9426851853831816,0.9185121535338792,0.9426851853831816,0.9426830345314845,0.9426830345314845,0.9185121535338792,0.91852408381334,0.91852408381334
KOR,"Korea, Republic of",East Asia & Pacific,Asia,2026,0.906,0.9593999999999999,0.9182,1.0,0.8315999999999999,0.9108,0.944339999840358,0.9182,0.944339999840358,0.9443402126328957,0.9443402126328957,0.9182,0.9182,0.9182
KWT,Kuwait,Middle East & North Africa,Asia,2015,1.0,1.0,1.0,1.0,1.0,1.0,1.0,1.0,1.0,1.0,1.0,1.0,1.0,1.0
KWT,Kuwait,Middle East & North Africa,Asia,2016,0.98,1.0,1.0,1.0,1.0,1.0,0.98,1.0,0.98,0.98,0.98,1.0,1.0,1.0
KWT,Kuwait,Middle East & North Africa,Asia,2017,0.963,1.0,1.0,1.0,1.0,1.0,0.963,1.0,0.963,0.963,0.963,1.0,1.0,1.0
KWT,Kuwait,Middle East & North Africa,Asia,2018,0.949,1.0,1.0,1.0,1.0,1.0,0.949,1.0,0.949,0.949,0.949,1.0,1.0,1.0
KWT,Kuwait,Middle East & North Africa,Asia,2019,0.95275,0.9993333333333334,1.0,1.0,1.0,1.0,0.9533777904702768,1.0,0.9533777904702768,0.9533855903935956,0.9533855903935956,1.0,1.0,1.0
KWT,Kuwait,Middle East & North Africa,Asia,2020,0.9451666666666667,0.9916666666666667,1.0,1.0,1.0,1.0,0.9531396943526463,1.0,0.9531396943526463,0.953109243697479,0.953109243697479,1.0,1.0,1.0
KWT,Kuwait,Middle East & North Africa,Asia,2021,0.95775,0.9950833333333334,1.0,1.0,1.0,1.0,0.9624657685669419,1.0,0.9624657685669419,0.9624822041705049,0.9624822041705049,1.0,1.0,1.0
KWT,Kuwait,Middle East & North Africa,Asia,2022,0.96975,0.9990833333333334,1.0,1.0,1.0,1.0,0.9706351533535558,1.0,0.9706351533535558,0.9706397531070147,0.9706397531070147,1.0,1.0,1.0
KWT,Kuwait,Middle East & North Africa,Asia,2023,0.9589166666666666,0.9813333333333333,1.0,1.0,1.0,1.0,0.977168539261256,1.0,0.977168539261256,0.9771569293478262,0.9771569293478262,1.0,1.0,1.0
KWT,Kuwait,Middle East & North Africa,Asia,2024,0.99825,1.0,1.0,1.0,1.0,1.0,0.99825,1.0,0.99825,0.99825,0.99825,1.0,1.0,1.0
KWT,Kuwait,Middle East & North Africa,Asia,2025,1.0,1.0,1.0,1.0,1.0,1.0,1.0,1.0,1.0,1.0,1.0,1.0,1.0,1.0
KWT,Kuwait,Middle East & North Africa,Asia,2026,1.0,1.0,1.0,1.0,1.0,1.0,1.0,1.0,1.0,1.0,1.0,1.0,1.0,1.0
LAO,Lao People's Democratic Republic,East Asia & Pacific,Asia,2015,0.339,0.448,0.682,0.799,0.695,0.848,0.7566964285714286,0.853566958698373,0.7566964285714286,0.7566964285714286,0.7566964285714286,0.853566958698373,0.853566958698373,0.853566958698373
LAO,Lao People's Democratic Republic,East Asia & Pacific,Asia,2016,0.379,0.486,0.706,0.813,0.721,0.864,0.7798353909465021,0.8683886838868389,0.7798353909465021,0.7798353909465021,0.7798353909465021,0.8683886838868389,0.8683886838868389,0.8683886838868389
LAO,Lao People's Democratic Republic,East Asia & Pacific,Asia,2017,0.423,0.523,0.732,0.822,0.756,0.886,0.8087954110898661,0.8905109489051095,0.8087954110898661,0.8087954110898661,0.8087954110898661,0.8905109489051095,0.8905109489051095,0.8905109489051095
LAO,Lao People's Democratic Republic,East Asia & Pacific,Asia,2018,0.445,0.548,0.744,0.838,0.763,0.888,0.8120437956204379,0.8878281622911695,0.8120437956204379,0.8120437956204379,0.8120437956204379,0.8878281622911695,0.8878281622911695,0.8878281622911695
LAO,Lao People's Democratic Republic,East Asia & Pacific,Asia,2019,0.4799166666666666,0.5794166666666666,0.7606666666666667,0.8459166666666667,0.7854166666666668,0.9005000000000001,0.8282895607225133,0.8992247007623742,0.8282895607225133,0.8282755645045304,0.8282755645045304,0.8992247007623742,0.8992217515515714,0.8992217515515714
LAO,Lao People's Democratic Republic,East Asia & Pacific,Asia,2020,0.5189166666666667,0.6144999999999999,0.7810833333333335,0.8549166666666667,0.8141666666666666,0.9178333333333334,0.8444345837679584,0.913628157832429,0.8444345837679584,0.8444534852183349,0.8444534852183349,0.913628157832429,0.9136368067063069,0.9136368067063069
LAO,Lao People's Democratic Republic,East Asia & Pacific,Asia,2021,0.5487500000000001,0.6419166666666667,0.7918333333333334,0.8600833333333333,0.8324166666666666,0.9282500000000001,0.8548823951547736,0.9206540834309912,0.8548823951547736,0.8548617421783722,0.8548617421783722,0.9206540834309912,0.9206472241061914,0.9206472241061914
LAO,Lao People's Democratic Republic,East Asia & Pacific,Asia,2022,0.5740833333333333,0.6627500000000001,0.7874166666666667,0.8500833333333334,0.8489999999999999,0.9350833333333334,0.8662152889606872,0.926284794833434,0.8662152889606872,0.8662140072928453,0.8662140072928453,0.926284794833434,0.9262817370845995,0.9262817370845995
LAO,Lao People's Democratic Republic,East Asia & Pacific,Asia,2023,0.5793333333333334,0.6631666666666667,0.7786666666666667,0.84025,0.8496666666666667,0.9335,0.8735653112114196,0.9266762013292581,0.8735653112114196,0.8735863282231717,0.8735863282231717,0.9266762013292581,0.9267083209362293,0.9267083209362293
LAO,Lao People's Democratic Republic,East Asia & Pacific,Asia,2024,0.6449166666666667,0.727,0.8144166666666667,0.8635,0.8881666666666667,0.9579999999999999,0.8870688136735526,0.9431243775523513,0.8870688136735526,0.8870930765703806,0.8870930765703806,0.9431243775523513,0.9431576915653348,0.9431576915653348
LAO,Lao People's Democratic Republic,East Asia & Pacific,Asia,2025,0.6846666666666666,0.76525,0.8324166666666666,0.8748333333333332,0.9091666666666667,0.9705833333333334,0.8946894508776633,0.951499961939536,0.8946894508776633,0.8946967222040727,0.8946967222040727,0.951499961939536,0.9515145742046104,0.9515145742046104
LAO,Lao People's Democratic Republic,East Asia & Pacific,Asia,2026,0.7158,0.7946000000000001,0.844,0.8816,0.9242000000000001,0.9789999999999999,0.9008299394969553,0.9573502229403378,0.9008299394969553,0.9008306065945129,0.9008306065945129,0.9573502229403378,0.9573502722323048,0.9573502722323048
LBN,Lebanon,Middle East & North Africa,Asia,2015,0.641,0.757,0.923,1.0,0.851,0.944,0.8467635402906208,0.923,0.8467635402906208,0.8467635402906208,0.8467635402906208,0.923,0.923,0.923
LBN,Lebanon,Middle East & North Africa,Asia,2016,0.674,0.79,0.943,1.0,0.868,0.953,0.8531645569620253,0.943,0.8531645569620253,0.8531645569620253,0.8531645569620253,0.943,0.943,0.943
LBN,Lebanon,Middle East & North Africa,Asia,2017,0.708,0.826,0.965,1.0,0.887,0.963,0.8571428571428571,0.965,0.8571428571428571,0.8571428571428571,0.8571428571428571,0.965,0.965,0.965
LBN,Lebanon,Middle East & North Africa,Asia,2018,0.736,0.858,0.988,1.0,0.901,0.972,0.8578088578088578,0.988,0.8578088578088578,0.8578088578088578,0.8578088578088578,0.988,0.988,0.988
LBN,Lebanon,Middle East & North Africa,Asia,2019,0.8160833333333334,0.9260833333333333,1.0,1.0,0.9814166666666666,1.0,0.881316613775657,1.0,0.881316613775657,0.8812201925672637,0.8812201925672637,1.0,1.0,1.0
LBN,Lebanon,Middle East & North Africa,Asia,2020,0.77625,0.89025,0.9905833333333334,1.0,0.9538333333333333,0.9991666666666666,0.8719802927898576,0.9905833333333334,0.8719802927898576,0.8719460825610783,0.8719460825610783,0.9905833333333334,0.9905833333333334,0.9905833333333334
LBN,Lebanon,Middle East & North Africa,Asia,2021,0.771,0.8845833333333334,0.9765,1.0,0.9579999999999999,0.9994166666666667,0.8716135953717358,0.9765,0.8716135953717358,0.8715967969853979,0.8715967969853979,0.9765,0.9765,0.9765
LBN,Lebanon,Middle East & North Africa,Asia,2022,0.7800833333333334,0.8905,0.97175,1.0,0.95725,0.9993333333333334,0.87600487397946,0.97175,0.87600487397946,0.8760059891446753,0.8760059891446753,0.97175,0.97175,0.97175
LBN,Lebanon,Middle East & North Africa,Asia,2023,0.7666666666666666,0.8694999999999999,0.9395833333333333,0.987,0.9358333333333334,0.9841666666666667,0.8817808695556497,0.9517893500022779,0.8817808695556497,0.8817327966264137,0.8817327966264137,0.9517893500022779,0.9519587977034786,0.9519587977034786
LBN,Lebanon,Middle East & North Africa,Asia,2024,0.8224166666666667,0.92975,0.9848333333333333,0.9987499999999999,0.9785833333333334,0.9984999999999999,0.8845659995630148,0.9860160744500845,0.8845659995630148,0.8845567804965493,0.8845567804965493,0.9860160744500845,0.9860659157279934,0.9860659157279934
LBN,Lebanon,Middle East & North Africa,Asia,2025,0.8561666666666666,0.9683333333333333,0.999,1.0,0.9958333333333332,1.0,0.8841968859260371,0.999,0.8841968859260371,0.8841652323580035,0.8841652323580035,0.999,0.999,0.999
LBN,Lebanon,Middle East & North Africa,Asia,2026,0.8892,0.9958,1.0,1.0,1.0,1.0,0.8929152196118488,1.0,0.8929152196118488,0.8929503916449086,0.8929503916449086,1.0,1.0,1.0
LBR,Liberia,Sub-Saharan Africa,Africa,2015,0.015,0.176,0.44,0.674,0.428,0.678,0.08522727272727273,0.6528189910979229,0.08522727272727273,0.08522727272727273,0.08522727272727273,0.6528189910979229,0.6528189910979229,0.6528189910979229
LBR,Liberia,Sub-Saharan Africa,Africa,2016,0.059,0.212,0.466,0.682,0.467,0.702,0.2783018867924528,0.6832844574780058,0.2783018867924528,0.2783018867924528,0.2783018867924528,0.6832844574780058,0.6832844574780058,0.6832844574780058
LBR,Liberia,Sub-Saharan Africa,Africa,2017,0.092,0.241,0.483,0.688,0.496,0.718,0.38174273858921165,0.7020348837209303,0.38174273858921165,0.38174273858921165,0.38174273858921165,0.7020348837209303,0.7020348837209303,0.7020348837209303
LBR,Liberia,Sub-Saharan Africa,Africa,2018,0.128,0.272,0.503,0.694,0.529,0.737,0.47058823529411764,0.7247838616714698,0.47058823529411764,0.47058823529411764,0.47058823529411764,0.7247838616714698,0.7247838616714698,0.7247838616714698
LBR,Liberia,Sub-Saharan Africa,Africa,2019,0.15683333333333335,0.29824999999999996,0.5155,0.69975,0.5484166666666667,0.7478333333333333,0.5257897233201013,0.7366831391880401,0.5257897233201013,0.5258452081587037,0.5258452081587037,0.7366831391880401,0.736691675598428,0.736691675598428
LBR,Liberia,Sub-Saharan Africa,Africa,2020,0.18291666666666664,0.31758333333333333,0.5255833333333334,0.6955833333333333,0.5804166666666667,0.7658333333333333,0.5758872656529954,0.7555839920931465,0.5758872656529954,0.5759643138283914,0.5759643138283914,0.7555839920931465,0.7556008146639512,0.7556008146639512
LBR,Liberia,Sub-Saharan Africa,Africa,2021,0.21833333333333335,0.35241666666666666,0.5556666666666668,0.71775,0.6100833333333333,0.7834166666666667,0.6194873253293317,0.7741680308242671,0.6194873253293317,0.619531804209033,0.619531804209033,0.7741680308242671,0.7741785672820157,0.7741785672820157
LBR,Liberia,Sub-Saharan Africa,Africa,2022,0.2505833333333333,0.38116666666666665,0.57875,0.7319999999999999,0.6371666666666667,0.7991666666666667,0.6573952838824787,0.7906386005769274,0.6573952838824787,0.6574114560559685,0.6574114560559685,0.7906386005769274,0.7906420765027323,0.7906420765027323
LBR,Liberia,Sub-Saharan Africa,Africa,2023,0.2648333333333333,0.39375000000000004,0.581,0.7324166666666666,0.64375,0.8018333333333333,0.6725214563100687,0.793247999553691,0.6725214563100687,0.6725925925925924,0.6725925925925924,0.793247999553691,0.7932643076572989,0.7932643076572989
LBR,Liberia,Sub-Saharan Africa,Africa,2024,0.30524999999999997,0.43474999999999997,0.6065833333333334,0.7505833333333333,0.6702500000000001,0.8175833333333333,0.702081388922471,0.8081341224743425,0.702081388922471,0.7021276595744681,0.7021276595744681,0.8081341224743425,0.8081492172754525,0.8081492172754525
LBR,Liberia,Sub-Saharan Africa,Africa,2025,0.33816666666666667,0.4653333333333334,0.6245833333333334,0.7609166666666667,0.69525,0.8319166666666665,0.7267051821745497,0.820826642966649,0.7267051821745497,0.7267191977077363,0.7267191977077363,0.820826642966649,0.820830139086628,0.820830139086628
LBR,Liberia,Sub-Saharan Africa,Africa,2026,0.376,0.504,0.6464000000000001,0.777,0.7173999999999999,0.8448,0.7460237471071987,0.8319154174398328,0.7460237471071987,0.746031746031746,0.746031746031746,0.8319154174398328,0.831917631917632,0.831917631917632
LBY,Libya,Middle East & North Africa,Africa,2015,0.764,0.857,1.0,1.0,1.0,1.0,0.8914819136522754,1.0,0.8914819136522754,0.8914819136522754,0.8914819136522754,1.0,1.0,1.0
LBY,Libya,Middle East & North Africa,Africa,2016,0.799,0.894,1.0,1.0,1.0,1.0,0.8937360178970918,1.0,0.8937360178970918,0.8937360178970918,0.8937360178970918,1.0,1.0,1.0
LBY,Libya,Middle East & North Africa,Africa,2017,0.856,0.954,1.0,1.0,1.0,1.0,0.8972746331236897,1.0,0.8972746331236897,0.8972746331236897,0.8972746331236897,1.0,1.0,1.0
LBY,Libya,Middle East & North Africa,Africa,2018,0.897,0.998,1.0,1.0,1.0,1.0,0.8987975951903808,1.0,0.8987975951903808,0.8987975951903808,0.8987975951903808,1.0,1.0,1.0
LBY,Libya,Middle East & North Africa,Africa,2019,0.9163333333333333,1.0,1.0,1.0,1.0,1.0,0.9163333333333333,1.0,0.9163333333333333,0.9163333333333333,0.9163333333333333,1.0,1.0,1.0
LBY,Libya,Middle East & North Africa,Africa,2020,0.9316666666666666,1.0,1.0,1.0,1.0,1.0,0.9316666666666666,1.0,0.9316666666666666,0.9316666666666666,0.9316666666666666,1.0,1.0,1.0
LBY,Libya,Middle East & North Africa,Africa,2021,0.98,1.0,1.0,1.0,1.0,1.0,0.98,1.0,0.98,0.98,0.98,1.0,1.0,1.0
LBY,Libya,Middle East & North Africa,Africa,2022,0.9985833333333334,1.0,1.0,1.0,1.0,1.0,0.9985833333333334,1.0,0.9985833333333334,0.9985833333333334,0.9985833333333334,1.0,1.0,1.0
LBY,Libya,Middle East & North Africa,Africa,2023,0.9861666666666666,1.0,1.0,1.0,1.0,1.0,0.9861666666666666,1.0,0.9861666666666666,0.9861666666666666,0.9861666666666666,1.0,1.0,1.0
LBY,Libya,Middle East & North Africa,Africa,2024,1.0,1.0,1.0,1.0,1.0,1.0,1.0,1.0,1.0,1.0,1.0,1.0,1.0,1.0
LBY,Libya,Middle East & North Africa,Africa,2025,1.0,1.0,1.0,1.0,1.0,1.0,1.0,1.0,1.0,1.0,1.0,1.0,1.0,1.0
LBY,Libya,Middle East & North Africa,Africa,2026,1.0,1.0,1.0,1.0,1.0,1.0,1.0,1.0,1.0,1.0,1.0,1.0,1.0,1.0
LCA,Saint Lucia,Latin America & Caribbean,North America,2015,0.623,0.639,0.845,0.837,0.913,0.992,0.974960876369327,1.009557945041816,0.974960876369327,0.974960876369327,0.974960876369327,1.0,1.009557945041816,1.0
LCA,Saint Lucia,Latin America & Caribbean,North America,2016,0.675,0.676,0.868,0.833,0.957,1.0,0.9985207100591716,1.0420168067226891,0.9985207100591716,0.9985207100591716,0.9985207100591716,1.0,1.0420168067226891,1.0
LCA,Saint Lucia,Latin America & Caribbean,North America,2017,0.698,0.697,0.881,0.84,0.972,1.0,1.0014347202295553,1.0488095238095239,1.0,1.0014347202295553,1.0,1.0,1.0488095238095239,1.0
LCA,Saint Lucia,Latin America & Caribbean,North America,2018,0.715,0.715,0.886,0.848,0.975,1.0,1.0,1.044811320754717,1.0,1.0,1.0,1.0,1.044811320754717,1.0
LCA,Saint Lucia,Latin America & Caribbean,North America,2019,0.72225,0.7236666666666666,0.89275,0.8530833333333333,0.98025,1.0,0.998053463811727,1.046499710175671,0.998053463811727,0.9980423767848918,0.9980423767848918,1.0,1.0464979974601936,1.0
LCA,Saint Lucia,Latin America & Caribbean,North America,2020,0.73325,0.7305833333333333,0.8828333333333332,0.8349166666666666,0.9933333333333333,1.0,1.003651656759157,1.0573919907710465,1.0,1.0036500513288469,1.0,1.0,1.0573909571813553,1.0
LCA,Saint Lucia,Latin America & Caribbean,North America,2021,0.7559999999999999,0.7563333333333334,0.9040833333333333,0.8568333333333333,0.9979999999999999,1.0,0.9995646120711266,1.0551475619577493,0.9995646120711266,0.9995592772146318,0.9995592772146318,1.0,1.0551449134409647,1.0
LCA,Saint Lucia,Latin America & Caribbean,North America,2022,0.7760000000000001,0.7741666666666668,0.9129166666666667,0.8675,1.0,1.0,1.0023898522486885,1.0523619104513882,1.0,1.002368137782562,1.0,1.0,1.0523535062439962,1.0
LCA,Saint Lucia,Latin America & Caribbean,North America,2023,0.7848333333333334,0.7843333333333334,0.9209166666666667,0.8743333333333334,1.0,1.0,1.0006205472968304,1.053292972406788,1.0,1.0006374840628984,1.0,1.0,1.0532786885245902,1.0
LCA,Saint Lucia,Latin America & Caribbean,North America,2024,0.8184166666666667,0.8170833333333333,0.9304166666666668,0.8815833333333334,1.0,1.0,1.0016280900575543,1.055393771142228,1.0,1.0016318204997452,1.0,1.0,1.0553927592400039,1.0
LCA,Saint Lucia,Latin America & Caribbean,North America,2025,0.8436666666666666,0.8443333333333333,0.9427499999999999,0.89275,1.0,1.0,0.9992125225704118,1.0560081962302879,0.9992125225704118,0.9992104224240032,0.9992104224240032,1.0,1.0560067208064965,1.0
LCA,Saint Lucia,Latin America & Caribbean,North America,2026,0.869,0.869,0.951,0.8984,1.0,1.0,1.0000010593823536,1.058549180331257,1.0,1.0,1.0,1.0,1.0585485307212823,1.0
LIE,Liechtenstein,Europe & Central Asia,Europe,2015,0.822,0.879,1.0,1.0,0.886,0.974,0.9351535836177474,1.0,0.9351535836177474,0.9351535836177474,0.9351535836177474,1.0,1.0,1.0
LIE,Liechtenstein,Europe & Central Asia,Europe,2016,0.832,0.885,1.0,1.0,0.894,0.977,0.9401129943502824,1.0,0.9401129943502824,0.9401129943502824,0.9401129943502824,1.0,1.0,1.0
LIE,Liechtenstein,Europe & Central Asia,Europe,2017,0.861,0.906,1.0,1.0,0.915,0.988,0.9503311258278145,1.0,0.9503311258278145,0.9503311258278145,0.9503311258278145,1.0,1.0,1.0
LIE,Liechtenstein,Europe & Central Asia,Europe,2018,0.874,0.915,1.0,1.0,0.93,0.997,0.955191256830601,1.0,0.955191256830601,0.955191256830601,0.955191256830601,1.0,1.0,1.0
LIE,Liechtenstein,Europe & Central Asia,Europe,2019,0.8889999999999999,0.9293333333333335,1.0,1.0,0.9349166666666667,0.9951666666666666,0.956605114943102,1.0,0.956605114943102,0.9565997130559538,0.9565997130559538,1.0,1.0,1.0
LIE,Liechtenstein,Europe & Central Asia,Europe,2020,0.9028333333333333,0.9392499999999999,1.0,1.0,0.9526666666666666,1.0,0.9612280922228206,1.0,0.9612280922228206,0.9612279300860616,0.9612279300860616,1.0,1.0,1.0
LIE,Liechtenstein,Europe & Central Asia,Europe,2021,0.9299166666666667,0.9621666666666666,1.0,1.0,0.9744166666666666,1.0,0.9664827788226716,1.0,0.9664827788226716,0.9664818984929847,0.9664818984929847,1.0,1.0,1.0
LIE,Liechtenstein,Europe & Central Asia,Europe,2022,0.9484166666666667,0.9788333333333333,1.0,1.0,0.9886666666666667,1.0,0.9689278159360392,1.0,0.9689278159360392,0.9689255916907884,0.9689255916907884,1.0,1.0,1.0
LIE,Liechtenstein,Europe & Central Asia,Europe,2023,0.9606666666666666,0.98725,1.0,1.0,1.0,1.0,0.9730782657469365,1.0,0.9730782657469365,0.9730733519034354,0.9730733519034354,1.0,1.0,1.0
LIE,Liechtenstein,Europe & Central Asia,Europe,2024,0.98475,1.0,1.0,1.0,1.0,1.0,0.98475,1.0,0.98475,0.98475,0.98475,1.0,1.0,1.0
LIE,Liechtenstein,Europe & Central Asia,Europe,2025,0.9990833333333334,1.0,1.0,1.0,1.0,1.0,0.9990833333333334,1.0,0.9990833333333334,0.9990833333333334,0.9990833333333334,1.0,1.0,1.0
LIE,Liechtenstein,Europe & Central Asia,Europe,2026,1.0,1.0,1.0,1.0,1.0,1.0,1.0,1.0,1.0,1.0,1.0,1.0,1.0,1.0
LKA,Sri Lanka,South Asia,Asia,2015,0.566,0.661,0.787,0.876,0.747,0.879,0.8562783661119515,0.8984018264840183,0.8562783661119515,0.8562783661119515,0.8562783661119515,0.8984018264840183,0.8984018264840183,0.8984018264840183
LKA,Sri Lanka,South Asia,Asia,2016,0.595,0.69,0.804,0.89,0.767,0.889,0.8623188405797102,0.903370786516854,0.8623188405797102,0.8623188405797102,0.8623188405797102,0.903370786516854,0.903370786516854,0.903370786516854
LKA,Sri Lanka,South Asia,Asia,2017,0.629,0.722,0.826,0.904,0.793,0.903,0.871191135734072,0.913716814159292,0.871191135734072,0.871191135734072,0.871191135734072,0.913716814159292,0.913716814159292,0.913716814159292
LKA,Sri Lanka,South Asia,Asia,2018,0.653,0.747,0.838,0.915,0.808,0.91,0.8741633199464525,0.9158469945355191,0.8741633199464525,0.8741633199464525,0.8741633199464525,0.9158469945355191,0.9158469945355191,0.9158469945355191
LKA,Sri Lanka,South Asia,Asia,2019,0.6689166666666667,0.7621666666666668,0.8376666666666667,0.9148333333333333,0.8150833333333334,0.9124166666666667,0.8776540801153502,0.9156364704660099,0.8776540801153502,0.8776514323201399,0.8776514323201399,0.9156364704660099,0.9156494807797414,0.9156494807797414
LKA,Sri Lanka,South Asia,Asia,2020,0.69775,0.7903333333333333,0.8544999999999999,0.9245833333333334,0.8420833333333334,0.9265833333333333,0.8828527217526263,0.9241763978999646,0.8828527217526263,0.8828553353015605,0.8828553353015605,0.9241763978999646,0.9242000901306894,0.9242000901306894
LKA,Sri Lanka,South Asia,Asia,2021,0.7228333333333333,0.8235833333333332,0.87525,0.9525833333333332,0.8556666666666667,0.9315833333333333,0.8776665315927299,0.9188114195639755,0.8776665315927299,0.8776687240716383,0.8776687240716383,0.9188114195639755,0.9188172513340915,0.9188172513340915
LKA,Sri Lanka,South Asia,Asia,2022,0.7415833333333333,0.8370000000000001,0.8741666666666666,0.9420833333333333,0.87725,0.9424166666666666,0.8860089785277095,0.9278961201526704,0.8860089785277095,0.8860015929908401,0.8860015929908401,0.9278961201526704,0.9279080053073862,0.9279080053073862
LKA,Sri Lanka,South Asia,Asia,2023,0.7376666666666667,0.8236666666666667,0.8478333333333333,0.9168333333333334,0.8641666666666666,0.9324166666666667,0.8956534297662794,0.9246406193222114,0.8956534297662794,0.8955888304330231,0.8955888304330231,0.9246406193222114,0.9247409561897836,0.9247409561897836
LKA,Sri Lanka,South Asia,Asia,2024,0.7899166666666667,0.879,0.8944166666666667,0.9505833333333333,0.91325,0.9619166666666666,0.8986703649497042,0.9408642695860198,0.8986703649497042,0.8986537732271521,0.8986537732271521,0.9408642695860198,0.9409134741825196,0.9409134741825196
LKA,Sri Lanka,South Asia,Asia,2025,0.8201666666666666,0.9063333333333334,0.9106666666666667,0.9586666666666667,0.9385833333333333,0.9760833333333333,0.9049322168106751,0.9499166698835086,0.9049322168106751,0.9049282824567854,0.9049282824567854,0.9499166698835086,0.9499304589707929,0.9499304589707929
LKA,Sri Lanka,South Asia,Asia,2026,0.8565999999999999,0.9442,0.9366,0.9773999999999999,0.9666,0.9926,0.9072227691441229,0.9582566552240985,0.9072227691441229,0.9072230459648378,0.9072230459648378,0.9582566552240985,0.958256599140577,0.958256599140577
LSO,Lesotho,Sub-Saharan Africa,Africa,2015,0.272,0.319,0.664,0.667,0.842,0.947,0.8526645768025078,0.9955022488755623,0.8526645768025078,0.8526645768025078,0.8526645768025078,0.9955022488755623,0.9955022488755623,0.9955022488755623
LSO,Lesotho,Sub-Saharan Africa,Africa,2016,0.301,0.344,0.663,0.661,0.855,0.951,0.875,1.0030257186081695,0.875,0.875,0.875,1.0,1.0030257186081695,1.0
LSO,Lesotho,Sub-Saharan Africa,Africa,2017,0.328,0.37,0.673,0.671,0.862,0.955,0.8864864864864865,1.0029806259314455,0.8864864864864865,0.8864864864864865,0.8864864864864865,1.0,1.0029806259314455,1.0
LSO,Lesotho,Sub-Saharan Africa,Africa,2018,0.357,0.398,0.686,0.683,0.87,0.959,0.8969849246231155,1.0043923865300146,0.8969849246231155,0.8969849246231155,0.8969849246231155,1.0,1.0043923865300146,1.0
LSO,Lesotho,Sub-Saharan Africa,Africa,2019,0.38458333333333333,0.4226666666666667,0.6861666666666667,0.6778333333333334,0.8753333333333333,0.9615833333333333,0.9098817739888792,1.012295954010768,0.9098817739888792,0.909897476340694,0.909897476340694,1.0,1.0122940742562085,1.0
LSO,Lesotho,Sub-Saharan Africa,Africa,2020,0.40625,0.44258333333333333,0.682,0.6734166666666668,0.886,0.965,0.9179372148671577,1.0127570479735746,0.9179372148671577,0.9179062323479571,0.9179062323479571,1.0,1.012745947283752,1.0
LSO,Lesotho,Sub-Saharan Africa,Africa,2021,0.43249999999999994,0.4635,0.7009166666666666,0.681,0.9085833333333334,0.98,0.9331201281670972,1.0292487828770707,0.9331201281670972,0.9331175836030203,0.9331175836030203,1.0,1.0292462065589818,1.0
LSO,Lesotho,Sub-Saharan Africa,Africa,2022,0.4549166666666667,0.48333333333333334,0.7030833333333333,0.6795833333333334,0.9186666666666667,0.9848333333333333,0.9412187041013235,1.034583083907525,0.9412187041013235,0.9412068965517242,0.9412068965517242,1.0,1.0345800122624156,1.0
LSO,Lesotho,Sub-Saharan Africa,Africa,2023,0.47125,0.5000833333333333,0.7104166666666667,0.6855000000000001,0.9275000000000001,0.9886666666666667,0.942347530228604,1.0363623133822526,0.942347530228604,0.9423429428428596,0.9423429428428596,1.0,1.036348164356917,1.0
LSO,Lesotho,Sub-Saharan Africa,Africa,2024,0.5103333333333334,0.54,0.7195,0.6945833333333332,0.9291666666666667,0.9901666666666666,0.9450746275132871,1.0358798772803457,0.9450746275132871,0.9450617283950619,0.9450617283950619,1.0,1.0358728254349132,1.0
LSO,Lesotho,Sub-Saharan Africa,Africa,2025,0.5374166666666668,0.5672499999999999,0.729,0.7025,0.9371666666666667,0.99425,0.947410617353424,1.037724751542118,0.947410617353424,0.9474070809460852,0.9474070809460852,1.0,1.0377224199288255,1.0
LSO,Lesotho,Sub-Saharan Africa,Africa,2026,0.5662,0.5946,0.7382,0.7085999999999999,0.9480000000000001,1.0,0.9522475246560285,1.0417744441629608,0.9522475246560285,0.9522367978472923,0.9522367978472923,1.0,1.0417725091730172,1.0
LTU,Lithuania,Europe & Central Asia,Europe,2015,0.777,0.764,0.9,0.86,0.991,1.0,1.0170157068062828,1.0465116279069768,1.0,1.0170157068062828,1.0,1.0,1.0465116279069768,1.0
LTU,Lithuania,Europe & Central Asia,Europe,2016,0.806,0.793,0.913,0.872,1.0,1.0,1.0163934426229508,1.0470183486238533,1.0,1.0163934426229508,1.0,1.0,1.0470183486238533,1.0
LTU,Lithuania,Europe & Central Asia,Europe,2017,0.836,0.824,0.927,0.889,1.0,1.0,1.0145631067961165,1.0427446569178853,1.0,1.0145631067961165,1.0,1.0,1.0427446569178853,1.0
LTU,Lithuania,Europe & Central Asia,Europe,2018,0.864,0.853,0.943,0.904,1.0,1.0,1.0128956623681125,1.0431415929203538,1.0,1.0128956623681125,1.0,1.0,1.0431415929203538,1.0
LTU,Lithuania,Europe & Central Asia,Europe,2019,0.8873333333333333,0.87725,0.9525833333333332,0.9140833333333335,1.0,1.0,1.0115119578973029,1.0421239078411186,1.0,1.0114942528735633,1.0,1.0,1.0421186981493296,1.0
LTU,Lithuania,Europe & Central Asia,Europe,2020,0.9125000000000001,0.8945,0.9615,0.9107500000000001,1.0,1.0,1.0201243504987312,1.0557262928160915,1.0,1.02012297372834,1.0,1.0,1.0557233049684325,1.0
LTU,Lithuania,Europe & Central Asia,Europe,2021,0.9394166666666667,0.9165833333333334,0.9768333333333333,0.9187500000000001,1.0,1.0,1.0249118925780658,1.0632207718504072,1.0,1.0249113555777798,1.0,1.0,1.063219954648526,1.0
LTU,Lithuania,Europe & Central Asia,Europe,2022,0.9675833333333332,0.9418333333333333,0.9864999999999999,0.9245833333333334,1.0,1.0,1.0273452294899772,1.0669684480797932,1.0,1.027340293753318,1.0,1.0,1.0669671022983325,1.0
LTU,Lithuania,Europe & Central Asia,Europe,2023,0.9770833333333333,0.95375,0.9936666666666666,0.9329166666666667,1.0,1.0,1.024454087806646,1.0651644277183498,1.0,1.0244648318042813,1.0,1.0,1.0651183564091111,1.0
LTU,Lithuania,Europe & Central Asia,Europe,2024,0.9985833333333334,0.9915833333333333,1.0,0.9464166666666666,1.0,1.0,1.0071472278771794,1.056652818411415,1.0,1.007059416757711,1.0,1.0,1.0566170643655897,1.0
LTU,Lithuania,Europe & Central Asia,Europe,2025,1.0,0.999,1.0,0.94925,1.0,1.0,1.0010060362173039,1.0534883230029064,1.0,1.001001001001001,1.0,1.0,1.053463260468791,1.0
LTU,Lithuania,Europe & Central Asia,Europe,2026,1.0,1.0,1.0,0.9555999999999999,1.0,1.0,1.0,1.0464673506412125,1.0,1.0,1.0,1.0,1.0464629552113855,1.0
LUX,Luxembourg,Europe & Central Asia,Europe,2015,0.873,0.904,1.0,1.0,0.958,1.0,0.9657079646017699,1.0,0.9657079646017699,0.9657079646017699,0.9657079646017699,1.0,1.0,1.0
LUX,Luxembourg,Europe & Central Asia,Europe,2016,0.901,0.925,1.0,1.0,0.974,1.0,0.974054054054054,1.0,0.974054054054054,0.974054054054054,0.974054054054054,1.0,1.0,1.0
LUX,Luxembourg,Europe & Central Asia,Europe,2017,0.917,0.938,1.0,1.0,0.985,1.0,0.9776119402985075,1.0,0.9776119402985075,0.9776119402985075,0.9776119402985075,1.0,1.0,1.0
LUX,Luxembourg,Europe & Central Asia,Europe,2018,0.938,0.957,1.0,1.0,0.995,1.0,0.980146290491118,1.0,0.980146290491118,0.980146290491118,0.980146290491118,1.0,1.0,1.0
LUX,Luxembourg,Europe & Central Asia,Europe,2019,0.9569166666666665,0.9764166666666667,1.0,1.0,1.0,1.0,0.9800278675652931,1.0,0.9800278675652931,0.9800290176666381,0.9800290176666381,1.0,1.0,1.0
LUX,Luxembourg,Europe & Central Asia,Europe,2020,0.967,0.97975,1.0,1.0,1.0,1.0,0.9870140543633407,1.0,0.9870140543633407,0.9869864761418728,0.9869864761418728,1.0,1.0,1.0
LUX,Luxembourg,Europe & Central Asia,Europe,2021,0.997,1.0,1.0,1.0,1.0,1.0,0.997,1.0,0.997,0.997,0.997,1.0,1.0,1.0
LUX,Luxembourg,Europe & Central Asia,Europe,2022,1.0,1.0,1.0,1.0,1.0,1.0,1.0,1.0,1.0,1.0,1.0,1.0,1.0,1.0
LUX,Luxembourg,Europe & Central Asia,Europe,2023,1.0,1.0,1.0,1.0,1.0,1.0,1.0,1.0,1.0,1.0,1.0,1.0,1.0,1.0
LUX,Luxembourg,Europe & Central Asia,Europe,2024,1.0,1.0,1.0,1.0,1.0,1.0,1.0,1.0,1.0,1.0,1.0,1.0,1.0,1.0
LUX,Luxembourg,Europe & Central Asia,Europe,2025,1.0,1.0,1.0,1.0,1.0,1.0,1.0,1.0,1.0,1.0,1.0,1.0,1.0,1.0
LUX,Luxembourg,Europe & Central Asia,Europe,2026,1.0,1.0,1.0,1.0,1.0,1.0,1.0,1.0,1.0,1.0,1.0,1.0,1.0,1.0
LVA,Latvia,Europe & Central Asia,Europe,2015,0.748,0.734,0.893,0.851,0.991,1.0,1.0190735694822888,1.0493537015276146,1.0,1.0190735694822888,1.0,1.0,1.0493537015276146,1.0
LVA,Latvia,Europe & Central Asia,Europe,2016,0.774,0.759,0.902,0.858,1.0,1.0,1.0197628458498025,1.0512820512820513,1.0,1.0197628458498025,1.0,1.0,1.0512820512820513,1.0
LVA,Latvia,Europe & Central Asia,Europe,2017,0.803,0.787,0.916,0.87,1.0,1.0,1.0203303684879288,1.0528735632183908,1.0,1.0203303684879288,1.0,1.0,1.0528735632183908,1.0
LVA,Latvia,Europe & Central Asia,Europe,2018,0.833,0.816,0.932,0.884,1.0,1.0,1.0208333333333333,1.0542986425339367,1.0,1.0208333333333333,1.0,1.0,1.0542986425339367,1.0
LVA,Latvia,Europe & Central Asia,Europe,2019,0.8500833333333334,0.8360833333333333,0.9361666666666667,0.8930833333333333,1.0,1.0,1.0167613349556721,1.0482473914252943,1.0,1.0167447423502443,1.0,1.0,1.048241112251563,1.0
LVA,Latvia,Europe & Central Asia,Europe,2020,0.87025,0.8530000000000001,0.94,0.8937499999999999,1.0,1.0,1.0202235251795615,1.0517501668174951,1.0,1.0202227432590854,1.0,1.0,1.0517482517482517,1.0
LVA,Latvia,Europe & Central Asia,Europe,2021,0.8971666666666667,0.8790833333333333,0.9602499999999999,0.9085000000000001,1.0,1.0,1.0205712650350574,1.0569627120098724,1.0,1.0205706702057067,1.0,1.0,1.0569620253164556,1.0
LVA,Latvia,Europe & Central Asia,Europe,2022,0.9289999999999999,0.906,0.9661666666666666,0.91125,1.0,1.0,1.0253923011563149,1.0602687235302648,1.0,1.0253863134657835,1.0,1.0,1.06026520347508,1.0
LVA,Latvia,Europe & Central Asia,Europe,2023,0.9409166666666667,0.9194166666666668,0.9732500000000001,0.9180833333333335,1.0,1.0,1.023372698659408,1.0601124209876374,1.0,1.0233843922777124,1.0,1.0,1.0600889534355995,1.0
LVA,Latvia,Europe & Central Asia,Europe,2024,0.9716666666666667,0.94925,0.983,0.9246666666666666,1.0,1.0,1.0236103806431127,1.0630873536795027,1.0,1.0236151347555087,1.0,1.0,1.0630857966834895,1.0
LVA,Latvia,Europe & Central Asia,Europe,2025,0.9905833333333334,0.9660833333333333,0.98825,0.92725,1.0,1.0,1.025363611326205,1.0657867864821533,1.0,1.0253601311136031,1.0,1.0,1.0657859261256404,1.0
LVA,Latvia,Europe & Central Asia,Europe,2026,1.0,0.9869999999999999,0.993,0.9288000000000001,1.0,1.0,1.0131762282894927,1.069121741339558,1.0,1.0131712259371835,1.0,1.0,1.0691214470284236,1.0
MAC,Macao,East Asia & Pacific,Asia,2015,0.607,0.669,0.944,1.0,0.821,0.951,0.9073243647234678,0.944,0.9073243647234678,0.9073243647234678,0.9073243647234678,0.944,0.944,0.944
MAC,Macao,East Asia & Pacific,Asia,2016,0.632,0.693,0.955,1.0,0.835,0.958,0.9119769119769121,0.955,0.9119769119769121,0.9119769119769121,0.9119769119769121,0.955,0.955,0.955
MAC,Macao,East Asia & Pacific,Asia,2017,0.654,0.719,0.971,1.0,0.841,0.959,0.9095966620305981,0.971,0.9095966620305981,0.9095966620305981,0.9095966620305981,0.971,0.971,0.971
MAC,Macao,East Asia & Pacific,Asia,2018,0.68,0.746,0.988,1.0,0.853,0.966,0.9115281501340483,0.988,0.9115281501340483,0.9115281501340483,0.9115281501340483,0.988,0.988,0.988
MAC,Macao,East Asia & Pacific,Asia,2019,0.7101666666666667,0.7739166666666667,0.9981666666666666,1.0,0.8716666666666667,0.9759166666666667,0.9176539696762948,0.9981666666666666,0.9176539696762948,0.9176267901367503,0.9176267901367503,0.9981666666666666,0.9981666666666666,0.9981666666666666
MAC,Macao,East Asia & Pacific,Asia,2020,0.6955,0.757,0.9493333333333333,0.9960833333333333,0.8740833333333334,0.969,0.918760384464849,0.9530667479808507,0.918760384464849,0.9187582562747688,0.9187582562747688,0.9530667479808507,0.9530661758554337,0.9530661758554337
MAC,Macao,East Asia & Pacific,Asia,2021,0.7188333333333333,0.7827500000000001,0.9713333333333333,1.0,0.8820833333333334,0.9740833333333333,0.9183498385526728,0.9713333333333333,0.9183498385526728,0.9183434472479505,0.9183434472479505,0.9713333333333333,0.9713333333333333,0.9713333333333333
MAC,Macao,East Asia & Pacific,Asia,2022,0.7275833333333334,0.7895,0.9550833333333334,0.99975,0.8876666666666667,0.9725833333333332,0.9215751253282923,0.9553220645495194,0.9215751253282923,0.9215748363943425,0.9215748363943425,0.9553220645495194,0.9553221638743019,0.9553221638743019
MAC,Macao,East Asia & Pacific,Asia,2023,0.7356666666666666,0.80125,0.9620000000000001,1.0,0.89025,0.972,0.9181262840941349,0.9620000000000001,0.9181262840941349,0.9181487259490378,0.9181487259490378,0.9620000000000001,0.9620000000000001,0.9620000000000001
MAC,Macao,East Asia & Pacific,Asia,2024,0.7720833333333333,0.8377499999999999,0.9770833333333333,1.0,0.9036666666666667,0.98025,0.9216094370902189,0.9770833333333333,0.9216094370902189,0.9216154381776586,0.9216154381776586,0.9770833333333333,0.9770833333333333,0.9770833333333333
MAC,Macao,East Asia & Pacific,Asia,2025,0.7946666666666667,0.8602500000000001,0.9858333333333333,1.0,0.91325,0.9848333333333333,0.9237578892477032,0.9858333333333333,0.9237578892477032,0.923762472149569,0.923762472149569,0.9858333333333333,0.9858333333333333,0.9858333333333333
MAC,Macao,East Asia & Pacific,Asia,2026,0.8166,0.8800000000000001,0.9917999999999999,1.0,0.924,0.99,0.9279547664470359,0.9917999999999999,0.9279547664470359,0.9279545454545454,0.9279545454545454,0.9917999999999999,0.9917999999999999,0.9917999999999999
MAF,Saint Martin (French part),Latin America & Caribbean,North America,2015,0.65,0.709,0.926,0.953,0.879,0.974,0.916784203102962,0.9716684155299057,0.916784203102962,0.916784203102962,0.916784203102962,0.9716684155299057,0.9716684155299057,0.9716684155299057
MAF,Saint Martin (French part),Latin America & Caribbean,North America,2016,0.674,0.728,0.931,0.952,0.894,0.982,0.9258241758241759,0.9779411764705883,0.9258241758241759,0.9258241758241759,0.9258241758241759,0.9779411764705883,0.9779411764705883,0.9779411764705883
MAF,Saint Martin (French part),Latin America & Caribbean,North America,2017,0.695,0.745,0.936,0.953,0.906,0.987,0.9328859060402684,0.9821615949632739,0.9328859060402684,0.9328859060402684,0.9328859060402684,0.9821615949632739,0.9821615949632739,0.9821615949632739
MAF,Saint Martin (French part),Latin America & Caribbean,North America,2018,0.719,0.765,0.942,0.953,0.92,0.995,0.9398692810457516,0.9884575026232948,0.9398692810457516,0.9398692810457516,0.9398692810457516,0.9884575026232948,0.9884575026232948,0.9884575026232948
MAF,Saint Martin (French part),Latin America & Caribbean,North America,2019,0.7034166666666667,0.7426666666666667,0.9235000000000001,0.9343333333333333,0.9179166666666667,0.9868333333333333,0.947049570990861,0.9882538785855756,0.947049570990861,0.9471499102333931,0.9471499102333931,0.9882538785855756,0.9884052800570818,0.9884052800570818
MAF,Saint Martin (French part),Latin America & Caribbean,North America,2020,0.7676666666666666,0.7947500000000001,0.9460000000000001,0.93675,0.9590833333333334,1.0,0.9659832632248277,1.0098921503059064,0.9659832632248277,0.9659221977561077,0.9659221977561077,1.0,1.0098745663197226,1.0
MAF,Saint Martin (French part),Latin America & Caribbean,North America,2021,0.7855833333333333,0.8150833333333333,0.9587499999999999,0.948,0.9671666666666666,1.0,0.9638128869903899,1.0113411775821721,0.9638128869903899,0.9638073816583171,0.9638073816583171,1.0,1.0113396624472573,1.0
MAF,Saint Martin (French part),Latin America & Caribbean,North America,2022,0.8194166666666667,0.8485,0.9693333333333333,0.9578333333333333,0.9787499999999999,1.0,0.9657300838276628,1.012005828118248,0.9657300838276628,0.9657238263602436,0.9657238263602436,1.0,1.012006264137811,1.0
MAF,Saint Martin (French part),Latin America & Caribbean,North America,2023,0.8285833333333333,0.858,0.9725,0.9606666666666666,0.9835833333333333,1.0,0.965711469047421,1.0123022746212367,0.965711469047421,0.9657148407148407,0.9657148407148407,1.0,1.012317834836919,1.0
MAF,Saint Martin (French part),Latin America & Caribbean,North America,2024,0.8531666666666666,0.8774166666666666,0.97575,0.9589166666666666,0.9958333333333332,1.0,0.9723536470211945,1.0175529097771159,0.9723536470211945,0.9723620476778422,0.9723620476778422,1.0,1.0175545320239854,1.0
MAF,Saint Martin (French part),Latin America & Caribbean,North America,2025,0.8744999999999999,0.9010000000000001,0.9868333333333333,0.9690833333333333,0.9994999999999999,1.0,0.9705883099212561,1.0183256475585865,0.9705883099212561,0.9705882352941174,0.9705882352941174,1.0,1.0183162782698427,1.0
MAF,Saint Martin (French part),Latin America & Caribbean,North America,2026,0.9102,0.9353999999999999,0.9987999999999999,0.9785999999999999,1.0,1.0,0.973066234165399,1.0206532862889202,0.973066234165399,0.9730596536241182,0.9730596536241182,1.0,1.020641733088085,1.0
MAR,Morocco,Middle East & North Africa,Africa,2015,0.453,0.647,0.85,1.0,0.71,0.852,0.7001545595054096,0.85,0.7001545595054096,0.7001545595054096,0.7001545595054096,0.85,0.85,0.85
MAR,Morocco,Middle East & North Africa,Africa,2016,0.481,0.672,0.859,1.0,0.727,0.861,0.7157738095238094,0.859,0.7157738095238094,0.7157738095238094,0.7157738095238094,0.859,0.859,0.859
MAR,Morocco,Middle East & North Africa,Africa,2017,0.509,0.699,0.869,1.0,0.738,0.865,0.7281831187410587,0.869,0.7281831187410587,0.7281831187410587,0.7281831187410587,0.869,0.869,0.869
MAR,Morocco,Middle East & North Africa,Africa,2018,0.542,0.728,0.884,1.0,0.759,0.877,0.7445054945054945,0.884,0.7445054945054945,0.7445054945054945,0.7445054945054945,0.884,0.884,0.884
MAR,Morocco,Middle East & North Africa,Africa,2019,0.5628333333333333,0.741,0.8795833333333333,1.0,0.7653333333333334,0.8789166666666667,0.759541996037722,0.8795833333333333,0.759541996037722,0.7595591542959964,0.7595591542959964,0.8795833333333333,0.8795833333333333,0.8795833333333333
MAR,Morocco,Middle East & North Africa,Africa,2020,0.5980833333333333,0.7746666666666666,0.9005000000000001,1.0,0.7975833333333333,0.8975,0.7720162854848148,0.9005000000000001,0.7720162854848148,0.772052495697074,0.772052495697074,0.9005000000000001,0.9005000000000001,0.9005000000000001
MAR,Morocco,Middle East & North Africa,Africa,2021,0.6508333333333334,0.82375,0.94,1.0,0.8378333333333333,0.9228333333333333,0.790112104203609,0.94,0.790112104203609,0.7900859888720284,0.7900859888720284,0.94,0.94,0.94
MAR,Morocco,Middle East & North Africa,Africa,2022,0.6690833333333334,0.8376666666666667,0.9293333333333335,1.0,0.8411666666666666,0.9209999999999999,0.7987483374154237,0.9293333333333335,0.7987483374154237,0.7987465181058496,0.7987465181058496,0.9293333333333335,0.9293333333333335,0.9293333333333335
MAR,Morocco,Middle East & North Africa,Africa,2023,0.6621666666666667,0.8217500000000001,0.8993333333333333,0.9994999999999999,0.8235833333333332,0.9082500000000001,0.8057803569654053,0.8997607577940352,0.8057803569654053,0.8058006287394787,0.8058006287394787,0.8997607577940352,0.8997832249458063,0.8997832249458063
MAR,Morocco,Middle East & North Africa,Africa,2024,0.7183333333333333,0.8819166666666667,0.9468333333333333,0.9984166666666666,0.8708333333333332,0.9366666666666666,0.8144623753134347,0.9481794087665647,0.8144623753134347,0.8145138429556835,0.8145138429556835,0.9481794087665647,0.9483348635339287,0.9483348635339287
MAR,Morocco,Middle East & North Africa,Africa,2025,0.76675,0.9334166666666667,0.9845,1.0,0.90925,0.95975,0.8214529969109255,0.9845,0.8214529969109255,0.8214445138826891,0.8214445138826891,0.9845,0.9845,0.9845
MAR,Morocco,Middle East & North Africa,Africa,2026,0.8016,0.9696,1.0,1.0,0.9328000000000001,0.9734,0.8267347107717489,1.0,0.8267347107717489,0.8267326732673267,0.8267326732673267,1.0,1.0,1.0
MCO,Monaco,Europe & Central Asia,Europe,2015,0.792,0.824,1.0,1.0,0.935,1.0,0.9611650485436894,1.0,0.9611650485436894,0.9611650485436894,0.9611650485436894,1.0,1.0,1.0
MCO,Monaco,Europe & Central Asia,Europe,2016,0.81,0.839,1.0,1.0,0.949,1.0,0.9654350417163291,1.0,0.9654350417163291,0.9654350417163291,0.9654350417163291,1.0,1.0,1.0
MCO,Monaco,Europe & Central Asia,Europe,2017,0.829,0.856,1.0,1.0,0.964,1.0,0.9684579439252337,1.0,0.9684579439252337,0.9684579439252337,0.9684579439252337,1.0,1.0,1.0
MCO,Monaco,Europe & Central Asia,Europe,2018,0.852,0.877,1.0,1.0,0.98,1.0,0.9714937286202965,1.0,0.9714937286202965,0.9714937286202965,0.9714937286202965,1.0,1.0,1.0
MCO,Monaco,Europe & Central Asia,Europe,2019,0.8784166666666667,0.9006666666666666,1.0,1.0,0.9918333333333332,1.0,0.9752995687436813,1.0,0.9752995687436813,0.975296076980015,0.975296076980015,1.0,1.0,1.0
MCO,Monaco,Europe & Central Asia,Europe,2020,0.8856666666666667,0.906,1.0,1.0,1.0,1.0,0.9775424260945442,1.0,0.9775424260945442,0.9775570272259014,0.9775570272259014,1.0,1.0,1.0
MCO,Monaco,Europe & Central Asia,Europe,2021,0.9091666666666667,0.9278333333333334,1.0,1.0,1.0,1.0,0.9798819532393165,1.0,0.9798819532393165,0.9798814442248966,0.9798814442248966,1.0,1.0,1.0
MCO,Monaco,Europe & Central Asia,Europe,2022,0.93525,0.9512499999999999,1.0,1.0,1.0,1.0,0.9831801088358306,1.0,0.9831801088358306,0.983180026281209,0.983180026281209,1.0,1.0,1.0
MCO,Monaco,Europe & Central Asia,Europe,2023,0.9521666666666667,0.9689166666666665,1.0,1.0,1.0,1.0,0.9827102905526698,1.0,0.9827102905526698,0.982712651586824,0.982712651586824,1.0,1.0,1.0
MCO,Monaco,Europe & Central Asia,Europe,2024,0.9770833333333333,0.9930833333333333,1.0,1.0,1.0,1.0,0.9838870760112627,1.0,0.9838870760112627,0.9838885625576906,0.9838885625576906,1.0,1.0,1.0
MCO,Monaco,Europe & Central Asia,Europe,2025,0.9951666666666666,1.0,1.0,1.0,1.0,1.0,0.9951666666666666,1.0,0.9951666666666666,0.9951666666666666,0.9951666666666666,1.0,1.0,1.0
MCO,Monaco,Europe & Central Asia,Europe,2026,1.0,1.0,1.0,1.0,1.0,1.0,1.0,1.0,1.0,1.0,1.0,1.0,1.0,1.0
MDA,"Moldova, Republic of",Europe & Central Asia,Europe,2015,0.565,0.562,0.761,0.726,0.956,1.0,1.0053380782918147,1.0482093663911847,1.0,1.0053380782918147,1.0,1.0,1.0482093663911847,1.0
MDA,"Moldova, Republic of",Europe & Central Asia,Europe,2016,0.596,0.59,0.771,0.732,0.968,1.0,1.0101694915254238,1.0532786885245902,1.0,1.0101694915254238,1.0,1.0,1.0532786885245902,1.0
MDA,"Moldova, Republic of",Europe & Central Asia,Europe,2017,0.634,0.626,0.792,0.751,0.978,1.0,1.012779552715655,1.0545938748335553,1.0,1.012779552715655,1.0,1.0,1.0545938748335553,1.0
MDA,"Moldova, Republic of",Europe & Central Asia,Europe,2018,0.668,0.658,0.813,0.768,0.99,1.0,1.0151975683890577,1.05859375,1.0,1.0151975683890577,1.0,1.0,1.05859375,1.0
MDA,"Moldova, Republic of",Europe & Central Asia,Europe,2019,0.69475,0.6843333333333333,0.8253333333333334,0.7781666666666668,0.9969166666666668,1.0,1.01526886194567,1.0606473114763082,1.0,1.0152216268874816,1.0,1.0,1.0606125508674233,1.0
MDA,"Moldova, Republic of",Europe & Central Asia,Europe,2020,0.7194166666666666,0.7075,0.8304166666666667,0.7805,1.0,1.0,1.01684398961201,1.0639554414604044,1.0,1.0168433451118961,1.0,1.0,1.0639547298740124,1.0
MDA,"Moldova, Republic of",Europe & Central Asia,Europe,2021,0.7598333333333334,0.7440833333333333,0.8520833333333333,0.7952500000000001,1.0,1.0,1.0211680454166745,1.071467927618558,1.0,1.0211669839847688,1.0,1.0,1.0714659960180235,1.0
MDA,"Moldova, Republic of",Europe & Central Asia,Europe,2022,0.7849166666666667,0.7641666666666667,0.8643333333333333,0.7990833333333334,1.0,1.0,1.0271745562017858,1.0816683288331554,1.0,1.027153762268266,1.0,1.0,1.0816560642402753,1.0
MDA,"Moldova, Republic of",Europe & Central Asia,Europe,2023,0.7953333333333333,0.7733333333333334,0.871,0.8025833333333333,1.0,1.0,1.0284398713897371,1.0852552476727935,1.0,1.0284482758620688,1.0,1.0,1.0852455612085972,1.0
MDA,"Moldova, Republic of",Europe & Central Asia,Europe,2024,0.8308333333333332,0.8089166666666667,0.879,0.81,1.0,1.0,1.0270897941737147,1.085186119361718,1.0,1.0270938497991138,1.0,1.0,1.085185185185185,1.0
MDA,"Moldova, Republic of",Europe & Central Asia,Europe,2025,0.8593333333333333,0.8395,0.8909166666666667,0.8212499999999999,1.0,1.0,1.0236268925166112,1.0848349254785845,1.0,1.0236251737145126,1.0,1.0,1.0848300355149672,1.0
MDA,"Moldova, Republic of",Europe & Central Asia,Europe,2026,0.8880000000000001,0.869,0.9026,0.8311999999999999,1.0,1.0,1.0218664604590768,1.0859005781560378,1.0,1.0218642117376295,1.0,1.0,1.0858999037536092,1.0
MDG,Madagascar,Sub-Saharan Africa,Africa,2015,0.152,0.229,0.49,0.581,0.635,0.811,0.6637554585152838,0.8433734939759037,0.6637554585152838,0.6637554585152838,0.6637554585152838,0.8433734939759037,0.8433734939759037,0.8433734939759037
MDG,Madagascar,Sub-Saharan Africa,Africa,2016,0.164,0.247,0.496,0.596,0.635,0.808,0.6639676113360324,0.8322147651006712,0.6639676113360324,0.6639676113360324,0.6639676113360324,0.8322147651006712,0.8322147651006712,0.8322147651006712
MDG,Madagascar,Sub-Saharan Africa,Africa,2017,0.192,0.274,0.515,0.611,0.653,0.819,0.7007299270072992,0.8428805237315876,0.7007299270072992,0.7007299270072992,0.7007299270072992,0.8428805237315876,0.8428805237315876,0.8428805237315876
MDG,Madagascar,Sub-Saharan Africa,Africa,2018,0.218,0.299,0.53,0.62,0.672,0.829,0.7290969899665553,0.8548387096774194,0.7290969899665553,0.7290969899665553,0.7290969899665553,0.8548387096774194,0.8548387096774194,0.8548387096774194
MDG,Madagascar,Sub-Saharan Africa,Africa,2019,0.24050000000000002,0.32033333333333336,0.5455,0.6275833333333333,0.6934999999999999,0.8417499999999999,0.7507930561865993,0.8692106548267616,0.7507930561865993,0.7507804370447451,0.7507804370447451,0.8692106548267616,0.8692072765900943,0.8692072765900943
MDG,Madagascar,Sub-Saharan Africa,Africa,2020,0.2515833333333333,0.33175000000000004,0.5503333333333335,0.628,0.7074166666666666,0.8491666666666666,0.7583429449242982,0.876323921264169,0.7583429449242982,0.7583521728208992,0.7583521728208992,0.876323921264169,0.8763269639065819,0.8763269639065819
MDG,Madagascar,Sub-Saharan Africa,Africa,2021,0.27825000000000005,0.36000000000000004,0.5686666666666667,0.6441666666666667,0.7185833333333332,0.856,0.7729197871854244,0.8827951515884979,0.7729197871854244,0.7729166666666667,0.7729166666666667,0.8827951515884979,0.8827943078913325,0.8827943078913325
MDG,Madagascar,Sub-Saharan Africa,Africa,2022,0.30624999999999997,0.38558333333333333,0.5849166666666666,0.65375,0.74175,0.8685833333333334,0.7942466348434177,0.89470779090743,0.7942466348434177,0.7942511346444779,0.7942511346444779,0.89470779090743,0.8947100063734862,0.8947100063734862
MDG,Madagascar,Sub-Saharan Africa,Africa,2023,0.32708333333333334,0.4053333333333333,0.59375,0.6590833333333334,0.7552500000000001,0.8754166666666667,0.8069305248740545,0.9008628272378297,0.8069305248740545,0.8069490131578948,0.8069490131578948,0.9008628272378297,0.9008724238209634,0.9008724238209634
MDG,Madagascar,Sub-Saharan Africa,Africa,2024,0.35883333333333334,0.43575,0.6123333333333333,0.6704166666666667,0.77875,0.88875,0.8234754372683417,0.9133581930302123,0.8234754372683417,0.8234844138458596,0.8234844138458596,0.9133581930302123,0.9133623368551895,0.9133623368551895
MDG,Madagascar,Sub-Saharan Africa,Africa,2025,0.3834166666666667,0.45741666666666664,0.6248333333333334,0.6760833333333335,0.8000833333333334,0.9001666666666667,0.8382238114114133,0.9241963957359401,0.8382238114114133,0.8382218983421389,0.8382218983421389,0.9241963957359401,0.9241957352397385,0.9241957352397385
MDG,Madagascar,Sub-Saharan Africa,Africa,2026,0.4114,0.48439999999999994,0.6374000000000001,0.6846,0.8158,0.9092,0.8492976891220646,0.9310543390105434,0.8492976891220646,0.8492981007431876,0.8492981007431876,0.9310543390105434,0.9310546304411337,0.9310546304411337
MDV,Maldives,South Asia,Asia,2015,0.718,0.824,1.0,1.0,0.948,1.0,0.8713592233009709,1.0,0.8713592233009709,0.8713592233009709,0.8713592233009709,1.0,1.0,1.0
MDV,Maldives,South Asia,Asia,2016,0.758,0.833,1.0,1.0,0.984,1.0,0.9099639855942377,1.0,0.9099639855942377,0.9099639855942377,0.9099639855942377,1.0,1.0,1.0
MDV,Maldives,South Asia,Asia,2017,0.738,0.814,0.969,0.991,0.943,1.0,0.9066339066339066,0.9778002018163471,0.9066339066339066,0.9066339066339066,0.9066339066339066,0.9778002018163471,0.9778002018163471,0.9778002018163471
MDV,Maldives,South Asia,Asia,2018,0.752,0.813,0.952,0.967,0.944,1.0,0.9249692496924969,0.984488107549121,0.9249692496924969,0.9249692496924969,0.9249692496924969,0.984488107549121,0.984488107549121,0.984488107549121
MDV,Maldives,South Asia,Asia,2019,0.82375,0.866,0.9898333333333333,0.967,1.0,1.0,0.9512543487539492,1.023645103492586,0.9512543487539492,0.9512124711316398,0.9512124711316398,1.0,1.0236125473974491,1.0
MDV,Maldives,South Asia,Asia,2020,0.7521666666666667,0.7871666666666667,0.8904166666666667,0.8905,0.9499166666666666,0.9998333333333332,0.9558149210821644,0.9999427222392535,0.9558149210821644,0.9555367351259793,0.9555367351259793,0.9999427222392535,0.9999064196144489,0.9999064196144489
MDV,Maldives,South Asia,Asia,2021,0.75825,0.7661666666666668,0.8614166666666666,0.8534166666666666,0.9463333333333334,1.0,0.9897457603304004,1.009391831143215,0.9897457603304004,0.989667174244072,0.989667174244072,1.0,1.0093740845620545,1.0
MDV,Maldives,South Asia,Asia,2022,0.7809166666666667,0.77875,0.8624166666666667,0.8488333333333333,0.9559166666666666,1.0,1.0028000051421677,1.0160091213428317,1.0,1.0027822364901016,1.0,1.0,1.0160023561751423,1.0
MDV,Maldives,South Asia,Asia,2023,0.8028333333333334,0.8076666666666666,0.8835000000000001,0.87025,0.9679166666666666,1.0,0.9940817115321646,1.0152795425241194,0.9940817115321646,0.9940156830375568,0.9940156830375568,1.0,1.0152255099109453,1.0
MDV,Maldives,South Asia,Asia,2024,0.8513333333333333,0.8539166666666667,0.8965000000000001,0.87875,0.9785833333333334,1.0,0.9969704632952995,1.0202089762019795,0.9969704632952995,0.9969747243095539,0.9969747243095539,1.0,1.020199146514936,1.0
MDV,Maldives,South Asia,Asia,2025,0.8789166666666667,0.88075,0.9063333333333334,0.8858333333333334,0.9891666666666666,1.0,0.9979208150833402,1.0231421064585455,0.9979208150833402,0.9979184407228687,0.9979184407228687,1.0,1.0231420507996238,1.0
MDV,Maldives,South Asia,Asia,2026,0.9276,0.9324,0.9324,0.908,1.0,1.0,0.9948536225292164,1.0268724142798031,0.9948536225292164,0.9948519948519948,0.9948519948519948,1.0,1.0268722466960352,1.0
MEX,Mexico,Latin America & Caribbean,North America,2015,0.679,0.725,0.879,0.904,0.897,0.978,0.9365517241379311,0.9723451327433628,0.9365517241379311,0.9365517241379311,0.9365517241379311,0.9723451327433628,0.9723451327433628,0.9723451327433628
MEX,Mexico,Latin America & Caribbean,North America,2016,0.704,0.744,0.879,0.898,0.911,0.984,0.9462365591397849,0.9788418708240534,0.9462365591397849,0.9462365591397849,0.9462365591397849,0.9788418708240534,0.9788418708240534,0.9788418708240534
MEX,Mexico,Latin America & Caribbean,North America,2017,0.732,0.769,0.89,0.904,0.924,0.991,0.9518855656697008,0.9845132743362832,0.9518855656697008,0.9518855656697008,0.9518855656697008,0.9845132743362832,0.9845132743362832,0.9845132743362832
MEX,Mexico,Latin America & Caribbean,North America,2018,0.76,0.794,0.9,0.908,0.938,0.999,0.9571788413098237,0.9911894273127754,0.9571788413098237,0.9571788413098237,0.9571788413098237,0.9911894273127754,0.9911894273127754,0.9911894273127754
MEX,Mexico,Latin America & Caribbean,North America,2019,0.7863333333333333,0.8173333333333334,0.9125833333333334,0.9147500000000001,0.9536666666666666,1.0,0.9620785903360755,0.997628716292302,0.9620785903360755,0.9620717781402937,0.9620717781402937,0.997628716292302,0.9976314111323678,0.9976314111323678
MEX,Mexico,Latin America & Caribbean,North America,2020,0.79825,0.823,0.9135,0.89975,0.9739166666666667,1.0,0.9699247227600836,1.0152833834878565,0.9699247227600836,0.9699270959902795,0.9699270959902795,1.0,1.0152820227841066,1.0
MEX,Mexico,Latin America & Caribbean,North America,2021,0.8370833333333333,0.8534999999999999,0.9315833333333333,0.9054166666666666,0.9948333333333333,1.0,0.980771531741942,1.0289016942715994,0.980771531741942,0.9807654754930678,0.9807654754930678,1.0,1.0289001380579843,1.0
MEX,Mexico,Latin America & Caribbean,North America,2022,0.8628333333333332,0.8789166666666667,0.9299166666666667,0.9141666666666667,0.989,1.0,0.9817246827758462,1.0172284517074797,0.9817246827758462,0.9817009576182799,0.9817009576182799,1.0,1.017228805834093,1.0
MEX,Mexico,Latin America & Caribbean,North America,2023,0.8606666666666666,0.8756666666666666,0.92525,0.9103333333333333,0.9898333333333333,1.0,0.9828435641427381,1.0163828994088224,0.9828435641427381,0.9828701941377997,0.9828701941377997,1.0,1.0163859392164043,1.0
MEX,Mexico,Latin America & Caribbean,North America,2024,0.91525,0.9315000000000001,0.9531666666666666,0.9316666666666666,1.0,1.0,0.982548745000774,1.0230723163957516,0.982548745000774,0.9825550187869028,0.9825550187869028,1.0,1.023076923076923,1.0
MEX,Mexico,Latin America & Caribbean,North America,2025,0.9386666666666666,0.9539166666666666,0.96175,0.9375,1.0,1.0,0.9840173719631743,1.0258581501761348,0.9840173719631743,0.9840132785882764,0.9840132785882764,1.0,1.0258666666666667,1.0
MEX,Mexico,Latin America & Caribbean,North America,2026,0.9635999999999999,0.9768000000000001,0.968,0.9401999999999999,1.0,1.0,0.9864879337440534,1.029568231632087,0.9864879337440534,0.9864864864864863,0.9864864864864863,1.0,1.0295681769836205,1.0
MHL,Marshall Islands,East Asia & Pacific,Oceania,2015,0.464,0.53,0.729,0.804,0.787,0.902,0.8754716981132076,0.9067164179104477,0.8754716981132076,0.8754716981132076,0.8754716981132076,0.9067164179104477,0.9067164179104477,0.9067164179104477
MHL,Marshall Islands,East Asia & Pacific,Oceania,2016,0.495,0.559,0.743,0.814,0.8,0.908,0.885509838998211,0.9127764127764129,0.885509838998211,0.885509838998211,0.885509838998211,0.9127764127764129,0.9127764127764129,0.9127764127764129
MHL,Marshall Islands,East Asia & Pacific,Oceania,2017,0.527,0.587,0.754,0.822,0.813,0.915,0.8977853492333903,0.9172749391727495,0.8977853492333903,0.8977853492333903,0.8977853492333903,0.9172749391727495,0.9172749391727495,0.9172749391727495
MHL,Marshall Islands,East Asia & Pacific,Oceania,2018,0.558,0.614,0.762,0.827,0.824,0.921,0.9087947882736157,0.9214026602176543,0.9087947882736157,0.9087947882736157,0.9087947882736157,0.9214026602176543,0.9214026602176543,0.9214026602176543
MHL,Marshall Islands,East Asia & Pacific,Oceania,2019,0.61575,0.6709999999999999,0.7915000000000001,0.8494166666666666,0.8464999999999999,0.9345,0.9177662612750854,0.9318116754469847,0.9177662612750854,0.9176602086438154,0.9176602086438154,0.9318116754469847,0.9318159521240068,0.9318159521240068
MHL,Marshall Islands,East Asia & Pacific,Oceania,2020,0.6385,0.6759166666666667,0.7877500000000001,0.82825,0.8697499999999999,0.9478333333333332,0.9447323687697605,0.9511169916892749,0.9447323687697605,0.9446430773024287,0.9446430773024287,0.9511169916892749,0.9511017204950196,0.9511017204950196
MHL,Marshall Islands,East Asia & Pacific,Oceania,2021,0.6725833333333333,0.6970833333333334,0.79725,0.8220833333333334,0.89325,0.9629166666666666,0.9648722325155391,0.9697979012664119,0.9648722325155391,0.9648535564853555,0.9648535564853555,0.9697979012664119,0.9697921946274708,0.9697921946274708
MHL,Marshall Islands,East Asia & Pacific,Oceania,2022,0.7044166666666666,0.7238333333333333,0.8026666666666668,0.822,0.9045833333333334,0.9691666666666666,0.973205879193969,0.9764843165475064,0.973205879193969,0.973175224499194,0.973175224499194,0.9764843165475064,0.9764801297648015,0.9764801297648015
MHL,Marshall Islands,East Asia & Pacific,Oceania,2023,0.7126666666666667,0.7270833333333333,0.7992500000000001,0.8150833333333334,0.9123333333333333,0.972,0.9802094416288886,0.980603413604507,0.9802094416288886,0.9801719197707737,0.9801719197707737,0.980603413604507,0.9805745833759331,0.9805745833759331
MHL,Marshall Islands,East Asia & Pacific,Oceania,2024,0.77225,0.7851666666666667,0.81475,0.8269166666666666,0.9207500000000001,0.9790833333333334,0.9836081546431007,0.9852972785671775,0.9836081546431007,0.9835491403099129,0.9835491403099129,0.9852972785671775,0.9852867076488965,0.9852867076488965
MHL,Marshall Islands,East Asia & Pacific,Oceania,2025,0.7959999999999999,0.8059166666666667,0.8175833333333333,0.8269166666666666,0.9282500000000001,0.9825833333333334,0.9877180600664951,0.9887172685542368,0.9877180600664951,0.9876951711301829,0.9876951711301829,0.9887172685542368,0.9887130907991535,0.9887130907991535
MHL,Marshall Islands,East Asia & Pacific,Oceania,2026,0.8486,0.8572,0.8353999999999999,0.8394,0.9427999999999999,0.9926,0.9899685136076505,0.9952369032839371,0.9899685136076505,0.989967335510966,0.989967335510966,0.9952369032839371,0.995234691446271,0.995234691446271
MKD,North Macedonia,Europe & Central Asia,Europe,2015,0.647,0.739,0.879,0.941,0.868,0.95,0.8755074424898512,0.9341126461211477,0.8755074424898512,0.8755074424898512,0.8755074424898512,0.9341126461211477,0.9341126461211477,0.9341126461211477
MKD,North Macedonia,Europe & Central Asia,Europe,2016,0.67,0.76,0.886,0.947,0.877,0.954,0.8815789473684211,0.9355860612460402,0.8815789473684211,0.8815789473684211,0.8815789473684211,0.9355860612460402,0.9355860612460402,0.9355860612460402
MKD,North Macedonia,Europe & Central Asia,Europe,2017,0.698,0.784,0.895,0.953,0.889,0.959,0.8903061224489796,0.9391395592864639,0.8903061224489796,0.8903061224489796,0.8903061224489796,0.9391395592864639,0.9391395592864639,0.9391395592864639
MKD,North Macedonia,Europe & Central Asia,Europe,2018,0.729,0.813,0.911,0.964,0.903,0.968,0.896678966789668,0.9450207468879669,0.896678966789668,0.896678966789668,0.896678966789668,0.9450207468879669,0.9450207468879669,0.9450207468879669
MKD,North Macedonia,Europe & Central Asia,Europe,2019,0.7451666666666666,0.82675,0.9188333333333333,0.9651666666666666,0.9161666666666667,0.9754999999999999,0.9013715843696075,0.9519678069113695,0.9013715843696075,0.9013204314081241,0.9013204314081241,0.9519678069113695,0.9519944741840788,0.9519944741840788
MKD,North Macedonia,Europe & Central Asia,Europe,2020,0.7444999999999999,0.8262499999999999,0.9195000000000001,0.9638333333333332,0.9185,0.9778333333333333,0.9010594868383258,0.9540006025737373,0.9010594868383258,0.9010590015128593,0.9010590015128593,0.9540006025737373,0.95400311257133,0.95400311257133
MKD,North Macedonia,Europe & Central Asia,Europe,2021,0.779,0.8626666666666667,0.94875,0.98775,0.9389166666666666,0.9908333333333333,0.9030188134317201,0.9605159370498507,0.9030188134317201,0.9030139103554868,0.9030139103554868,0.9605159370498507,0.9605163249810175,0.9605163249810175
MKD,North Macedonia,Europe & Central Asia,Europe,2022,0.7945000000000001,0.8716666666666667,0.9434166666666667,0.9778333333333333,0.9467499999999999,0.99375,0.9114847101613801,0.9647983720581812,0.9114847101613801,0.9114722753346081,0.9114722753346081,0.9647983720581812,0.964803136185444,0.964803136185444
MKD,North Macedonia,Europe & Central Asia,Europe,2023,0.791,0.8626666666666667,0.9249166666666667,0.96125,0.9365,0.9855,0.9169414332936334,0.9621178982104114,0.9169414332936334,0.9169242658423493,0.9169242658423493,0.9621178982104114,0.9622019939315128,0.9622019939315128
MKD,North Macedonia,Europe & Central Asia,Europe,2024,0.8342499999999999,0.9084166666666667,0.9553333333333334,0.9841666666666667,0.96575,0.9984999999999999,0.9183628890220351,0.970678419457196,0.9183628890220351,0.9183561141179708,0.9183561141179708,0.970678419457196,0.9707027942421677,0.9707027942421677
MKD,North Macedonia,Europe & Central Asia,Europe,2025,0.85825,0.9319999999999999,0.9660833333333333,0.99175,0.9784999999999999,1.0,0.9208736313867902,0.974109399025414,0.9208736313867902,0.9208690987124464,0.9208690987124464,0.974109399025414,0.9741198218637088,0.9741198218637088
MKD,North Macedonia,Europe & Central Asia,Europe,2026,0.8846,0.9583999999999999,0.9798,0.9998000000000001,0.9934,1.0,0.9229971143369115,0.9799955955955955,0.9229971143369115,0.9229966611018365,0.9229966611018365,0.9799955955955955,0.9799959991998398,0.9799959991998398
MLI,Mali,Sub-Saharan Africa,Africa,2015,0.0,0.161,0.43,0.674,0.359,0.649,0.0,0.6379821958456973,0.0,0.0,0.0,0.6379821958456973,0.6379821958456973,0.6379821958456973
MLI,Mali,Sub-Saharan Africa,Africa,2016,0.0,0.166,0.422,0.702,0.32,0.62,0.0,0.6011396011396012,0.0,0.0,0.0,0.6011396011396012,0.6011396011396012,0.6011396011396012
MLI,Mali,Sub-Saharan Africa,Africa,2017,0.0,0.196,0.438,0.718,0.331,0.625,0.0,0.6100278551532033,0.0,0.0,0.0,0.6100278551532033,0.6100278551532033,0.6100278551532033
MLI,Mali,Sub-Saharan Africa,Africa,2018,0.0,0.205,0.432,0.75,0.292,0.595,0.0,0.576,0.0,0.0,0.0,0.576,0.576,0.576
MLI,Mali,Sub-Saharan Africa,Africa,2019,0.06741666666666667,0.259,0.4736666666666667,0.7328333333333333,0.37625,0.6519166666666667,0.2601182136841689,0.6463251049422767,0.2601182136841689,0.2602960102960103,0.2602960102960103,0.6463251049422767,0.6463497839435979,0.6463497839435979
MLI,Mali,Sub-Saharan Africa,Africa,2020,0.09241666666666666,0.2808333333333333,0.4971666666666667,0.7404166666666666,0.4096666666666667,0.6735000000000001,0.32882520691675804,0.6714222141493315,0.32882520691675804,0.329080118694362,0.329080118694362,0.6714222141493315,0.6714687675858189,0.6714687675858189
MLI,Mali,Sub-Saharan Africa,Africa,2021,0.12258333333333334,0.316,0.5256666666666666,0.7675000000000001,0.43074999999999997,0.6850833333333334,0.3878074409226631,0.6848860998987892,0.3878074409226631,0.38792194092827004,0.38792194092827004,0.6848860998987892,0.6849077090119434,0.6849077090119434
MLI,Mali,Sub-Saharan Africa,Africa,2022,0.14366666666666666,0.3365,0.5295,0.7693333333333333,0.4395833333333334,0.6887500000000001,0.4267011230502818,0.6881913661725725,0.4267011230502818,0.4269440316988608,0.4269440316988608,0.6881913661725725,0.6882582322357019,0.6882582322357019
MLI,Mali,Sub-Saharan Africa,Africa,2023,0.15158333333333332,0.341,0.5174166666666667,0.7595000000000001,0.43041666666666667,0.6814166666666667,0.4439995880033718,0.681091582129658,0.4439995880033718,0.4445259042033235,0.4445259042033235,0.681091582129658,0.6812596006144394,0.6812596006144394
MLI,Mali,Sub-Saharan Africa,Africa,2024,0.19483333333333333,0.391,0.5609166666666666,0.7945000000000001,0.4695833333333333,0.7047499999999999,0.49811130476240467,0.7059148473313823,0.49811130476240467,0.4982949701619778,0.4982949701619778,0.7059148473313823,0.7059995804489195,0.7059995804489195
MLI,Mali,Sub-Saharan Africa,Africa,2025,0.22316666666666665,0.42041666666666666,0.5812499999999999,0.8095833333333333,0.492,0.7169166666666666,0.5307385045870247,0.7179169536133249,0.5307385045870247,0.530822596630327,0.530822596630327,0.7179169536133249,0.7179619145651054,0.7179619145651054
MLI,Mali,Sub-Saharan Africa,Africa,2026,0.2512,0.44980000000000003,0.6018,0.8248,0.514,0.7292,0.5584578772550031,0.729622851146553,0.5584578772550031,0.5584704313028012,0.5584704313028012,0.729622851146553,0.729631425800194,0.729631425800194
MLT,Malta,Middle East & North Africa,Europe,2015,0.852,0.902,1.0,1.0,0.964,1.0,0.9445676274944567,1.0,0.9445676274944567,0.9445676274944567,0.9445676274944567,1.0,1.0,1.0
MLT,Malta,Middle East & North Africa,Europe,2016,0.867,0.915,1.0,1.0,0.968,1.0,0.9475409836065574,1.0,0.9475409836065574,0.9475409836065574,0.9475409836065574,1.0,1.0,1.0
MLT,Malta,Middle East & North Africa,Europe,2017,0.903,0.945,1.0,1.0,0.988,1.0,0.9555555555555556,1.0,0.9555555555555556,0.9555555555555556,0.9555555555555556,1.0,1.0,1.0
MLT,Malta,Middle East & North Africa,Europe,2018,0.927,0.963,1.0,1.0,0.996,1.0,0.9626168224299066,1.0,0.9626168224299066,0.9626168224299066,0.9626168224299066,1.0,1.0,1.0
MLT,Malta,Middle East & North Africa,Europe,2019,0.9320833333333334,0.9611666666666666,1.0,1.0,0.9940000000000001,1.0,0.9697646114369038,1.0,0.9697646114369038,0.9697416334315937,0.9697416334315937,1.0,1.0,1.0
MLT,Malta,Middle East & North Africa,Europe,2020,0.9538333333333333,0.97575,1.0,1.0,1.0,1.0,0.9775395685383836,1.0,0.9775395685383836,0.9775386454863779,0.9775386454863779,1.0,1.0,1.0
MLT,Malta,Middle East & North Africa,Europe,2021,0.9812500000000001,0.9983333333333334,1.0,1.0,1.0,1.0,0.9828906257480932,1.0,0.9828906257480932,0.9828881469115192,0.9828881469115192,1.0,1.0,1.0
MLT,Malta,Middle East & North Africa,Europe,2022,0.9974166666666666,1.0,1.0,1.0,1.0,1.0,0.9974166666666666,1.0,0.9974166666666666,0.9974166666666666,0.9974166666666666,1.0,1.0,1.0
MLT,Malta,Middle East & North Africa,Europe,2023,0.9965833333333333,0.9998333333333332,1.0,1.0,1.0,1.0,0.996746993987976,1.0,0.996746993987976,0.9967494582430405,0.9967494582430405,1.0,1.0,1.0
MLT,Malta,Middle East & North Africa,Europe,2024,1.0,1.0,1.0,1.0,1.0,1.0,1.0,1.0,1.0,1.0,1.0,1.0,1.0,1.0
MLT,Malta,Middle East & North Africa,Europe,2025,1.0,1.0,1.0,1.0,1.0,1.0,1.0,1.0,1.0,1.0,1.0,1.0,1.0,1.0
MLT,Malta,Middle East & North Africa,Europe,2026,1.0,1.0,1.0,1.0,1.0,1.0,1.0,1.0,1.0,1.0,1.0,1.0,1.0,1.0
MMR,Myanmar,East Asia & Pacific,Asia,2015,0.528,0.692,0.95,0.994,0.925,1.0,0.7630057803468209,0.9557344064386317,0.7630057803468209,0.7630057803468209,0.7630057803468209,0.9557344064386317,0.9557344064386317,0.9557344064386317
MMR,Myanmar,East Asia & Pacific,Asia,2016,0.517,0.668,0.902,0.956,0.89,0.975,0.7739520958083832,0.9435146443514645,0.7739520958083832,0.7739520958083832,0.7739520958083832,0.9435146443514645,0.9435146443514645,0.9435146443514645
MMR,Myanmar,East Asia & Pacific,Asia,2017,0.542,0.666,0.877,0.91,0.901,0.981,0.8138138138138138,0.9637362637362638,0.8138138138138138,0.8138138138138138,0.8138138138138138,0.9637362637362638,0.9637362637362638,0.9637362637362638
MMR,Myanmar,East Asia & Pacific,Asia,2018,0.552,0.659,0.846,0.875,0.894,0.974,0.8376327769347497,0.9668571428571429,0.8376327769347497,0.8376327769347497,0.8376327769347497,0.9668571428571429,0.9668571428571429,0.9668571428571429
MMR,Myanmar,East Asia & Pacific,Asia,2019,0.5605,0.6591666666666667,0.8264999999999999,0.8601666666666666,0.8796666666666667,0.9626666666666667,0.8503853180393812,0.9608433728724853,0.8503853180393812,0.8503160556257902,0.8503160556257902,0.9608433728724853,0.9608602983917844,0.9608602983917844
MMR,Myanmar,East Asia & Pacific,Asia,2020,0.56875,0.66025,0.8096666666666668,0.8479166666666665,0.87825,0.9579999999999999,0.8614027576625779,0.9548769286646622,0.8614027576625779,0.8614161302536918,0.8614161302536918,0.9548769286646622,0.9548894348894351,0.9548894348894351
MMR,Myanmar,East Asia & Pacific,Asia,2021,0.5065000000000001,0.5923333333333333,0.7370833333333334,0.7944166666666667,0.8289166666666666,0.9226666666666667,0.8551474130113991,0.9275425632367039,0.8551474130113991,0.8550928531232416,0.8550928531232416,0.9275425632367039,0.9278296443931607,0.9278296443931607
MMR,Myanmar,East Asia & Pacific,Asia,2022,0.5123333333333333,0.5905833333333333,0.7180833333333333,0.7752500000000001,0.8278333333333333,0.9180833333333335,0.8675449394912498,0.9262300487232457,0.8675449394912498,0.8675038803442923,0.8675038803442923,0.9262300487232457,0.9262603461249058,0.9262603461249058
MMR,Myanmar,East Asia & Pacific,Asia,2023,0.5114166666666667,0.5821666666666666,0.7042499999999999,0.7588333333333334,0.8294999999999999,0.9167500000000001,0.878474540418516,0.9280543521202572,0.878474540418516,0.8784712281706272,0.8784712281706272,0.9280543521202572,0.9280694047880517,0.9280694047880517
MMR,Myanmar,East Asia & Pacific,Asia,2024,0.5358333333333334,0.599,0.7124999999999999,0.7570833333333334,0.85525,0.9311666666666668,0.8946365891118612,0.9411035764428716,0.8946365891118612,0.894546466332777,0.894546466332777,0.9411035764428716,0.9411117226197026,0.9411117226197026
MMR,Myanmar,East Asia & Pacific,Asia,2025,0.5325000000000001,0.5886666666666667,0.70375,0.7436666666666666,0.8649166666666667,0.9339166666666667,0.9045875625330569,0.9463253718786966,0.9045875625330569,0.9045866364665913,0.9045866364665913,0.9463253718786966,0.9463245181532945,0.9463245181532945
MMR,Myanmar,East Asia & Pacific,Asia,2026,0.5504,0.6035999999999999,0.7116,0.7464000000000001,0.882,0.9426,0.9118943528899177,0.9533897802026606,0.9118943528899177,0.9118621603711068,0.9118621603711068,0.9533897802026606,0.9533762057877813,0.9533762057877813
MNE,Montenegro,Europe & Central Asia,Europe,2015,0.687,0.756,0.875,0.925,0.88,0.956,0.9087301587301588,0.9459459459459459,0.9087301587301588,0.9087301587301588,0.9087301587301588,0.9459459459459459,0.9459459459459459,0.9459459459459459
MNE,Montenegro,Europe & Central Asia,Europe,2016,0.71,0.778,0.888,0.935,0.891,0.961,0.9125964010282775,0.9497326203208556,0.9125964010282775,0.9125964010282775,0.9125964010282775,0.9497326203208556,0.9497326203208556,0.9497326203208556
MNE,Montenegro,Europe & Central Asia,Europe,2017,0.745,0.809,0.906,0.946,0.91,0.973,0.9208899876390605,0.9577167019027485,0.9208899876390605,0.9208899876390605,0.9208899876390605,0.9577167019027485,0.9577167019027485,0.9577167019027485
MNE,Montenegro,Europe & Central Asia,Europe,2018,0.771,0.836,0.921,0.962,0.918,0.976,0.9222488038277512,0.9573804573804574,0.9222488038277512,0.9222488038277512,0.9222488038277512,0.9573804573804574,0.9573804573804574,0.9573804573804574
MNE,Montenegro,Europe & Central Asia,Europe,2019,0.8134166666666666,0.87425,0.94525,0.9726666666666667,0.9489166666666665,0.9947499999999999,0.9304311747020529,0.9718072698510606,0.9304311747020529,0.9304165475169192,0.9304165475169192,0.9718072698510606,0.9718128855380398,0.9718128855380398
MNE,Montenegro,Europe & Central Asia,Europe,2020,0.815,0.8711666666666668,0.9313333333333333,0.9549166666666666,0.9525,0.9956666666666667,0.935569928848853,0.9753193895319705,0.935569928848853,0.9355270709776161,0.9355270709776161,0.9753193895319705,0.9753032550833407,0.9753032550833407
MNE,Montenegro,Europe & Central Asia,Europe,2021,0.8533333333333334,0.9029166666666667,0.9528333333333333,0.9676666666666667,0.97225,1.0,0.9450880601228585,0.9846700382432472,0.9450880601228585,0.9450853714813106,0.9450853714813106,0.9846700382432472,0.9846710299689976,0.9846710299689976
MNE,Montenegro,Europe & Central Asia,Europe,2022,0.8866666666666667,0.9322500000000001,0.9692500000000001,0.9754999999999999,0.9925,1.0,0.9511116738385281,0.9935958232247959,0.9511116738385281,0.9511039599535174,0.9511039599535174,0.9935958232247959,0.993593029215787,0.993593029215787
MNE,Montenegro,Europe & Central Asia,Europe,2023,0.8864166666666667,0.9280833333333334,0.9562499999999999,0.9640833333333333,0.9859166666666667,0.9999166666666667,0.9551106499063086,0.9918341876463361,0.9551106499063086,0.955104606267397,0.955104606267397,0.9918341876463361,0.991874837928948,0.991874837928948
MNE,Montenegro,Europe & Central Asia,Europe,2024,0.9338333333333333,0.9796666666666667,0.9913333333333334,0.992,0.9991666666666666,1.0,0.9532243584699307,0.9993102806051141,0.9532243584699307,0.9532153793807416,0.9532153793807416,0.9993102806051141,0.9993279569892474,0.9993279569892474
MNE,Montenegro,Europe & Central Asia,Europe,2025,0.9615833333333333,0.999,0.99925,0.9994166666666667,1.0,1.0,0.9625365526492287,0.9998327479090552,0.9625365526492287,0.9625458792125459,0.9625458792125459,0.9998327479090552,0.9998332360543649,0.9998332360543649
MNE,Montenegro,Europe & Central Asia,Europe,2026,0.9911999999999999,1.0,1.0,1.0,1.0,1.0,0.9911999999999999,1.0,0.9911999999999999,0.9911999999999999,0.9911999999999999,1.0,1.0,1.0
MNG,Mongolia,East Asia & Pacific,Asia,2015,0.648,0.625,0.781,0.727,0.964,1.0,1.0368,1.0742778541953233,1.0,1.0368,1.0,1.0,1.0742778541953233,1.0
MNG,Mongolia,East Asia & Pacific,Asia,2016,0.672,0.647,0.783,0.726,0.973,1.0,1.0386398763523956,1.078512396694215,1.0,1.0386398763523956,1.0,1.0,1.078512396694215,1.0
MNG,Mongolia,East Asia & Pacific,Asia,2017,0.698,0.671,0.789,0.73,0.981,1.0,1.0402384500745154,1.0808219178082192,1.0,1.0402384500745154,1.0,1.0,1.0808219178082192,1.0
MNG,Mongolia,East Asia & Pacific,Asia,2018,0.74,0.71,0.806,0.742,0.996,1.0,1.0422535211267605,1.0862533692722374,1.0,1.0422535211267605,1.0,1.0,1.0862533692722374,1.0
MNG,Mongolia,East Asia & Pacific,Asia,2019,0.7675000000000001,0.73475,0.8238333333333333,0.7516666666666666,1.0,1.0,1.0446142009124089,1.0960149000314838,1.0,1.0445729840081661,1.0,1.0,1.096008869179601,1.0
MNG,Mongolia,East Asia & Pacific,Asia,2020,0.7873333333333333,0.74775,0.8183333333333334,0.7385833333333333,1.0,1.0,1.0529619935115373,1.1080081010307128,1.0,1.0529365875403989,1.0,1.0,1.1079769829628796,1.0
MNG,Mongolia,East Asia & Pacific,Asia,2021,0.8173333333333334,0.779,0.83175,0.7526666666666667,1.0,1.0,1.049293257334582,1.1051223916209565,1.0,1.0492083868207103,1.0,1.0,1.1050708591674048,1.0
MNG,Mongolia,East Asia & Pacific,Asia,2022,0.8498333333333333,0.8136666666666666,0.8440833333333333,0.77,1.0,1.0,1.0445541490128978,1.096237628890391,1.0,1.0444489963129866,1.0,1.0,1.0962121212121212,1.0
MNG,Mongolia,East Asia & Pacific,Asia,2023,0.858,0.8261666666666666,0.8575833333333334,0.7835000000000001,1.0,1.0,1.0384911128858174,1.0946019858116942,1.0,1.038531369780109,1.0,1.0,1.0945543501382684,1.0
MNG,Mongolia,East Asia & Pacific,Asia,2024,0.9046666666666666,0.8658333333333333,0.8613333333333334,0.7811666666666667,1.0,1.0,1.0448951112523555,1.10266864950691,1.0,1.0448508180943215,1.0,1.0,1.1026242799231918,1.0
MNG,Mongolia,East Asia & Pacific,Asia,2025,0.93025,0.8869166666666667,0.8624166666666667,0.7786666666666667,1.0,1.0,1.0490463451075476,1.1075949193739982,1.0,1.0488584045851734,1.0,1.0,1.1075556506849316,1.0
MNG,Mongolia,East Asia & Pacific,Asia,2026,0.9702,0.9314,0.8896000000000001,0.8022,1.0,1.0,1.0416724336693512,1.1089552949772628,1.0,1.0416577195619496,1.0,1.0,1.1089503864372974,1.0
MNP,Northern Mariana Islands,East Asia & Pacific,Oceania,2015,0.721,0.818,1.0,1.0,0.944,1.0,0.8814180929095354,1.0,0.8814180929095354,0.8814180929095354,0.8814180929095354,1.0,1.0,1.0
MNP,Northern Mariana Islands,East Asia & Pacific,Oceania,2016,0.724,0.805,1.0,1.0,0.928,1.0,0.8993788819875775,1.0,0.8993788819875775,0.8993788819875775,0.8993788819875775,1.0,1.0,1.0
MNP,Northern Mariana Islands,East Asia & Pacific,Oceania,2017,0.731,0.795,0.998,1.0,0.918,1.0,0.9194968553459119,0.998,0.9194968553459119,0.9194968553459119,0.9194968553459119,0.998,0.998,0.998
MNP,Northern Mariana Islands,East Asia & Pacific,Oceania,2018,0.721,0.767,0.948,0.964,0.906,0.996,0.9400260756192959,0.983402489626556,0.9400260756192959,0.9400260756192959,0.9400260756192959,0.983402489626556,0.983402489626556,0.983402489626556
MNP,Northern Mariana Islands,East Asia & Pacific,Oceania,2019,0.71375,0.7358333333333333,0.8975,0.9048333333333334,0.9004166666666666,0.9895833333333334,0.970082048593833,0.991906815833278,0.970082048593833,0.9699886749716874,0.9699886749716874,0.991906815833278,0.9918953766807883,0.9918953766807883
MNP,Northern Mariana Islands,East Asia & Pacific,Oceania,2020,0.7134999999999999,0.7213333333333333,0.8585833333333333,0.8581666666666666,0.9055833333333334,0.9881666666666667,0.9892330963763567,1.00049739541979,0.9892330963763567,0.9891404805914972,0.9891404805914972,1.0,1.0004855311711012,1.0
MNP,Northern Mariana Islands,East Asia & Pacific,Oceania,2021,0.7132499999999999,0.7185833333333332,0.8488333333333333,0.85125,0.9035000000000001,0.9841666666666667,0.9926565168012953,0.9971749377527747,0.9926565168012953,0.9925779890989216,0.9925779890989216,0.9971749377527747,0.9971610376896721,0.9971610376896721
MNP,Northern Mariana Islands,East Asia & Pacific,Oceania,2022,0.7193333333333333,0.7116666666666666,0.8304999999999999,0.8269166666666666,0.9085833333333334,0.985,1.0108191223335026,1.0043484538831453,1.0,1.0107728337236535,1.0,1.0,1.004333366925325,1.0
MNP,Northern Mariana Islands,East Asia & Pacific,Oceania,2023,0.7105,0.6900833333333334,0.8213333333333334,0.8066666666666666,0.93375,0.99375,1.0297451646162898,1.0181775762083591,1.0,1.029585798816568,1.0,1.0,1.0181818181818183,1.0
MNP,Northern Mariana Islands,East Asia & Pacific,Oceania,2024,0.7151666666666666,0.6699166666666666,0.77825,0.755,0.9286666666666666,0.9913333333333334,1.0680460534999126,1.0309253558237113,1.0,1.0675457146411245,1.0,1.0,1.030794701986755,1.0
MNP,Northern Mariana Islands,East Asia & Pacific,Oceania,2025,0.7349166666666666,0.6885,0.7803333333333334,0.7559999999999999,0.9325833333333334,0.9906666666666667,1.0697649346186067,1.0330094398723164,1.0,1.0674170902929072,1.0,1.0,1.0321869488536157,1.0
MNP,Northern Mariana Islands,East Asia & Pacific,Oceania,2026,0.7748,0.7552,0.8464,0.827,0.9583999999999999,1.0,1.0260376189677805,1.0234878553823983,1.0,1.0259533898305087,1.0,1.0,1.0234582829504233,1.0
MOZ,Mozambique,Sub-Saharan Africa,Africa,2015,0.076,0.188,0.453,0.603,0.5,0.737,0.40425531914893614,0.7512437810945274,0.40425531914893614,0.40425531914893614,0.40425531914893614,0.7512437810945274,0.7512437810945274,0.7512437810945274
MOZ,Mozambique,Sub-Saharan Africa,Africa,2016,0.074,0.192,0.432,0.593,0.496,0.728,0.38541666666666663,0.7284991568296796,0.38541666666666663,0.38541666666666663,0.38541666666666663,0.7284991568296796,0.7284991568296796,0.7284991568296796
MOZ,Mozambique,Sub-Saharan Africa,Africa,2017,0.093,0.215,0.446,0.611,0.504,0.73,0.4325581395348837,0.7299509001636661,0.4325581395348837,0.4325581395348837,0.4325581395348837,0.7299509001636661,0.7299509001636661,0.7299509001636661
MOZ,Mozambique,Sub-Saharan Africa,Africa,2018,0.137,0.254,0.474,0.625,0.538,0.751,0.5393700787401575,0.7584,0.5393700787401575,0.5393700787401575,0.5393700787401575,0.7584,0.7584,0.7584
MOZ,Mozambique,Sub-Saharan Africa,Africa,2019,0.1748333333333333,0.2885,0.49366666666666664,0.6353333333333334,0.5632499999999999,0.7646666666666667,0.6060011773919912,0.7770192672440998,0.6060011773919912,0.6060080878105141,0.6060080878105141,0.7770192672440998,0.7770199370409233,0.7770199370409233
MOZ,Mozambique,Sub-Saharan Africa,Africa,2020,0.20866666666666667,0.31483333333333335,0.50725,0.6325833333333334,0.5994166666666666,0.7855,0.6627614937991,0.8018554600529484,0.6627614937991,0.6627845420857597,0.6627845420857597,0.8018554600529484,0.8018706362798049,0.8018706362798049
MOZ,Mozambique,Sub-Saharan Africa,Africa,2021,0.2325,0.33808333333333335,0.5324166666666666,0.64875,0.6240833333333333,0.80125,0.6876923055505545,0.8206744012504853,0.6876923055505545,0.6877002711363076,0.6877002711363076,0.8206744012504853,0.8206807964033397,0.8206807964033397
MOZ,Mozambique,Sub-Saharan Africa,Africa,2022,0.25908333333333333,0.36199999999999993,0.5518333333333334,0.6615833333333333,0.6465,0.8136666666666666,0.7157016359130551,0.8341070788119856,0.7157016359130551,0.7156998158379375,0.7156998158379375,0.8341070788119856,0.8341100894319186,0.8341100894319186
MOZ,Mozambique,Sub-Saharan Africa,Africa,2023,0.27775,0.3795,0.5575,0.6653333333333333,0.6554166666666666,0.8179166666666666,0.7318615917450474,0.8378994312820166,0.7318615917450474,0.7318840579710145,0.7318840579710145,0.8378994312820166,0.8379258517034068,0.8379258517034068
MOZ,Mozambique,Sub-Saharan Africa,Africa,2024,0.3196666666666667,0.4255,0.5909166666666666,0.6918333333333333,0.6854166666666667,0.8355833333333332,0.7512492234982534,0.8541038041480794,0.7512492234982534,0.7512730121425775,0.7512730121425775,0.8541038041480794,0.8541315345699831,0.8541315345699831
MOZ,Mozambique,Sub-Saharan Africa,Africa,2025,0.35325,0.4604166666666667,0.61525,0.7096666666666667,0.7115,0.8505833333333332,0.7672365108528307,0.8669503740316262,0.7672365108528307,0.7672398190045249,0.7672398190045249,0.8669503740316262,0.8669563175199624,0.8669563175199624
MOZ,Mozambique,Sub-Saharan Africa,Africa,2026,0.3846,0.49119999999999997,0.6362,0.7234,0.738,0.8652,0.7829779006810098,0.8794562838474602,0.7829779006810098,0.7829804560260587,0.7829804560260587,0.8794562838474602,0.8794581144594967,0.8794581144594967
MRT,Mauritania,Sub-Saharan Africa,Africa,2015,0.156,0.328,0.55,0.782,0.448,0.697,0.47560975609756095,0.7033248081841432,0.47560975609756095,0.47560975609756095,0.47560975609756095,0.7033248081841432,0.7033248081841432,0.7033248081841432
MRT,Mauritania,Sub-Saharan Africa,Africa,2016,0.188,0.36,0.577,0.798,0.479,0.715,0.5222222222222223,0.7230576441102756,0.5222222222222223,0.5222222222222223,0.5222222222222223,0.7230576441102756,0.7230576441102756,0.7230576441102756
MRT,Mauritania,Sub-Saharan Africa,Africa,2017,0.25,0.41,0.62,0.809,0.542,0.755,0.6097560975609756,0.7663782447466007,0.6097560975609756,0.6097560975609756,0.6097560975609756,0.7663782447466007,0.7663782447466007,0.7663782447466007
MRT,Mauritania,Sub-Saharan Africa,Africa,2018,0.282,0.448,0.644,0.838,0.558,0.762,0.6294642857142856,0.7684964200477328,0.6294642857142856,0.6294642857142856,0.6294642857142856,0.7684964200477328,0.7684964200477328,0.7684964200477328
MRT,Mauritania,Sub-Saharan Africa,Africa,2019,0.3345,0.50125,0.6871666666666667,0.8655833333333334,0.604,0.7894166666666668,0.6672429048623859,0.7937897482163653,0.6672429048623859,0.6673316708229428,0.6673316708229428,0.7937897482163653,0.7938769615865986,0.7938769615865986
MRT,Mauritania,Sub-Saharan Africa,Africa,2020,0.3555833333333333,0.5206666666666667,0.7081666666666666,0.8758333333333334,0.63,0.8058333333333333,0.6829030936849306,0.8085315847194026,0.6829030936849306,0.6829385403329064,0.6829385403329064,0.8085315847194026,0.8085632730732635,0.8085632730732635
MRT,Mauritania,Sub-Saharan Africa,Africa,2021,0.39633333333333337,0.5649166666666666,0.74825,0.9069166666666667,0.6655000000000001,0.8275833333333332,0.7015538080873912,0.8249984050469171,0.7015538080873912,0.7015784038943799,0.7015784038943799,0.8249984050469171,0.8250482403748965,0.8250482403748965
MRT,Mauritania,Sub-Saharan Africa,Africa,2022,0.4263333333333333,0.5944999999999999,0.7673333333333333,0.9208333333333334,0.6863333333333334,0.8390833333333333,0.7171002097268934,0.8332538078301285,0.7171002097268934,0.7171292402579198,0.7171292402579198,0.8332538078301285,0.8333031674208145,0.8333031674208145
MRT,Mauritania,Sub-Saharan Africa,Africa,2023,0.43733333333333335,0.6019166666666667,0.7615833333333333,0.9143333333333333,0.6869999999999999,0.838,0.7264796778891571,0.8327418018555427,0.7264796778891571,0.7265679080714385,0.7265679080714385,0.8327418018555427,0.8329383886255923,0.8329383886255923
MRT,Mauritania,Sub-Saharan Africa,Africa,2024,0.5190833333333333,0.6959166666666666,0.8530000000000001,0.9851666666666666,0.7720833333333333,0.8898333333333334,0.7458375720451738,0.8656919837164638,0.7458375720451738,0.7458986947670938,0.7458986947670938,0.8656919837164638,0.8658433429199798,0.8658433429199798
MRT,Mauritania,Sub-Saharan Africa,Africa,2025,0.5685,0.7505833333333333,0.89925,0.99925,0.8169166666666666,0.9165833333333334,0.7573998066164381,0.8999050249339567,0.7573998066164381,0.7574109026312869,0.7574109026312869,0.8999050249339567,0.8999249437077809,0.8999249437077809
MRT,Mauritania,Sub-Saharan Africa,Africa,2026,0.6125999999999999,0.7998000000000001,0.9391999999999999,1.0,0.8544,0.9385999999999999,0.7659394799140136,0.9391999999999999,0.7659394799140136,0.7659414853713427,0.7659414853713427,0.9391999999999999,0.9391999999999999,0.9391999999999999
MSR,Montserrat,Latin America & Caribbean,North America,2015,0.61,0.578,0.763,0.746,0.892,0.978,1.055363321799308,1.0227882037533513,1.0,1.055363321799308,1.0,1.0,1.0227882037533513,1.0
MSR,Montserrat,Latin America & Caribbean,North America,2016,0.636,0.606,0.784,0.763,0.912,0.988,1.0495049504950495,1.0275229357798166,1.0,1.0495049504950495,1.0,1.0,1.0275229357798166,1.0
MSR,Montserrat,Latin America & Caribbean,North America,2017,0.658,0.632,0.804,0.781,0.927,0.996,1.0411392405063291,1.029449423815621,1.0,1.0411392405063291,1.0,1.0,1.029449423815621,1.0
MSR,Montserrat,Latin America & Caribbean,North America,2018,0.684,0.661,0.824,0.798,0.944,1.0,1.0347957639939487,1.0325814536340852,1.0,1.0347957639939487,1.0,1.0,1.0325814536340852,1.0
MSR,Montserrat,Latin America & Caribbean,North America,2019,0.7119166666666666,0.7004999999999999,0.8543333333333333,0.8315,0.9543333333333334,1.0,1.0163119375723453,1.0274648400495672,1.0,1.016297882464906,1.0,1.0,1.0274604129083984,1.0
MSR,Montserrat,Latin America & Caribbean,North America,2020,0.7185,0.69925,0.8451666666666666,0.8134166666666666,0.969,1.0,1.0275596938635683,1.0390484479812558,1.0,1.027529495888452,1.0,1.0,1.0390328859747977,1.0
MSR,Montserrat,Latin America & Caribbean,North America,2021,0.73875,0.7198333333333333,0.8635,0.82825,0.9831666666666666,1.0,1.0263524372579038,1.0426008916860436,1.0,1.0262792313035425,1.0,1.0,1.0425596136432236,1.0
MSR,Montserrat,Latin America & Caribbean,North America,2022,0.7680833333333333,0.75825,0.8886666666666666,0.8583333333333334,0.9876666666666667,1.0,1.0129883742901002,1.0353561865842231,1.0,1.0129684580723157,1.0,1.0,1.0353398058252425,1.0
MSR,Montserrat,Latin America & Caribbean,North America,2023,0.7825833333333333,0.7808333333333334,0.9116666666666667,0.8820833333333334,0.9977499999999999,1.0,1.002309070277106,1.0335999748179483,1.0,1.0022411953041621,1.0,1.0,1.033538025507794,1.0
MSR,Montserrat,Latin America & Caribbean,North America,2024,0.8088333333333334,0.81,0.9210833333333334,0.8925833333333334,1.0,1.0,0.9985901031471384,1.0319458798223173,0.9985901031471384,0.998559670781893,0.998559670781893,1.0,1.0319297918028194,1.0
MSR,Montserrat,Latin America & Caribbean,North America,2025,0.8264999999999999,0.819,0.9160833333333334,0.88125,1.0,1.0,1.009202928553857,1.0395671678834144,1.0,1.0091575091575091,1.0,1.0,1.0395271867612295,1.0
MSR,Montserrat,Latin America & Caribbean,North America,2026,0.8465999999999999,0.8408,0.9276,0.8916000000000001,1.0,1.0,1.006905987502146,1.0403819523660123,1.0,1.0068981921979065,1.0,1.0,1.0403768506056528,1.0
MTQ,Martinique,Latin America & Caribbean,North America,2015,0.636,0.669,0.874,0.884,0.897,0.981,0.9506726457399103,0.9886877828054299,0.9506726457399103,0.9506726457399103,0.9506726457399103,0.9886877828054299,0.9886877828054299,0.9886877828054299
MTQ,Martinique,Latin America & Caribbean,North America,2016,0.661,0.692,0.884,0.89,0.91,0.988,0.9552023121387284,0.9932584269662921,0.9552023121387284,0.9552023121387284,0.9552023121387284,0.9932584269662921,0.9932584269662921,0.9932584269662921
MTQ,Martinique,Latin America & Caribbean,North America,2017,0.683,0.713,0.893,0.898,0.919,0.992,0.9579242636746145,0.9944320712694877,0.9579242636746145,0.9579242636746145,0.9579242636746145,0.9944320712694877,0.9944320712694877,0.9944320712694877
MTQ,Martinique,Latin America & Caribbean,North America,2018,0.708,0.737,0.905,0.906,0.931,0.998,0.9606512890094979,0.9988962472406181,0.9606512890094979,0.9606512890094979,0.9606512890094979,0.9988962472406181,0.9988962472406181,0.9988962472406181
MTQ,Martinique,Latin America & Caribbean,North America,2019,0.7288333333333333,0.7595000000000001,0.915,0.915,0.9393333333333332,1.0,0.9596327606029589,1.0000006011530116,0.9596327606029589,0.9596225587008996,0.9596225587008996,1.0,1.0,1.0
MTQ,Martinique,Latin America & Caribbean,North America,2020,0.7429166666666666,0.7727499999999999,0.9162500000000001,0.9119166666666666,0.9496666666666665,1.0,0.9613926407196552,1.004752373488047,0.9613926407196552,0.9613932923541464,0.9613932923541464,1.0,1.004751896189345,1.0
MTQ,Martinique,Latin America & Caribbean,North America,2021,0.7654166666666667,0.7948333333333334,0.9316666666666666,0.9239166666666666,0.9605,1.0,0.9629919651515375,1.0083888370785832,0.9629919651515375,0.9629901446844202,0.9629901446844202,1.0,1.0083882023992063,1.0
MTQ,Martinique,Latin America & Caribbean,North America,2022,0.7905833333333333,0.8228333333333332,0.9463333333333334,0.9410833333333333,0.9656666666666666,1.0,0.9608082012018766,1.005578822645491,0.9608082012018766,0.9608061575855784,0.9608061575855784,1.0,1.0055786770565838,1.0
MTQ,Martinique,Latin America & Caribbean,North America,2023,0.8013333333333333,0.8348333333333332,0.9500000000000001,0.9456666666666665,0.9685833333333332,1.0,0.9598647072665752,1.0045712865560692,0.9598647072665752,0.9598722299860253,0.9598722299860253,1.0,1.004582305252027,1.0
MTQ,Martinique,Latin America & Caribbean,North America,2024,0.8306666666666667,0.863,0.9623333333333334,0.9535833333333333,0.9830833333333334,1.0,0.9625395163476483,1.0091687208545295,0.9625395163476483,0.962533796832754,0.962533796832754,1.0,1.009175915406799,1.0
MTQ,Martinique,Latin America & Caribbean,North America,2025,0.8478333333333333,0.8803333333333333,0.9686666666666666,0.9588333333333333,0.9895833333333334,1.0,0.9630780142756697,1.0102506745883653,0.9630780142756697,0.9630821658462704,0.9630821658462704,1.0,1.0102555188597253,1.0
MTQ,Martinique,Latin America & Caribbean,North America,2026,0.8772,0.9096,0.9818,0.9683999999999999,1.0,1.0,0.9643777441240319,1.0138361741678268,0.9643777441240319,0.9643799472295514,0.9643799472295514,1.0,1.0138372573316812,1.0
MUS,Mauritius,Sub-Saharan Africa,Africa,2015,0.676,0.737,0.893,0.929,0.89,0.969,0.9172320217096337,0.961248654467169,0.9172320217096337,0.9172320217096337,0.9172320217096337,0.961248654467169,0.961248654467169,0.961248654467169
MUS,Mauritius,Sub-Saharan Africa,Africa,2016,0.701,0.76,0.903,0.936,0.901,0.975,0.9223684210526315,0.9647435897435898,0.9223684210526315,0.9223684210526315,0.9223684210526315,0.9647435897435898,0.9647435897435898,0.9647435897435898
MUS,Mauritius,Sub-Saharan Africa,Africa,2017,0.736,0.789,0.92,0.942,0.923,0.989,0.9328263624841571,0.9766454352441615,0.9328263624841571,0.9328263624841571,0.9328263624841571,0.9766454352441615,0.9766454352441615,0.9766454352441615
MUS,Mauritius,Sub-Saharan Africa,Africa,2018,0.765,0.814,0.932,0.949,0.938,0.997,0.9398034398034398,0.9820864067439411,0.9398034398034398,0.9398034398034398,0.9398034398034398,0.9820864067439411,0.9820864067439411,0.9820864067439411
MUS,Mauritius,Sub-Saharan Africa,Africa,2019,0.7871666666666667,0.8326666666666666,0.9335,0.9481666666666667,0.9474999999999999,0.9990833333333334,0.9453726960071432,0.984527900849617,0.9453726960071432,0.9453562850280226,0.9453562850280226,0.984527900849617,0.9845315521181226,0.9845315521181226
MUS,Mauritius,Sub-Saharan Africa,Africa,2020,0.8119999999999999,0.85075,0.9386666666666666,0.9349166666666666,0.9783333333333334,1.0,0.9544577590220075,1.0040089626696171,0.9544577590220075,0.9544519541580957,0.9544519541580957,1.0,1.0040110526784918,1.0
MUS,Mauritius,Sub-Saharan Africa,Africa,2021,0.8270833333333333,0.8640833333333333,0.93725,0.9349166666666666,0.981,1.0,0.9571993691812438,1.0025038019316717,0.9571993691812438,0.9571800559359629,0.9571800559359629,1.0,1.0024957661110616,1.0
MUS,Mauritius,Sub-Saharan Africa,Africa,2022,0.8489999999999999,0.8816666666666667,0.9410833333333333,0.9378333333333333,0.9855,1.0,0.9629627312117884,1.0034655123651048,0.9629627312117884,0.9629489603024572,0.9629489603024572,1.0,1.0034654345121734,1.0
MUS,Mauritius,Sub-Saharan Africa,Africa,2023,0.85275,0.8831666666666668,0.9363333333333334,0.9335833333333333,0.9860833333333333,1.0,0.965543740531979,1.0029258117834778,0.965543740531979,0.9655595395357613,0.9655595395357613,1.0,1.002945639560832,1.0
MUS,Mauritius,Sub-Saharan Africa,Africa,2024,0.9030833333333333,0.9353333333333333,0.9658333333333333,0.956,0.99925,1.0,0.9655250915577218,1.0102756604812118,0.9655250915577218,0.965520313613685,0.965520313613685,1.0,1.0102859135285913,1.0
MUS,Mauritius,Sub-Saharan Africa,Africa,2025,0.93025,0.9629166666666666,0.9788333333333333,0.96575,1.0,1.0,0.966070378224225,1.0135437322834733,0.966070378224225,0.9660752920813501,0.9660752920813501,1.0,1.0135473293640522,1.0
MUS,Mauritius,Sub-Saharan Africa,Africa,2026,0.966,0.9996,0.9996,0.9833999999999999,1.0,1.0,0.966386372745491,1.0164765104453999,0.966386372745491,0.9663865546218486,0.9663865546218486,1.0,1.0164734594264797,1.0
MWI,Malawi,Sub-Saharan Africa,Africa,2015,0.056,0.158,0.348,0.536,0.393,0.664,0.35443037974683544,0.6492537313432835,0.35443037974683544,0.35443037974683544,0.35443037974683544,0.6492537313432835,0.6492537313432835,0.6492537313432835
MWI,Malawi,Sub-Saharan Africa,Africa,2016,0.08,0.178,0.352,0.531,0.418,0.676,0.44943820224719105,0.6629001883239171,0.44943820224719105,0.44943820224719105,0.44943820224719105,0.6629001883239171,0.6629001883239171,0.6629001883239171
MWI,Malawi,Sub-Saharan Africa,Africa,2017,0.122,0.214,0.381,0.545,0.452,0.697,0.5700934579439252,0.6990825688073394,0.5700934579439252,0.5700934579439252,0.5700934579439252,0.6990825688073394,0.6990825688073394,0.6990825688073394
MWI,Malawi,Sub-Saharan Africa,Africa,2018,0.149,0.243,0.401,0.563,0.47,0.707,0.6131687242798354,0.7122557726465365,0.6131687242798354,0.6131687242798354,0.6131687242798354,0.7122557726465365,0.7122557726465365,0.7122557726465365
MWI,Malawi,Sub-Saharan Africa,Africa,2019,0.18858333333333333,0.2820833333333333,0.43291666666666667,0.5853333333333333,0.5020833333333333,0.7255833333333332,0.6685370261158375,0.7396005615977911,0.6685370261158375,0.6685376661742984,0.6685376661742984,0.7396005615977911,0.7396070615034169,0.7396070615034169
MWI,Malawi,Sub-Saharan Africa,Africa,2020,0.21824999999999997,0.30924999999999997,0.45825000000000005,0.5995833333333332,0.5325833333333333,0.7439166666666667,0.7057361418277304,0.7642798293413872,0.7057361418277304,0.7057396928051738,0.7057396928051738,0.7642798293413872,0.7642807505211955,0.7642807505211955
MWI,Malawi,Sub-Saharan Africa,Africa,2021,0.23416666666666666,0.33066666666666666,0.4726666666666666,0.6168333333333333,0.5417500000000001,0.7479166666666667,0.7081552661156995,0.7662639537114009,0.7081552661156995,0.7081653225806451,0.7081653225806451,0.7662639537114009,0.7662793839502836,0.7662793839502836
MWI,Malawi,Sub-Saharan Africa,Africa,2022,0.2609166666666667,0.35925,0.49491666666666667,0.6344166666666667,0.5656666666666667,0.761,0.7262836515130826,0.7801057850266209,0.7262836515130826,0.7262816051960103,0.7262816051960103,0.7801057850266209,0.7801129646657033,0.7801129646657033
MWI,Malawi,Sub-Saharan Africa,Africa,2023,0.2856666666666667,0.3841666666666667,0.5091666666666667,0.6445,0.5822499999999999,0.77,0.7435807878192917,0.7899800070964457,0.7435807878192917,0.7436008676789587,0.7436008676789587,0.7899800070964457,0.7900181018877683,0.7900181018877683
MWI,Malawi,Sub-Saharan Africa,Africa,2024,0.33316666666666667,0.4355,0.5573333333333333,0.6796666666666668,0.63375,0.8001666666666667,0.7649726214999374,0.8199367093709761,0.7649726214999374,0.7650210486031381,0.7650210486031381,0.8199367093709761,0.8200098087297694,0.8200098087297694
MWI,Malawi,Sub-Saharan Africa,Africa,2025,0.3794166666666667,0.48524999999999996,0.602,0.7118333333333333,0.6818333333333334,0.8286666666666666,0.7818947266511294,0.8456831093737676,0.7818947266511294,0.7818993645887001,0.7818993645887001,0.8456831093737676,0.8457035822992274,0.8457035822992274
MWI,Malawi,Sub-Saharan Africa,Africa,2026,0.414,0.5216000000000001,0.6296,0.7316,0.7114,0.8455999999999999,0.7937123568733867,0.8605794891345788,0.7937123568733867,0.7937116564417177,0.7937116564417177,0.8605794891345788,0.8605795516675779,0.8605795516675779
MYS,Malaysia,East Asia & Pacific,Asia,2015,0.762,0.811,0.948,0.949,0.962,1.0,0.939580764488286,0.9989462592202318,0.939580764488286,0.939580764488286,0.939580764488286,0.9989462592202318,0.9989462592202318,0.9989462592202318
MYS,Malaysia,East Asia & Pacific,Asia,2016,0.776,0.822,0.942,0.945,0.962,1.0,0.9440389294403894,0.9968253968253968,0.9440389294403894,0.9440389294403894,0.9440389294403894,0.9968253968253968,0.9968253968253968,0.9968253968253968
MYS,Malaysia,East Asia & Pacific,Asia,2017,0.793,0.835,0.943,0.944,0.967,1.0,0.9497005988023953,0.9989406779661016,0.9497005988023953,0.9497005988023953,0.9497005988023953,0.9989406779661016,0.9989406779661016,0.9989406779661016
MYS,Malaysia,East Asia & Pacific,Asia,2018,0.816,0.853,0.951,0.947,0.978,1.0,0.9566236811254396,1.0042238648363253,0.9566236811254396,0.9566236811254396,0.9566236811254396,1.0,1.0042238648363253,1.0
MYS,Malaysia,East Asia & Pacific,Asia,2019,0.8464999999999999,0.8873333333333333,0.9723333333333333,0.96575,0.9925833333333333,1.0,0.9540243209494736,1.0068057145458686,0.9540243209494736,0.9539819684447783,0.9539819684447783,1.0,1.006816809043058,1.0
MYS,Malaysia,East Asia & Pacific,Asia,2020,0.8464166666666667,0.8744166666666667,0.9445833333333334,0.9326666666666666,0.9923333333333333,1.0,0.9680372748164038,1.0127895071455992,0.9680372748164038,0.9679786524349566,0.9679786524349566,1.0,1.0127769835596856,1.0
MYS,Malaysia,East Asia & Pacific,Asia,2021,0.8441666666666666,0.8736666666666667,0.9351666666666668,0.9328333333333334,0.9775833333333334,1.0,0.9662333429809121,1.0025014681822293,0.9662333429809121,0.9662342617321632,0.9662342617321632,1.0,1.0025013400035734,1.0
MYS,Malaysia,East Asia & Pacific,Asia,2022,0.8665833333333333,0.89,0.9374166666666667,0.932,0.98575,1.0,0.973704596481683,1.0058114530084061,0.973704596481683,0.973689138576779,0.973689138576779,1.0,1.0058118741058655,1.0
MYS,Malaysia,East Asia & Pacific,Asia,2023,0.8721666666666666,0.8984166666666668,0.9425833333333333,0.9388333333333333,0.9891666666666666,1.0,0.9707651466510191,1.0039957111957496,0.9707651466510191,0.9707819311752155,0.9707819311752155,1.0,1.0039943191904848,1.0
MYS,Malaysia,East Asia & Pacific,Asia,2024,0.9293333333333335,0.961,0.9820833333333333,0.9714999999999999,0.9999166666666667,1.0,0.9670581617024029,1.0108816369784737,0.9670581617024029,0.96704821366632,0.96704821366632,1.0,1.0108938068279294,1.0
MYS,Malaysia,East Asia & Pacific,Asia,2025,0.95725,0.99275,0.9979166666666667,0.9894166666666666,1.0,1.0,0.9642386102809276,1.008592893133266,0.9642386102809276,0.9642407454041804,0.9642407454041804,1.0,1.008590920576097,1.0
MYS,Malaysia,East Asia & Pacific,Asia,2026,0.9837999999999999,1.0,1.0,0.9996,1.0,1.0,0.9837999999999999,1.0004004004004003,0.9837999999999999,0.9837999999999999,0.9837999999999999,1.0,1.0004001600640255,1.0
NAM,Namibia,Sub-Saharan Africa,Africa,2015,0.472,0.518,0.79,0.798,0.855,0.96,0.9111969111969112,0.9899749373433584,0.9111969111969112,0.9111969111969112,0.9111969111969112,0.9899749373433584,0.9899749373433584,0.9899749373433584
NAM,Namibia,Sub-Saharan Africa,Africa,2016,0.513,0.547,0.803,0.79,0.891,0.982,0.9378427787934186,1.0164556962025317,0.9378427787934186,0.9378427787934186,0.9378427787934186,1.0,1.0164556962025317,1.0
NAM,Namibia,Sub-Saharan Africa,Africa,2017,0.528,0.568,0.815,0.813,0.885,0.976,0.9295774647887325,1.002460024600246,0.9295774647887325,0.9295774647887325,0.9295774647887325,1.0,1.002460024600246,1.0
NAM,Namibia,Sub-Saharan Africa,Africa,2018,0.562,0.596,0.832,0.817,0.91,0.992,0.9429530201342283,1.018359853121175,0.9429530201342283,0.9429530201342283,0.9429530201342283,1.0,1.018359853121175,1.0
NAM,Namibia,Sub-Saharan Africa,Africa,2019,0.57075,0.6064999999999999,0.8253333333333334,0.8156666666666667,0.9088333333333334,0.9876666666666667,0.9410581503039795,1.0118525768008788,0.9410581503039795,0.9410552349546579,0.9410552349546579,1.0,1.0118512464241929,1.0
NAM,Namibia,Sub-Saharan Africa,Africa,2020,0.5871666666666666,0.6204999999999999,0.8212499999999999,0.8069166666666666,0.9209166666666667,0.9929166666666666,0.9462907741369597,1.0177663885849264,0.9462907741369597,0.94627988181574,0.94627988181574,1.0,1.0177630899514614,1.0
NAM,Namibia,Sub-Saharan Africa,Africa,2021,0.5974166666666666,0.6320833333333333,0.8386666666666667,0.8205833333333333,0.9289166666666667,0.9996666666666667,0.9451556658642289,1.0220376361756676,0.9451556658642289,0.9451549110085694,0.9451549110085694,1.0,1.0220371686808165,1.0
NAM,Namibia,Sub-Saharan Africa,Africa,2022,0.6130833333333333,0.6476666666666667,0.8464999999999999,0.8264166666666667,0.93725,1.0,0.9466033430338059,1.0243017636214407,0.9466033430338059,0.9466031909418424,0.9466031909418424,1.0,1.0243017041443985,1.0
NAM,Namibia,Sub-Saharan Africa,Africa,2023,0.6340833333333333,0.6680833333333335,0.8541666666666666,0.8315833333333332,0.947,1.0,0.9491080415237091,1.0271571698833657,0.9491080415237091,0.9491081451914679,0.9491081451914679,1.0,1.0271570297625012,1.0
NAM,Namibia,Sub-Saharan Africa,Africa,2024,0.65425,0.6864166666666667,0.8605,0.835,0.95775,1.0,0.9531405650130318,1.0305401082677792,0.9531405650130318,0.9531382784994537,0.9531382784994537,1.0,1.0305389221556887,1.0
NAM,Namibia,Sub-Saharan Africa,Africa,2025,0.67925,0.7095833333333332,0.8690833333333333,0.8395,0.9704999999999999,1.0,0.9572543450589114,1.0352390781461072,0.9572543450589114,0.9572519083969467,0.9572519083969467,1.0,1.0352392297002184,1.0
NAM,Namibia,Sub-Saharan Africa,Africa,2026,0.707,0.7356,0.8785999999999999,0.8452,0.9833999999999999,1.0,0.9611202307009761,1.0395173947710774,0.9611202307009761,0.9611201740076127,0.9611201740076127,1.0,1.0395172740179839,1.0
NCL,New Caledonia,East Asia & Pacific,Oceania,2015,0.574,0.592,0.853,0.872,0.853,0.965,0.9695945945945945,0.9782110091743119,0.9695945945945945,0.9695945945945945,0.9695945945945945,0.9782110091743119,0.9782110091743119,0.9782110091743119
NCL,New Caledonia,East Asia & Pacific,Oceania,2016,0.601,0.62,0.866,0.882,0.865,0.971,0.9693548387096774,0.981859410430839,0.9693548387096774,0.9693548387096774,0.9693548387096774,0.981859410430839,0.981859410430839,0.981859410430839
NCL,New Caledonia,East Asia & Pacific,Oceania,2017,0.631,0.651,0.884,0.896,0.878,0.979,0.9692780337941628,0.9866071428571428,0.9692780337941628,0.9692780337941628,0.9692780337941628,0.9866071428571428,0.9866071428571428,0.9866071428571428
NCL,New Caledonia,East Asia & Pacific,Oceania,2018,0.659,0.681,0.902,0.914,0.888,0.984,0.9676945668135095,0.986870897155361,0.9676945668135095,0.9676945668135095,0.9676945668135095,0.986870897155361,0.986870897155361,0.986870897155361
NCL,New Caledonia,East Asia & Pacific,Oceania,2019,0.686,0.7094166666666667,0.9162500000000001,0.9236666666666666,0.9044166666666666,0.9919166666666667,0.9669904511887761,0.9919711245814761,0.9669904511887761,0.9669916598144015,0.9669916598144015,0.9919711245814761,0.99197040779502,0.99197040779502
NCL,New Caledonia,East Asia & Pacific,Oceania,2020,0.7129166666666666,0.7339166666666667,0.9256666666666667,0.9276666666666668,0.9175,0.9993333333333334,0.9713883017377668,0.9978454838006673,0.9713883017377668,0.9713863971840581,0.9713863971840581,0.9978454838006673,0.9978440531800216,0.9978440531800216
NCL,New Caledonia,East Asia & Pacific,Oceania,2021,0.7346666666666666,0.76025,0.9374166666666667,0.944,0.918,0.9988333333333334,0.9663552825341052,0.9930276539515949,0.9663552825341052,0.9663487887756219,0.9663487887756219,0.9930276539515949,0.9930261299435029,0.9930261299435029
NCL,New Caledonia,East Asia & Pacific,Oceania,2022,0.7606666666666667,0.7889166666666667,0.9498333333333333,0.9554999999999999,0.9282500000000001,1.0,0.9641926638278017,0.994069580839278,0.9641926638278017,0.9641914017112073,0.9641914017112073,0.994069580839278,0.9940694226408513,0.9940694226408513
NCL,New Caledonia,East Asia & Pacific,Oceania,2023,0.7693333333333333,0.8017500000000001,0.9626666666666667,0.9682499999999999,0.9389166666666666,1.0,0.9595327653699314,0.9942435841403041,0.9595327653699314,0.9595676125142916,0.9595676125142916,0.9942435841403041,0.9942335829245202,0.9942335829245202
NCL,New Caledonia,East Asia & Pacific,Oceania,2024,0.8025000000000001,0.83575,0.97575,0.97925,0.949,1.0,0.9602111384240654,0.9964272807626023,0.9602111384240654,0.9602153754113073,0.9602153754113073,0.9964272807626023,0.9964258360990554,0.9964258360990554
NCL,New Caledonia,East Asia & Pacific,Oceania,2025,0.8150833333333334,0.8486666666666666,0.9824999999999999,0.9845,0.9576666666666666,1.0,0.9604242962634042,0.99796918211417,0.9604242962634042,0.9604281225451691,0.9604281225451691,0.99796918211417,0.9979685119349923,0.9979685119349923
NCL,New Caledonia,East Asia & Pacific,Oceania,2026,0.8432000000000001,0.8754,0.991,0.9904,0.967,1.0,0.9632176857348164,1.0006062652854457,0.9632176857348164,0.9632168151702081,0.9632168151702081,1.0,1.000605815831987,1.0
NER,Niger,Sub-Saharan Africa,Africa,2015,0.0,0.0,0.233,0.562,0.136,0.509,0.0,0.41459074733096085,0.0,0.0,0.0,0.41459074733096085,0.41459074733096085,0.41459074733096085
NER,Niger,Sub-Saharan Africa,Africa,2016,0.0,0.018,0.237,0.577,0.13,0.502,0.0,0.4107452339688042,0.0,0.0,0.0,0.4107452339688042,0.4107452339688042,0.4107452339688042
NER,Niger,Sub-Saharan Africa,Africa,2017,0.0,0.031,0.235,0.597,0.111,0.486,0.0,0.3936348408710218,0.0,0.0,0.0,0.3936348408710218,0.3936348408710218,0.3936348408710218
NER,Niger,Sub-Saharan Africa,Africa,2018,0.0,0.082,0.278,0.597,0.181,0.532,0.0,0.46566164154103856,0.0,0.0,0.0,0.46566164154103856,0.46566164154103856,0.46566164154103856
NER,Niger,Sub-Saharan Africa,Africa,2019,0.0,0.13225,0.3154166666666667,0.5826666666666666,0.26008333333333333,0.5835833333333332,0.0,0.5413093116046614,0.0,0.0,0.0,0.5413093116046614,0.5413329519450802,0.5413329519450802
NER,Niger,Sub-Saharan Africa,Africa,2020,0.0,0.13883333333333334,0.31,0.6054166666666666,0.2333333333333333,0.5623333333333334,0.0,0.51203334577731,0.0,0.0,0.0,0.51203334577731,0.5120440467997247,0.5120440467997247
NER,Niger,Sub-Saharan Africa,Africa,2021,0.0,0.165,0.33025,0.6170833333333333,0.2564166666666667,0.5761666666666666,0.0,0.5351714880627753,0.0,0.0,0.0,0.5351714880627753,0.5351789331532748,0.5351789331532748
NER,Niger,Sub-Saharan Africa,Africa,2022,0.01875,0.19108333333333336,0.3413333333333333,0.6224999999999999,0.2734166666666667,0.58475,0.09795482943207727,0.5483096205020156,0.09795482943207727,0.09812472743131267,0.09812472743131267,0.5483096205020156,0.548326639892905,0.548326639892905
NER,Niger,Sub-Saharan Africa,Africa,2023,0.035916666666666666,0.2065,0.3443333333333333,0.6235833333333333,0.2798333333333333,0.5874166666666666,0.1735957582771577,0.5521394993438244,0.1735957582771577,0.17393058918482648,0.17393058918482648,0.5521394993438244,0.5521849525591341,0.5521849525591341
NER,Niger,Sub-Saharan Africa,Africa,2024,0.06341666666666666,0.23558333333333334,0.36466666666666664,0.6388333333333334,0.30233333333333334,0.5998333333333333,0.26907619912126995,0.5708104875254695,0.26907619912126995,0.26918995401485674,0.26918995401485674,0.5708104875254695,0.5708322462822853,0.5708322462822853
NER,Niger,Sub-Saharan Africa,Africa,2025,0.09125,0.26466666666666666,0.3854166666666667,0.6541666666666667,0.3244166666666667,0.61225,0.3447123110126505,0.5891573910855885,0.3447123110126505,0.34477329974811083,0.34477329974811083,0.5891573910855885,0.589171974522293,0.589171974522293
NER,Niger,Sub-Saharan Africa,Africa,2026,0.11979999999999999,0.2948,0.4062,0.6702,0.34659999999999996,0.6244,0.40636846920222824,0.6060837075740952,0.40636846920222824,0.40637720488466755,0.40637720488466755,0.6060837075740952,0.6060877350044762,0.6060877350044762
NGA,Nigeria,Sub-Saharan Africa,Africa,2015,0.143,0.294,0.562,0.771,0.467,0.714,0.48639455782312924,0.7289234760051881,0.48639455782312924,0.48639455782312924,0.48639455782312924,0.7289234760051881,0.7289234760051881,0.7289234760051881
NGA,Nigeria,Sub-Saharan Africa,Africa,2016,0.163,0.312,0.559,0.766,0.485,0.721,0.5224358974358975,0.7297650130548303,0.5224358974358975,0.5224358974358975,0.5224358974358975,0.7297650130548303,0.7297650130548303,0.7297650130548303
NGA,Nigeria,Sub-Saharan Africa,Africa,2017,0.198,0.34,0.575,0.765,0.521,0.742,0.5823529411764706,0.7516339869281045,0.5823529411764706,0.5823529411764706,0.5823529411764706,0.7516339869281045,0.7516339869281045,0.7516339869281045
NGA,Nigeria,Sub-Saharan Africa,Africa,2018,0.219,0.366,0.593,0.786,0.532,0.747,0.5983606557377049,0.7544529262086513,0.5983606557377049,0.5983606557377049,0.5983606557377049,0.7544529262086513,0.7544529262086513,0.7544529262086513
NGA,Nigeria,Sub-Saharan Africa,Africa,2019,0.23175,0.39083333333333337,0.6049166666666667,0.8154166666666667,0.52625,0.7388333333333333,0.5929235335558668,0.7418381223971579,0.5929235335558668,0.5929637526652451,0.5929637526652451,0.7418381223971579,0.7418497700562084,0.7418497700562084
NGA,Nigeria,Sub-Saharan Africa,Africa,2020,0.2935,0.43324999999999997,0.63575,0.8060833333333334,0.5963333333333333,0.783,0.6774126041403887,0.7886797529946424,0.6774126041403887,0.6774379688401616,0.6774379688401616,0.7886797529946424,0.7886901685102864,0.7886901685102864
NGA,Nigeria,Sub-Saharan Africa,Africa,2021,0.3359166666666667,0.4673333333333334,0.6600833333333334,0.8110833333333334,0.6375000000000001,0.8078333333333334,0.7188016210682099,0.8138318606980759,0.7188016210682099,0.7187945791726106,0.7187945791726106,0.8138318606980759,0.8138292407274221,0.8138292407274221
NGA,Nigeria,Sub-Saharan Africa,Africa,2022,0.36341666666666667,0.48574999999999996,0.6698333333333334,0.80825,0.663,0.8220833333333334,0.7481540731102166,0.8287397826824572,0.7481540731102166,0.7481557728598388,0.7481557728598388,0.8287397826824572,0.8287452314671616,0.8287452314671616
NGA,Nigeria,Sub-Saharan Africa,Africa,2023,0.38358333333333333,0.5045000000000001,0.6773333333333333,0.8128333333333333,0.6744166666666667,0.8275833333333332,0.7602928958393779,0.8332685850554747,0.7602928958393779,0.7603237528906507,0.7603237528906507,0.8332685850554747,0.8332991593192537,0.8332991593192537
NGA,Nigeria,Sub-Saharan Africa,Africa,2024,0.43333333333333335,0.5561666666666667,0.7169166666666666,0.8409166666666666,0.7169166666666666,0.8531666666666666,0.7791239703748274,0.8525172650006528,0.7791239703748274,0.7791429427629607,0.7791429427629607,0.8525172650006528,0.8525418689921712,0.8525418689921712
NGA,Nigeria,Sub-Saharan Africa,Africa,2025,0.45508333333333334,0.5730833333333333,0.7265,0.8426666666666667,0.7389166666666666,0.8649166666666667,0.7941258588209403,0.8621475783888021,0.7941258588209403,0.7940962629053367,0.7940962629053367,0.8621475783888021,0.8621439873417722,0.8621439873417722
NGA,Nigeria,Sub-Saharan Africa,Africa,2026,0.477,0.5972,0.7348,0.8516,0.7424,0.8661999999999999,0.798728530389167,0.8628467010808045,0.798728530389167,0.7987273945077027,0.7987273945077027,0.8628467010808045,0.8628464067637388,0.8628464067637388
NIC,Nicaragua,Latin America & Caribbean,North America,2015,0.427,0.487,0.703,0.753,0.805,0.915,0.8767967145790554,0.9335989375830013,0.8767967145790554,0.8767967145790554,0.8767967145790554,0.9335989375830013,0.9335989375830013,0.9335989375830013
NIC,Nicaragua,Latin America & Caribbean,North America,2016,0.456,0.516,0.714,0.763,0.815,0.92,0.8837209302325582,0.9357798165137614,0.8837209302325582,0.8837209302325582,0.8837209302325582,0.9357798165137614,0.9357798165137614,0.9357798165137614
NIC,Nicaragua,Latin America & Caribbean,North America,2017,0.487,0.546,0.725,0.773,0.827,0.925,0.8919413919413919,0.9379042690815006,0.8919413919413919,0.8919413919413919,0.8919413919413919,0.9379042690815006,0.9379042690815006,0.9379042690815006
NIC,Nicaragua,Latin America & Caribbean,North America,2018,0.511,0.57,0.73,0.776,0.837,0.929,0.8964912280701756,0.9407216494845361,0.8964912280701756,0.8964912280701756,0.8964912280701756,0.9407216494845361,0.9407216494845361,0.9407216494845361
NIC,Nicaragua,Latin America & Caribbean,North America,2019,0.538,0.5932499999999999,0.7358333333333333,0.77625,0.8525,0.9373333333333332,0.9068742238040327,0.947932078835668,0.9068742238040327,0.9068689422671725,0.9068689422671725,0.947932078835668,0.9479334406870639,0.9479334406870639
NIC,Nicaragua,Latin America & Caribbean,North America,2020,0.5672499999999999,0.6233333333333334,0.7535,0.7879999999999999,0.8694166666666666,0.9482499999999999,0.910081656374674,0.9562176484060503,0.910081656374674,0.9100267379679142,0.9100267379679142,0.9562176484060503,0.9562182741116751,0.9562182741116751
NIC,Nicaragua,Latin America & Caribbean,North America,2021,0.6185833333333334,0.6734166666666667,0.779,0.8079166666666667,0.89125,0.9605833333333332,0.9186285912818187,0.964206987866031,0.9186285912818187,0.918574433857196,0.918574433857196,0.964206987866031,0.9642083548220732,0.9642083548220732
NIC,Nicaragua,Latin America & Caribbean,North America,2022,0.65075,0.7030833333333333,0.7935,0.8184999999999999,0.9048333333333334,0.9683333333333333,0.925591611153299,0.9694550867903677,0.925591611153299,0.9255659594642647,0.9255659594642647,0.9694550867903677,0.969456322541234,0.969456322541234
NIC,Nicaragua,Latin America & Caribbean,North America,2023,0.6558333333333334,0.7065,0.7906666666666666,0.8158333333333333,0.9065,0.9673333333333334,0.9282868640616644,0.969133491340081,0.9282868640616644,0.9282849728709601,0.9282849728709601,0.969133491340081,0.9691521961184882,0.9691521961184882
NIC,Nicaragua,Latin America & Caribbean,North America,2024,0.7140833333333333,0.7650833333333334,0.8214166666666666,0.838,0.9353333333333333,0.9855833333333334,0.9333482209522574,0.9801975978044499,0.9333482209522574,0.9333405947064588,0.9333405947064588,0.9801975978044499,0.9802108194112966,0.9802108194112966
NIC,Nicaragua,Latin America & Caribbean,North America,2025,0.7426666666666666,0.7905833333333333,0.8290833333333333,0.8409166666666666,0.9481666666666667,0.9929166666666666,0.939399035724693,0.9859169954233867,0.939399035724693,0.9393907452303151,0.9393907452303151,0.9859169954233867,0.9859280547022099,0.9859280547022099
NIC,Nicaragua,Latin America & Caribbean,North America,2026,0.7714000000000001,0.8166,0.8375999999999999,0.8448,0.9612,0.9992000000000001,0.9446602456062653,0.9914772979603151,0.9446602456062653,0.9446485427381828,0.9446485427381828,0.9914772979603151,0.9914772727272726,0.9914772727272726
NIU,Niue,East Asia & Pacific,Oceania,2015,0.431,0.309,0.457,0.444,0.756,0.893,1.3948220064724919,1.0292792792792793,1.0,1.3948220064724919,1.0,1.0,1.0292792792792793,1.0
NIU,Niue,East Asia & Pacific,Oceania,2016,0.48,0.376,0.497,0.492,0.756,0.893,1.276595744680851,1.0101626016260163,1.0,1.276595744680851,1.0,1.0,1.0101626016260163,1.0
NIU,Niue,East Asia & Pacific,Oceania,2017,0.543,0.462,0.558,0.559,0.77,0.903,1.1753246753246753,0.998211091234347,1.0,1.1753246753246753,1.0,0.998211091234347,0.998211091234347,0.998211091234347
NIU,Niue,East Asia & Pacific,Oceania,2018,0.589,0.521,0.598,0.601,0.784,0.912,1.130518234165067,0.9950083194675541,1.0,1.130518234165067,1.0,0.9950083194675541,0.9950083194675541,0.9950083194675541
NIU,Niue,East Asia & Pacific,Oceania,2019,0.5395,0.40641666666666665,0.5335,0.48608333333333337,0.8605833333333334,0.9460833333333333,1.3514163176326865,1.1061969502884974,1.0,1.3274554029116261,1.0,1.0,1.0975484313389334,1.0
NIU,Niue,East Asia & Pacific,Oceania,2020,0.7480833333333333,0.7120000000000001,0.8186666666666667,0.7704166666666666,0.9599166666666666,0.9907499999999999,1.100753788944098,1.081188973580804,1.0,1.0506788389513106,1.0,1.0,1.0626284478096268,1.0
NIU,Niue,East Asia & Pacific,Oceania,2021,0.7228333333333333,0.6625833333333334,0.7208333333333333,0.69875,0.908,0.9668333333333333,1.1406168508950698,1.0423181102492187,1.0,1.0909319582442458,1.0,1.0,1.0316040548598688,1.0
NIU,Niue,East Asia & Pacific,Oceania,2022,0.9107500000000001,0.9599166666666666,1.0,0.9886666666666667,1.0,1.0,0.9487808483802932,1.0114657142430878,0.9487808483802932,0.9487802760656308,0.9487802760656308,1.0,1.0114632501685772,1.0
NIU,Niue,East Asia & Pacific,Oceania,2023,0.9309166666666667,0.9799166666666667,1.0,0.9948333333333333,1.0,1.0,0.9499957439564182,1.005193640907421,0.9499957439564182,0.9499957479377499,0.9499957479377499,1.0,1.0051934997487015,1.0
NIU,Niue,East Asia & Pacific,Oceania,2024,0.951,0.999,1.0,1.0,1.0,1.0,0.9519519519519518,1.0,0.9519519519519518,0.9519519519519519,0.9519519519519519,1.0,1.0,1.0
NIU,Niue,East Asia & Pacific,Oceania,2025,0.971,1.0,1.0,1.0,1.0,1.0,0.971,1.0,0.971,0.971,0.971,1.0,1.0,1.0
NIU,Niue,East Asia & Pacific,Oceania,2026,0.99,1.0,1.0,1.0,1.0,1.0,0.99,1.0,0.99,0.99,0.99,1.0,1.0,1.0
NLD,Netherlands,Europe & Central Asia,Europe,2015,0.813,0.829,0.943,0.97,0.919,0.984,0.9806996381182147,0.9721649484536082,0.9806996381182147,0.9806996381182147,0.9806996381182147,0.9721649484536082,0.9721649484536082,0.9721649484536082
NLD,Netherlands,Europe & Central Asia,Europe,2016,0.83,0.843,0.948,0.972,0.929,0.988,0.9845788849347568,0.9753086419753086,0.9845788849347568,0.9845788849347568,0.9845788849347568,0.9753086419753086,0.9753086419753086,0.9753086419753086
NLD,Netherlands,Europe & Central Asia,Europe,2017,0.848,0.86,0.955,0.978,0.938,0.992,0.986046511627907,0.976482617586912,0.986046511627907,0.986046511627907,0.986046511627907,0.976482617586912,0.976482617586912,0.976482617586912
NLD,Netherlands,Europe & Central Asia,Europe,2018,0.869,0.879,0.966,0.986,0.949,0.998,0.9886234357224118,0.9797160243407708,0.9886234357224118,0.9886234357224118,0.9886234357224118,0.9797160243407708,0.9797160243407708,0.9797160243407708
NLD,Netherlands,Europe & Central Asia,Europe,2019,0.88925,0.89875,0.9736666666666666,0.991,0.9605,1.0,0.9894443847410526,0.9825137259314088,0.9894443847410526,0.9894297635605006,0.9894297635605006,0.9825137259314088,0.9825092499159097,0.9825092499159097
NLD,Netherlands,Europe & Central Asia,Europe,2020,0.9025,0.9073333333333333,0.9770833333333333,0.9873333333333333,0.9748333333333333,1.0,0.9946736987639442,0.9896189150260742,0.9946736987639442,0.9946730345334313,0.9946730345334313,0.9896189150260742,0.9896185010128292,0.9896185010128292
NLD,Netherlands,Europe & Central Asia,Europe,2021,0.9305833333333333,0.9321666666666667,0.9925833333333333,0.9979999999999999,0.9888333333333333,1.0,0.9983030607793126,0.9945737129032276,0.9983030607793126,0.99830144823887,0.99830144823887,0.9945737129032276,0.9945724782899132,0.9945724782899132
NLD,Netherlands,Europe & Central Asia,Europe,2022,0.9476666666666667,0.94475,0.9920833333333333,0.9934166666666666,0.9999166666666667,1.0,1.0030886830975714,0.9986586170182762,1.0,1.0030872364823145,1.0,0.9986586170182762,0.9986578307188995,0.9986578307188995
NLD,Netherlands,Europe & Central Asia,Europe,2023,0.956,0.9565833333333332,0.9993333333333334,0.9984999999999999,1.0,1.0,0.9993792132072322,1.000836344374489,0.9993792132072322,0.9993901907831694,0.9993901907831694,1.0,1.0008345852111502,1.0
NLD,Netherlands,Europe & Central Asia,Europe,2024,0.9849166666666666,0.9834166666666667,1.0,1.0,1.0,1.0,1.0015206582033371,1.0,1.0,1.0015252944665705,1.0,1.0,1.0,1.0
NLD,Netherlands,Europe & Central Asia,Europe,2025,0.9984166666666666,0.9994166666666667,1.0,1.0,1.0,1.0,0.9989977437316956,1.0,0.9989977437316956,0.9989994163261902,0.9989994163261902,1.0,1.0,1.0
NLD,Netherlands,Europe & Central Asia,Europe,2026,1.0,1.0,1.0,1.0,1.0,1.0,1.0,1.0,1.0,1.0,1.0,1.0,1.0,1.0
NOR,Norway,Europe & Central Asia,Europe,2015,0.907,0.91,1.0,1.0,0.976,1.0,0.9967032967032967,1.0,0.9967032967032967,0.9967032967032967,0.9967032967032967,1.0,1.0,1.0
NOR,Norway,Europe & Central Asia,Europe,2016,0.922,0.922,1.0,1.0,0.982,1.0,1.0,1.0,1.0,1.0,1.0,1.0,1.0,1.0
NOR,Norway,Europe & Central Asia,Europe,2017,0.941,0.94,1.0,1.0,0.989,1.0,1.001063829787234,1.0,1.0,1.001063829787234,1.0,1.0,1.0,1.0
NOR,Norway,Europe & Central Asia,Europe,2018,0.962,0.958,1.0,1.0,1.0,1.0,1.0041753653444676,1.0,1.0,1.0041753653444676,1.0,1.0,1.0,1.0
NOR,Norway,Europe & Central Asia,Europe,2019,0.97625,0.9704999999999999,1.0,1.0,1.0,1.0,1.0059495038524964,1.0,1.0,1.0059247810407006,1.0,1.0,1.0,1.0
NOR,Norway,Europe & Central Asia,Europe,2020,0.9871666666666666,0.9761666666666667,1.0,1.0,1.0,1.0,1.0112685691673517,1.0,1.0,1.011268567526037,1.0,1.0,1.0,1.0
NOR,Norway,Europe & Central Asia,Europe,2021,1.0,1.0,1.0,1.0,1.0,1.0,1.0,1.0,1.0,1.0,1.0,1.0,1.0,1.0
NOR,Norway,Europe & Central Asia,Europe,2022,1.0,1.0,1.0,1.0,1.0,1.0,1.0,1.0,1.0,1.0,1.0,1.0,1.0,1.0
NOR,Norway,Europe & Central Asia,Europe,2023,1.0,1.0,1.0,1.0,1.0,1.0,1.0,1.0,1.0,1.0,1.0,1.0,1.0,1.0
NOR,Norway,Europe & Central Asia,Europe,2024,1.0,1.0,1.0,1.0,1.0,1.0,1.0,1.0,1.0,1.0,1.0,1.0,1.0,1.0
NOR,Norway,Europe & Central Asia,Europe,2025,1.0,1.0,1.0,1.0,1.0,1.0,1.0,1.0,1.0,1.0,1.0,1.0,1.0,1.0
NOR,Norway,Europe & Central Asia,Europe,2026,1.0,1.0,1.0,1.0,1.0,1.0,1.0,1.0,1.0,1.0,1.0,1.0,1.0,1.0
NPL,Nepal,South Asia,Asia,2015,0.327,0.466,0.679,0.802,0.687,0.843,0.7017167381974249,0.8466334164588529,0.7017167381974249,0.7017167381974249,0.7017167381974249,0.8466334164588529,0.8466334164588529,0.8466334164588529
NPL,Nepal,South Asia,Asia,2016,0.347,0.492,0.69,0.821,0.692,0.842,0.7052845528455284,0.8404384896467723,0.7052845528455284,0.7052845528455284,0.7052845528455284,0.8404384896467723,0.8404384896467723,0.8404384896467723
NPL,Nepal,South Asia,Asia,2017,0.352,0.518,0.703,0.865,0.67,0.824,0.6795366795366795,0.8127167630057803,0.6795366795366795,0.6795366795366795,0.6795366795366795,0.8127167630057803,0.8127167630057803,0.8127167630057803
NPL,Nepal,South Asia,Asia,2018,0.414,0.572,0.748,0.886,0.723,0.858,0.7237762237762237,0.8442437923250564,0.7237762237762237,0.7237762237762237,0.7237762237762237,0.8442437923250564,0.8442437923250564,0.8442437923250564
NPL,Nepal,South Asia,Asia,2019,0.4595833333333333,0.6141666666666666,0.7735,0.8999166666666666,0.7561666666666667,0.8765000000000001,0.7483132389555455,0.8594958186223328,0.7483132389555455,0.748303934871099,0.748303934871099,0.8594958186223328,0.8595240300027781,0.8595240300027781
NPL,Nepal,South Asia,Asia,2020,0.47125,0.6235,0.7727499999999999,0.8969166666666667,0.765,0.8802500000000001,0.7557940781735978,0.8615408569447364,0.7557940781735978,0.755813953488372,0.755813953488372,0.8615408569447364,0.8615627613119018,0.8615627613119018
NPL,Nepal,South Asia,Asia,2021,0.5099166666666667,0.6629166666666667,0.8049166666666667,0.9208333333333334,0.7955833333333334,0.8991666666666668,0.7691853650731577,0.8741041278604814,0.7691853650731577,0.7692017598994343,0.7692017598994343,0.8741041278604814,0.8741176470588236,0.8741176470588236
NPL,Nepal,South Asia,Asia,2022,0.5441666666666667,0.6894166666666667,0.8145833333333333,0.9228333333333333,0.8145833333333333,0.9093333333333334,0.7893274221592198,0.8826848693721403,0.7893274221592198,0.7893146379789677,0.7893146379789677,0.8826848693721403,0.8826982120281741,0.8826982120281741
NPL,Nepal,South Asia,Asia,2023,0.5453333333333333,0.6831666666666667,0.79575,0.9044166666666666,0.8069999999999999,0.9025833333333333,0.7981961068808806,0.8796815395721796,0.7981961068808806,0.7982434740180532,0.7982434740180532,0.8796815395721796,0.8798488897079149,0.8798488897079149
NPL,Nepal,South Asia,Asia,2024,0.6126666666666667,0.7559166666666667,0.8545833333333333,0.9485,0.8642500000000001,0.9380833333333333,0.8104759581237208,0.9008814879304254,0.8104759581237208,0.8104949840149929,0.8104949840149929,0.9008814879304254,0.9009840098400983,0.9009840098400983
NPL,Nepal,South Asia,Asia,2025,0.6404166666666667,0.7819166666666667,0.8668333333333332,0.9554166666666667,0.88125,0.9473333333333334,0.8190248572289255,0.9072369664464572,0.8190248572289255,0.8190344239582223,0.8190344239582223,0.9072369664464572,0.9072830353249017,0.9072830353249017
NPL,Nepal,South Asia,Asia,2026,0.6626000000000001,0.8046,0.8774000000000001,0.9635999999999999,0.8926000000000001,0.953,0.823452595767052,0.9104645505974052,0.823452595767052,0.8235147899577431,0.8235147899577431,0.9104645505974052,0.9105437941054381,0.9105437941054381
NRU,Nauru,East Asia & Pacific,Oceania,2015,0.607,0.645,0.871,0.859,0.913,1.0,0.9410852713178294,1.0139697322467986,0.9410852713178294,0.9410852713178294,0.9410852713178294,1.0,1.0139697322467986,1.0
NRU,Nauru,East Asia & Pacific,Oceania,2016,0.648,0.68,0.887,0.866,0.933,1.0,0.9529411764705882,1.0242494226327945,0.9529411764705882,0.9529411764705882,0.9529411764705882,1.0,1.0242494226327945,1.0
NRU,Nauru,East Asia & Pacific,Oceania,2017,0.686,0.711,0.901,0.872,0.951,1.0,0.9648382559774966,1.033256880733945,0.9648382559774966,0.9648382559774966,0.9648382559774966,1.0,1.033256880733945,1.0
NRU,Nauru,East Asia & Pacific,Oceania,2018,0.723,0.744,0.922,0.883,0.97,1.0,0.9717741935483871,1.044167610419026,0.9717741935483871,0.9717741935483871,0.9717741935483871,1.0,1.044167610419026,1.0
NRU,Nauru,East Asia & Pacific,Oceania,2019,0.7568333333333334,0.7715000000000001,0.9305,0.8825,0.9926666666666666,1.0,0.9810134079334466,1.0543935699265556,0.9810134079334466,0.9809894145603801,0.9809894145603801,1.0,1.0543909348441927,1.0
NRU,Nauru,East Asia & Pacific,Oceania,2020,0.8152499999999999,0.8129166666666666,0.9421666666666666,0.8710833333333333,1.0,1.0,1.0028959613263015,1.0816270060752546,1.0,1.0028703229113274,1.0,1.0,1.0816033674543193,1.0
NRU,Nauru,East Asia & Pacific,Oceania,2021,0.8519166666666665,0.8422499999999999,0.9493333333333333,0.87325,1.0,1.0,1.011481403433369,1.0871266103662849,1.0,1.0114771940239438,1.0,1.0,1.0871266342208226,1.0
NRU,Nauru,East Asia & Pacific,Oceania,2022,0.8895,0.8813333333333334,0.9725833333333332,0.8921666666666667,1.0,1.0,1.0092862173343595,1.0901364501767858,1.0,1.0092662632375187,1.0,1.0,1.0901363721277788,1.0
NRU,Nauru,East Asia & Pacific,Oceania,2023,0.8814166666666666,0.8705833333333333,0.9621666666666666,0.8823333333333334,1.0,1.0,1.0125252736316728,1.0904682708363314,1.0,1.012443763759931,1.0,1.0,1.090479788439743,1.0
NRU,Nauru,East Asia & Pacific,Oceania,2024,0.92225,0.9039166666666666,0.9634999999999999,0.878,1.0,1.0,1.02029303248122,1.0973704689123043,1.0,1.0202821056513323,1.0,1.0,1.0973804100227789,1.0
NRU,Nauru,East Asia & Pacific,Oceania,2025,0.9413333333333332,0.9205,0.9666666666666667,0.87875,1.0,1.0,1.0225407970650313,1.100015537922394,1.0,1.0226326271953647,1.0,1.0,1.1000474158368896,1.0
NRU,Nauru,East Asia & Pacific,Oceania,2026,1.0,1.0,0.994,0.8934000000000001,1.0,1.0,1.0,1.1126061355564254,1.0,1.0,1.0,1.0,1.1126035370494738,1.0
NZL,New Zealand,East Asia & Pacific,Oceania,2015,0.798,0.787,0.895,0.906,0.929,0.988,1.013977128335451,0.987858719646799,1.0,1.013977128335451,1.0,0.987858719646799,0.987858719646799,0.987858719646799
NZL,New Zealand,East Asia & Pacific,Oceania,2016,0.831,0.815,0.912,0.911,0.951,1.0,1.019631901840491,1.0010976948408343,1.0,1.019631901840491,1.0,1.0,1.0010976948408343,1.0
NZL,New Zealand,East Asia & Pacific,Oceania,2017,0.85,0.836,0.923,0.925,0.955,1.0,1.0167464114832536,0.9978378378378379,1.0,1.0167464114832536,1.0,0.9978378378378379,0.9978378378378379,0.9978378378378379
NZL,New Zealand,East Asia & Pacific,Oceania,2018,0.883,0.864,0.939,0.929,0.978,1.0,1.0219907407407407,1.0107642626480084,1.0,1.0219907407407407,1.0,1.0,1.0107642626480084,1.0
NZL,New Zealand,East Asia & Pacific,Oceania,2019,0.8945,0.8817499999999999,0.9395833333333333,0.9389166666666666,0.9713333333333333,1.0,1.014511580954755,1.0007320693425839,1.0,1.0144598809186278,1.0,1.0,1.0007100381645513,1.0
NZL,New Zealand,East Asia & Pacific,Oceania,2020,0.9179166666666667,0.9077500000000001,0.9536666666666666,0.9503333333333334,0.9824999999999999,1.0,1.0112553929313486,1.0035264504268866,1.0,1.0111998531166804,1.0,1.0,1.0035075412136092,1.0
NZL,New Zealand,East Asia & Pacific,Oceania,2021,0.9483333333333333,0.9402499999999999,0.9791666666666666,0.9736666666666666,0.9939166666666667,1.0,1.008608337406637,1.0056541681136313,1.0,1.0085970043428165,1.0,1.0,1.0056487504279357,1.0
NZL,New Zealand,East Asia & Pacific,Oceania,2022,0.9669166666666666,0.9516666666666667,0.9740833333333333,0.9645,1.0,1.0,1.0160609353578953,1.0099550399414163,1.0,1.0160245183887915,1.0,1.0,1.009936063590807,1.0
NZL,New Zealand,East Asia & Pacific,Oceania,2023,0.98425,0.9770833333333333,0.9941666666666666,0.98625,1.0,1.0,1.0073225138724131,1.0080421969464346,1.0,1.0073347547974414,1.0,1.0,1.0080270384452894,1.0
NZL,New Zealand,East Asia & Pacific,Oceania,2024,1.0,0.9998333333333332,1.0,0.9907499999999999,1.0,1.0,1.0001670006680026,1.009346812278535,1.0,1.000166694449075,1.0,1.0,1.0093363613424176,1.0
NZL,New Zealand,East Asia & Pacific,Oceania,2025,1.0,1.0,1.0,0.9940000000000001,1.0,1.0,1.0,1.0060392658337551,1.0,1.0,1.0,1.0,1.0060362173038229,1.0
NZL,New Zealand,East Asia & Pacific,Oceania,2026,1.0,1.0,1.0,0.9894000000000001,1.0,1.0,1.0,1.0107376893153965,1.0,1.0,1.0,1.0,1.0107135637760258,1.0
OMN,Oman,Middle East & North Africa,Asia,2015,0.663,0.762,0.914,1.0,0.793,0.909,0.8700787401574803,0.914,0.8700787401574803,0.8700787401574803,0.8700787401574803,0.914,0.914,0.914
OMN,Oman,Middle East & North Africa,Asia,2016,0.687,0.775,0.907,0.992,0.811,0.918,0.8864516129032258,0.9143145161290323,0.8864516129032258,0.8864516129032258,0.8864516129032258,0.9143145161290323,0.9143145161290323,0.9143145161290323
OMN,Oman,Middle East & North Africa,Asia,2017,0.701,0.785,0.908,0.99,0.818,0.921,0.8929936305732483,0.9171717171717172,0.8929936305732483,0.8929936305732483,0.8929936305732483,0.9171717171717172,0.9171717171717172,0.9171717171717172
OMN,Oman,Middle East & North Africa,Asia,2018,0.727,0.811,0.922,1.0,0.828,0.926,0.8964241676942046,0.922,0.8964241676942046,0.8964241676942046,0.8964241676942046,0.922,0.922,0.922
OMN,Oman,Middle East & North Africa,Asia,2019,0.7710833333333333,0.8619166666666667,0.95675,1.0,0.8555833333333333,0.94125,0.8946158726282216,0.95675,0.8946158726282216,0.8946147152663637,0.8946147152663637,0.95675,0.95675,0.95675
OMN,Oman,Middle East & North Africa,Asia,2020,0.7705833333333333,0.8615833333333334,0.9518333333333332,1.0,0.8604166666666666,0.9435833333333332,0.8943908783923863,0.9518333333333332,0.8943908783923863,0.894380501015572,0.894380501015572,0.9518333333333332,0.9518333333333332,0.9518333333333332
OMN,Oman,Middle East & North Africa,Asia,2021,0.7767499999999999,0.8768333333333334,0.9669166666666666,1.0,0.85025,0.9385833333333333,0.885876089017681,0.9669166666666666,0.885876089017681,0.8858582018627637,0.8858582018627637,0.9669166666666666,0.9669166666666666,0.9669166666666666
OMN,Oman,Middle East & North Africa,Asia,2022,0.8140833333333334,0.9158333333333334,0.9930833333333333,1.0,0.8606666666666666,0.9451666666666666,0.8889190891110837,0.9930833333333333,0.8889190891110837,0.8888989990900819,0.8888989990900819,0.9930833333333333,0.9930833333333333,0.9930833333333333
OMN,Oman,Middle East & North Africa,Asia,2023,0.8184166666666667,0.91325,0.9794166666666667,1.0,0.8574999999999999,0.9411666666666667,0.8961814986842179,0.9794166666666667,0.8961814986842179,0.8961584086139246,0.8961584086139246,0.9794166666666667,0.9794166666666667,0.9794166666666667
OMN,Oman,Middle East & North Africa,Asia,2024,0.8723333333333333,0.9710833333333334,0.9990833333333334,1.0,0.9086666666666666,0.97175,0.8983225593710932,0.9990833333333334,0.8983225593710932,0.8983094482107611,0.8983094482107611,0.9990833333333334,0.9990833333333334,0.9990833333333334
OMN,Oman,Middle East & North Africa,Asia,2025,0.8980833333333335,0.9916666666666667,1.0,1.0,0.9296666666666668,0.9834166666666667,0.9056445814620245,1.0,0.9056445814620245,0.9056302521008405,0.9056302521008405,1.0,1.0,1.0
OMN,Oman,Middle East & North Africa,Asia,2026,0.9200000000000002,1.0,1.0,1.0,0.9478,0.993,0.9200000000000002,1.0,0.9200000000000002,0.9200000000000002,0.9200000000000002,1.0,1.0,1.0
PAK,Pakistan,South Asia,Asia,2015,0.056,0.291,0.496,0.831,0.299,0.596,0.19243986254295534,0.5968712394705175,0.19243986254295534,0.19243986254295534,0.19243986254295534,0.5968712394705175,0.5968712394705175,0.5968712394705175
PAK,Pakistan,South Asia,Asia,2016,0.07,0.318,0.506,0.859,0.292,0.588,0.22012578616352202,0.5890570430733411,0.22012578616352202,0.22012578616352202,0.22012578616352202,0.5890570430733411,0.5890570430733411,0.5890570430733411
PAK,Pakistan,South Asia,Asia,2017,0.124,0.364,0.547,0.875,0.343,0.621,0.34065934065934067,0.6251428571428572,0.34065934065934067,0.34065934065934067,0.34065934065934067,0.6251428571428572,0.6251428571428572,0.6251428571428572
PAK,Pakistan,South Asia,Asia,2018,0.16,0.4,0.574,0.893,0.371,0.637,0.39999999999999997,0.6427771556550951,0.39999999999999997,0.39999999999999997,0.39999999999999997,0.6427771556550951,0.6427771556550951,0.6427771556550951
PAK,Pakistan,South Asia,Asia,2019,0.23516666666666666,0.44675,0.6099166666666667,0.8724166666666666,0.45691666666666664,0.6933333333333334,0.5262673614327664,0.69903951695915,0.5262673614327664,0.5263943294161537,0.5263943294161537,0.69903951695915,0.6991116630050626,0.6991116630050626
PAK,Pakistan,South Asia,Asia,2020,0.2853333333333333,0.48841666666666667,0.6424166666666667,0.8783333333333333,0.5105000000000001,0.7265833333333332,0.5841043538036789,0.7313276486850043,0.5841043538036789,0.5842006483535233,0.5842006483535233,0.7313276486850043,0.7314041745730552,0.7314041745730552
PAK,Pakistan,South Asia,Asia,2021,0.34475000000000006,0.55675,0.7115,0.9343333333333333,0.5655,0.7607499999999999,0.6191363104493918,0.7614028197224477,0.6191363104493918,0.6192186798383477,0.6192186798383477,0.7614028197224477,0.7615055297895112,0.7615055297895112
PAK,Pakistan,South Asia,Asia,2022,0.3774166666666667,0.5912499999999999,0.7360833333333333,0.9545833333333333,0.5865833333333333,0.7725833333333334,0.6382908188101589,0.7710330407965165,0.6382908188101589,0.6383368569415082,0.6383368569415082,0.7710330407965165,0.7711043212570929,0.7711043212570929
PAK,Pakistan,South Asia,Asia,2023,0.37116666666666664,0.5756666666666667,0.7008333333333333,0.9238333333333334,0.5613333333333334,0.7555000000000001,0.6445452727810038,0.7582631132813179,0.6445452727810038,0.6447596988998262,0.6447596988998262,0.7582631132813179,0.7586144686992603,0.7586144686992603
PAK,Pakistan,South Asia,Asia,2024,0.44,0.6595833333333333,0.787,0.9904999999999999,0.63675,0.80075,0.6669763540937503,0.7943240176067122,0.6669763540937503,0.6670878079595705,0.6670878079595705,0.7943240176067122,0.7945482079757699,0.7945482079757699
PAK,Pakistan,South Asia,Asia,2025,0.48841666666666667,0.7172499999999999,0.8405833333333333,1.0,0.6839166666666667,0.8286666666666666,0.6809139912732515,0.8405833333333333,0.6809139912732515,0.6809573602881376,0.6809573602881376,0.8405833333333333,0.8405833333333333,0.8405833333333333
PAK,Pakistan,South Asia,Asia,2026,0.522,0.7552,0.8708,1.0,0.7121999999999999,0.8446,0.6912072949467799,0.8708,0.6912072949467799,0.6912076271186441,0.6912076271186441,0.8708,0.8708,0.8708
PAN,Panama,Latin America & Caribbean,North America,2015,0.691,0.689,0.869,0.847,0.95,1.0,1.0029027576197387,1.025974025974026,1.0,1.0029027576197387,1.0,1.0,1.025974025974026,1.0
PAN,Panama,Latin America & Caribbean,North America,2016,0.722,0.721,0.884,0.86,0.961,1.0,1.001386962552011,1.027906976744186,1.0,1.001386962552011,1.0,1.0,1.027906976744186,1.0
PAN,Panama,Latin America & Caribbean,North America,2017,0.756,0.754,0.903,0.872,0.977,1.0,1.0026525198938991,1.0355504587155964,1.0,1.0026525198938991,1.0,1.0,1.0355504587155964,1.0
PAN,Panama,Latin America & Caribbean,North America,2018,0.784,0.783,0.919,0.887,0.988,1.0,1.0012771392081736,1.036076662908681,1.0,1.0012771392081736,1.0,1.0,1.036076662908681,1.0
PAN,Panama,Latin America & Caribbean,North America,2019,0.8090833333333333,0.8119166666666667,0.9331666666666667,0.9020833333333335,0.9949166666666667,1.0,0.9965249128250551,1.0344585744588126,0.9965249128250551,0.9965103150980189,0.9965103150980189,1.0,1.0344572748267897,1.0
PAN,Panama,Latin America & Caribbean,North America,2020,0.83225,0.82825,0.9362499999999999,0.8886666666666666,1.0,1.0,1.0048325434268908,1.0535451755021659,1.0,1.0048294597041956,1.0,1.0,1.0535446361590397,1.0
PAN,Panama,Latin America & Caribbean,North America,2021,0.85925,0.8616666666666667,0.955,0.9145833333333333,1.0,1.0,0.9971986585729272,1.0441921379913819,0.9971986585729272,0.9971953578336556,0.9971953578336556,1.0,1.0441913439635535,1.0
PAN,Panama,Latin America & Caribbean,North America,2022,0.8845833333333334,0.8845000000000001,0.9664166666666666,0.9235833333333333,1.0,1.0,1.0000990981282973,1.0463776300561047,1.0,1.0000942151874883,1.0,1.0,1.0463773346566814,1.0
PAN,Panama,Latin America & Caribbean,North America,2023,0.8940833333333335,0.8971666666666667,0.9728333333333333,0.9320833333333334,1.0,1.0,0.9965658185179374,1.0437460381888017,0.9965658185179374,0.9965632546906931,0.9965632546906931,1.0,1.0437192668752793,1.0
PAN,Panama,Latin America & Caribbean,North America,2024,0.9405833333333332,0.9498333333333333,0.99825,0.9594999999999999,1.0,1.0,0.9902769323536725,1.0404231906931443,0.9902769323536725,0.9902614493770836,0.9902614493770836,1.0,1.0403856175091195,1.0
PAN,Panama,Latin America & Caribbean,North America,2025,0.9598333333333332,0.9670833333333334,0.9995833333333334,0.9616666666666666,1.0,1.0,0.9925131820567231,1.0394562874650497,0.9925131820567231,0.9925032313657904,0.9925032313657904,1.0,1.0394280762564994,1.0
PAN,Panama,Latin America & Caribbean,North America,2026,0.9869999999999999,0.998,1.0,0.977,1.0,1.0,0.9889779559118237,1.0235414534288638,0.9889779559118237,0.9889779559118236,0.9889779559118236,1.0,1.0235414534288638,1.0
PER,Peru,Latin America & Caribbean,South America,2015,0.698,0.782,0.928,0.967,0.919,0.988,0.8925831202046035,0.9596690796277146,0.8925831202046035,0.8925831202046035,0.8925831202046035,0.9596690796277146,0.9596690796277146,0.9596690796277146
PER,Peru,Latin America & Caribbean,South America,2016,0.724,0.803,0.931,0.965,0.932,0.994,0.9016189290161892,0.9647668393782384,0.9016189290161892,0.9016189290161892,0.9016189290161892,0.9647668393782384,0.9647668393782384,0.9647668393782384
PER,Peru,Latin America & Caribbean,South America,2017,0.75,0.824,0.94,0.968,0.944,1.0,0.9101941747572816,0.9710743801652892,0.9101941747572816,0.9101941747572816,0.9101941747572816,0.9710743801652892,0.9710743801652892,0.9710743801652892
PER,Peru,Latin America & Caribbean,South America,2018,0.775,0.844,0.945,0.967,0.955,1.0,0.9182464454976303,0.9772492244053774,0.9182464454976303,0.9182464454976303,0.9182464454976303,0.9772492244053774,0.9772492244053774,0.9772492244053774
PER,Peru,Latin America & Caribbean,South America,2019,0.7909166666666666,0.8533333333333334,0.9406666666666667,0.95975,0.9605,1.0,0.9269538572395977,0.9800944861890489,0.9269538572395977,0.9268554687499999,0.9268554687499999,0.9800944861890489,0.9801163497438569,0.9801163497438569
PER,Peru,Latin America & Caribbean,South America,2020,0.8043333333333335,0.85975,0.9375,0.9442499999999999,0.9770833333333333,1.0,0.935652967647231,0.9928537287233735,0.935652967647231,0.9355432780847147,0.9355432780847147,0.9928537287233735,0.9928514694201748,0.9928514694201748
PER,Peru,Latin America & Caribbean,South America,2021,0.8375833333333333,0.8961666666666667,0.96,0.9660000000000001,0.9899999999999999,1.0,0.9347705123288246,0.9938010821090352,0.9347705123288246,0.9346289752650176,0.9346289752650176,0.9938010821090352,0.9937888198757763,0.9937888198757763
PER,Peru,Latin America & Caribbean,South America,2022,0.8519166666666665,0.9067500000000001,0.9531666666666666,0.9628333333333333,0.9854166666666666,1.0,0.9395402024160324,0.9899581065256275,0.9395402024160324,0.9395276169469716,0.9395276169469716,0.9899581065256275,0.989960186948243,0.989960186948243
PER,Peru,Latin America & Caribbean,South America,2023,0.8395833333333332,0.8889999999999999,0.93125,0.94375,0.9735,0.9994166666666667,0.944405852119735,0.9866982911922181,0.944405852119735,0.9444131983502062,0.9444131983502062,0.9866982911922181,0.9867549668874173,0.9867549668874173
PER,Peru,Latin America & Caribbean,South America,2024,0.8846666666666666,0.9309166666666667,0.9482499999999999,0.9529166666666665,0.9953333333333333,1.0,0.9503077600208395,0.9950911894700293,0.9503077600208395,0.9503177871273832,0.9503177871273832,0.9950911894700293,0.995102754700481,0.995102754700481
PER,Peru,Latin America & Caribbean,South America,2025,0.9113333333333333,0.9590833333333334,0.9642499999999999,0.9659166666666666,0.9993333333333334,1.0,0.9502170845692288,0.9982562963252476,0.9502170845692288,0.9502128768789643,0.9502128768789643,0.9982562963252476,0.9982745233370718,0.9982745233370718
PER,Peru,Latin America & Caribbean,South America,2026,0.9348000000000001,0.9782,0.9663999999999999,0.9644,1.0,1.0,0.9556353901992823,1.002073843093796,0.9556353901992823,0.9556327949294624,0.9556327949294624,1.0,1.0020738282870176,1.0
PHL,Philippines,East Asia & Pacific,Asia,2015,0.536,0.543,0.717,0.718,0.875,0.961,0.9871086556169429,0.9986072423398329,0.9871086556169429,0.9871086556169429,0.9871086556169429,0.9986072423398329,0.9986072423398329,0.9986072423398329
PHL,Philippines,East Asia & Pacific,Asia,2016,0.564,0.568,0.725,0.72,0.887,0.968,0.9929577464788732,1.0069444444444444,0.9929577464788732,0.9929577464788732,0.9929577464788732,1.0,1.0069444444444444,1.0
PHL,Philippines,East Asia & Pacific,Asia,2017,0.593,0.593,0.731,0.723,0.897,0.972,1.0,1.0110650069156293,1.0,1.0,1.0,1.0,1.0110650069156293,1.0
PHL,Philippines,East Asia & Pacific,Asia,2018,0.627,0.624,0.741,0.728,0.909,0.979,1.0048076923076923,1.0178571428571428,1.0,1.0048076923076923,1.0,1.0,1.0178571428571428,1.0
PHL,Philippines,East Asia & Pacific,Asia,2019,0.6669166666666667,0.6658333333333334,0.76575,0.7495833333333333,0.9268333333333333,0.989,1.0016783840038856,1.0215759488159868,1.0,1.0016270337922404,1.0,1.0,1.021567537520845,1.0
PHL,Philippines,East Asia & Pacific,Asia,2020,0.681,0.6736666666666666,0.7571666666666667,0.73625,0.9305,0.9910833333333334,1.0108720006333383,1.0284198768211865,1.0,1.0108857001484415,1.0,1.0,1.0284097340124505,1.0
PHL,Philippines,East Asia & Pacific,Asia,2021,0.7093333333333334,0.6940833333333333,0.7598333333333334,0.73075,0.9366666666666666,0.9975833333333334,1.0219826263065332,1.039811168447833,1.0,1.0219714251410734,1.0,1.0,1.03979929296385,1.0
PHL,Philippines,East Asia & Pacific,Asia,2022,0.7198333333333333,0.7110833333333333,0.745,0.7380833333333333,0.9127500000000001,0.9770833333333333,1.0123044329277384,1.0093719290872003,1.0,1.0123051681706317,1.0,1.0,1.0093711188890144,1.0
PHL,Philippines,East Asia & Pacific,Asia,2023,0.7353333333333333,0.73475,0.76975,0.76275,0.92975,0.9851666666666666,1.000766035143636,1.0092102885593661,1.0,1.000793920834751,1.0,1.0,1.0091773189118323,1.0
PHL,Philippines,East Asia & Pacific,Asia,2024,0.7916666666666666,0.7871666666666667,0.7834166666666667,0.7704166666666667,0.9424166666666666,0.9944999999999999,1.0056854533350992,1.0168821523302645,1.0,1.0057167054838025,1.0,1.0,1.0168739859383449,1.0
PHL,Philippines,East Asia & Pacific,Asia,2025,0.8239166666666667,0.8181666666666666,0.7939166666666667,0.77725,0.9539166666666666,0.9996666666666667,1.0070190916700292,1.0214418430639185,1.0,1.007027907924221,1.0,1.0,1.0214431221185805,1.0
PHL,Philippines,East Asia & Pacific,Asia,2026,0.8564,0.8475999999999999,0.8006,0.78,0.9634,1.0,1.0103826720835762,1.0264097365323959,1.0,1.010382255781029,1.0,1.0,1.0264102564102564,1.0
PLW,Palau,East Asia & Pacific,Oceania,2015,0.72,0.713,0.847,0.836,0.91,0.993,1.0098176718092566,1.013157894736842,1.0,1.0098176718092566,1.0,1.0,1.013157894736842,1.0
PLW,Palau,East Asia & Pacific,Oceania,2016,0.745,0.736,0.86,0.843,0.924,1.0,1.0122282608695652,1.0201660735468565,1.0,1.0122282608695652,1.0,1.0,1.0201660735468565,1.0
PLW,Palau,East Asia & Pacific,Oceania,2017,0.765,0.754,0.863,0.844,0.934,1.0,1.0145888594164456,1.0225118483412323,1.0,1.0145888594164456,1.0,1.0,1.0225118483412323,1.0
PLW,Palau,East Asia & Pacific,Oceania,2018,0.791,0.777,0.874,0.847,0.951,1.0,1.018018018018018,1.0318772136953955,1.0,1.018018018018018,1.0,1.0,1.0318772136953955,1.0
PLW,Palau,East Asia & Pacific,Oceania,2019,0.8193333333333332,0.8018333333333333,0.8890833333333333,0.8528333333333333,0.9739999999999999,1.0,1.0218554601616816,1.0425110547807173,1.0,1.0218249844107254,1.0,1.0,1.0425053742427204,1.0
PLW,Palau,East Asia & Pacific,Oceania,2020,0.85125,0.8311666666666667,0.8910833333333333,0.8513333333333333,0.9841666666666667,1.0,1.0241957976235645,1.0467057510942424,1.0,1.0241628233406856,1.0,1.0,1.0466914643696164,1.0
PLW,Palau,East Asia & Pacific,Oceania,2021,0.8775,0.8450833333333333,0.8856666666666667,0.8323333333333333,1.0,1.0,1.0383636822114677,1.0640776564029664,1.0,1.0383591361798639,1.0,1.0,1.064076892270725,1.0
PLW,Palau,East Asia & Pacific,Oceania,2022,0.8809999999999999,0.8511666666666667,0.8843333333333333,0.8360833333333333,0.9995833333333333,1.0,1.0350969824663212,1.057716639002247,1.0,1.0350499314666142,1.0,1.0,1.0577095584570917,1.0
PLW,Palau,East Asia & Pacific,Oceania,2023,0.88075,0.8553333333333333,0.8956666666666667,0.8475,1.0,1.0,1.029749655888583,1.0569074227294442,1.0,1.0297155105222138,1.0,1.0,1.056833824975418,1.0
PLW,Palau,East Asia & Pacific,Oceania,2024,0.9570833333333333,0.9459166666666666,0.9551666666666666,0.90325,1.0,1.0,1.0118402025797861,1.0574778501504152,1.0,1.0118051273015594,1.0,1.0,1.0574776270873696,1.0
PLW,Palau,East Asia & Pacific,Oceania,2025,0.9894166666666666,0.9836666666666667,0.97975,0.9248333333333334,1.0,1.0,1.0059035637331413,1.059373124691231,1.0,1.0058454761097932,1.0,1.0,1.0593800684808072,1.0
PLW,Palau,East Asia & Pacific,Oceania,2026,1.0,1.0,0.984,0.9254000000000001,1.0,1.0,1.0,1.0633264714776978,1.0,1.0,1.0,1.0,1.0633239680138318,1.0
PNG,Papua New Guinea,East Asia & Pacific,Oceania,2015,0.207,0.309,0.607,0.733,0.615,0.805,0.6699029126213591,0.8281036834924966,0.6699029126213591,0.6699029126213591,0.6699029126213591,0.8281036834924966,0.8281036834924966,0.8281036834924966
PNG,Papua New Guinea,East Asia & Pacific,Oceania,2016,0.231,0.332,0.607,0.733,0.621,0.806,0.6957831325301205,0.8281036834924966,0.6957831325301205,0.6957831325301205,0.6957831325301205,0.8281036834924966,0.8281036834924966,0.8281036834924966
PNG,Papua New Guinea,East Asia & Pacific,Oceania,2017,0.259,0.361,0.618,0.745,0.627,0.809,0.7174515235457064,0.8295302013422818,0.7174515235457064,0.7174515235457064,0.7174515235457064,0.8295302013422818,0.8295302013422818,0.8295302013422818
PNG,Papua New Guinea,East Asia & Pacific,Oceania,2018,0.286,0.387,0.629,0.754,0.635,0.813,0.7390180878552971,0.8342175066312998,0.7390180878552971,0.7390180878552971,0.7390180878552971,0.8342175066312998,0.8342175066312998,0.8342175066312998
PNG,Papua New Guinea,East Asia & Pacific,Oceania,2019,0.31875000000000003,0.41625,0.63875,0.7571666666666667,0.6485,0.8201666666666666,0.7657636450739062,0.843604640837404,0.7657636450739062,0.7657657657657658,0.7657657657657658,0.843604640837404,0.8436055469953776,0.8436055469953776
PNG,Papua New Guinea,East Asia & Pacific,Oceania,2020,0.3468333333333333,0.44283333333333336,0.646,0.7603333333333334,0.6625,0.8268333333333332,0.7832200130438006,0.849628706120909,0.7832200130438006,0.7832141512984568,0.7832141512984568,0.849628706120909,0.8496273564226215,0.8496273564226215
PNG,Papua New Guinea,East Asia & Pacific,Oceania,2021,0.37575000000000003,0.47374999999999995,0.66625,0.7778333333333333,0.6742500000000001,0.8342499999999999,0.7931353116231916,0.856541019812707,0.7931353116231916,0.7931398416886545,0.7931398416886545,0.856541019812707,0.8565459610027856,0.8565459610027856
PNG,Papua New Guinea,East Asia & Pacific,Oceania,2022,0.41041666666666665,0.5075,0.6916666666666665,0.7980833333333334,0.6918333333333333,0.8450000000000001,0.8087024973380487,0.866656313812992,0.8087024973380487,0.8087027914614122,0.8087027914614122,0.866656313812992,0.8666597055445335,0.8666597055445335
PNG,Papua New Guinea,East Asia & Pacific,Oceania,2023,0.4254166666666666,0.5221666666666667,0.6921666666666666,0.7989166666666666,0.6927499999999999,0.8445,0.8147128991820624,0.8663694340553625,0.8147128991820624,0.8147143313118416,0.8147143313118416,0.8663694340553625,0.8663815583602795,0.8663815583602795
PNG,Papua New Guinea,East Asia & Pacific,Oceania,2024,0.46325,0.5643333333333334,0.719,0.8217499999999999,0.7136666666666667,0.8565833333333334,0.8208804420297052,0.8749490327850359,0.8208804420297052,0.8208800945067927,0.8208800945067927,0.8749490327850359,0.8749619714024948,0.8749619714024948
PNG,Papua New Guinea,East Asia & Pacific,Oceania,2025,0.49866666666666665,0.602,0.7448333333333333,0.8416666666666667,0.7390833333333333,0.8711666666666668,0.8283519410694539,0.88494536526875,0.8283519410694539,0.8283499446290143,0.8283499446290143,0.88494536526875,0.884950495049505,0.884950495049505
PNG,Papua New Guinea,East Asia & Pacific,Oceania,2026,0.5354,0.643,0.7718,0.8642,0.7612,0.884,0.8326592435208056,0.8930790132425894,0.8326592435208056,0.8326594090202177,0.8326594090202177,0.8930790132425894,0.8930803054848415,0.8930803054848415
POL,Poland,Europe & Central Asia,Europe,2015,0.722,0.722,0.872,0.857,0.958,1.0,1.0,1.017502917152859,1.0,1.0,1.0,1.0,1.017502917152859,1.0
POL,Poland,Europe & Central Asia,Europe,2016,0.748,0.745,0.878,0.86,0.97,1.0,1.0040268456375838,1.0209302325581395,1.0,1.0040268456375838,1.0,1.0,1.0209302325581395,1.0
POL,Poland,Europe & Central Asia,Europe,2017,0.776,0.772,0.894,0.872,0.982,1.0,1.005181347150259,1.0252293577981653,1.0,1.005181347150259,1.0,1.0,1.0252293577981653,1.0
POL,Poland,Europe & Central Asia,Europe,2018,0.805,0.8,0.91,0.885,0.994,1.0,1.00625,1.0282485875706215,1.0,1.00625,1.0,1.0,1.0282485875706215,1.0
POL,Poland,Europe & Central Asia,Europe,2019,0.83,0.8246666666666665,0.9187500000000001,0.8925833333333334,0.9998333333333335,1.0,1.0064770321849872,1.0293201800210765,1.0,1.0064672594987876,1.0,1.0,1.029315656801419,1.0
POL,Poland,Europe & Central Asia,Europe,2020,0.85,0.8409999999999999,0.9254166666666667,0.8928333333333334,1.0,1.0,1.0107005169515768,1.0364951855586897,1.0,1.0107015457788349,1.0,1.0,1.0364943065148404,1.0
POL,Poland,Europe & Central Asia,Europe,2021,0.8816666666666667,0.8701666666666666,0.94125,0.9045833333333334,1.0,1.0,1.013216349558161,1.040534506111339,1.0,1.013215859030837,1.0,1.0,1.0405343159834177,1.0
POL,Poland,Europe & Central Asia,Europe,2022,0.91375,0.9019166666666667,0.9533333333333333,0.9149166666666667,1.0,1.0,1.0131231687462527,1.0419926626786424,1.0,1.013120206966645,1.0,1.0,1.0419892522087622,1.0
POL,Poland,Europe & Central Asia,Europe,2023,0.9242500000000001,0.9103333333333333,0.9575,0.916,1.0,1.0,1.0152740632189141,1.0453078174971215,1.0,1.0152874404979861,1.0,1.0,1.0453056768558953,1.0
POL,Poland,Europe & Central Asia,Europe,2024,0.9565,0.9419166666666666,0.9664999999999999,0.9227500000000001,1.0,1.0,1.0154764428634662,1.0474135375175488,1.0,1.0154826152348935,1.0,1.0,1.0474126253047953,1.0
POL,Poland,Europe & Central Asia,Europe,2025,0.9769166666666665,0.9620833333333333,0.9744166666666666,0.9287500000000001,1.0,1.0,1.0154164121340692,1.0491701672388714,1.0,1.0154179298397574,1.0,1.0,1.049170031404217,1.0
POL,Poland,Europe & Central Asia,Europe,2026,1.0,0.9843999999999999,0.9798,0.9308,1.0,1.0,1.0158508293531086,1.0526429705115792,1.0,1.0158472165786265,1.0,1.0,1.0526428878384186,1.0
PRI,Puerto Rico,Latin America & Caribbean,North America,2015,0.65,0.673,0.911,0.913,0.907,0.994,0.9658246656760773,0.9978094194961665,0.9658246656760773,0.9658246656760773,0.9658246656760773,0.9978094194961665,0.9978094194961665,0.9978094194961665
PRI,Puerto Rico,Latin America & Caribbean,North America,2016,0.679,0.7,0.923,0.921,0.92,1.0,0.9700000000000001,1.002171552660152,0.9700000000000001,0.9700000000000001,0.9700000000000001,1.0,1.002171552660152,1.0
PRI,Puerto Rico,Latin America & Caribbean,North America,2017,0.703,0.723,0.932,0.928,0.93,1.0,0.9723374827109267,1.0043103448275863,0.9723374827109267,0.9723374827109267,0.9723374827109267,1.0,1.0043103448275863,1.0
PRI,Puerto Rico,Latin America & Caribbean,North America,2018,0.735,0.754,0.944,0.936,0.942,1.0,0.9748010610079575,1.0085470085470085,0.9748010610079575,0.9748010610079575,0.9748010610079575,1.0,1.0085470085470085,1.0
PRI,Puerto Rico,Latin America & Caribbean,North America,2019,0.7625833333333333,0.782,0.9571666666666666,0.9470833333333334,0.9518333333333332,1.0,0.975185164210218,1.0106525373716384,0.975185164210218,0.9751705029838021,0.9751705029838021,1.0,1.0106467223933127,1.0
PRI,Puerto Rico,Latin America & Caribbean,North America,2020,0.774,0.79225,0.9616666666666666,0.9469166666666666,0.9627499999999999,1.0,0.9769659184258132,1.0155776874149223,0.9769659184258132,0.9769643420637425,0.9769643420637425,1.0,1.015576872304849,1.0
PRI,Puerto Rico,Latin America & Caribbean,North America,2021,0.7919166666666667,0.8088333333333334,0.9705833333333334,0.9522499999999999,0.9730833333333333,1.0,0.9790864150071678,1.0192539991630227,0.9790864150071678,0.9790851019987636,0.9790851019987636,1.0,1.0192526472389956,1.0
PRI,Puerto Rico,Latin America & Caribbean,North America,2022,0.8225833333333332,0.84275,0.9876666666666667,0.9714166666666667,0.98,1.0,0.9760827826170586,1.016733541235516,0.9760827826170586,0.9760704044299415,0.9760704044299415,1.0,1.016728146178262,1.0
PRI,Puerto Rico,Latin America & Caribbean,North America,2023,0.8316666666666667,0.85175,0.9920833333333333,0.9745833333333334,0.9883333333333333,1.0,0.9764255654309908,1.0179666976493047,0.9764255654309908,0.9764210938264357,0.9764210938264357,1.0,1.0179563916203505,1.0
PRI,Puerto Rico,Latin America & Caribbean,North America,2024,0.8725833333333334,0.89075,0.9996666666666667,0.9824999999999999,0.99975,1.0,0.9796103563891645,1.0174909811151631,0.9796103563891645,0.9796052016091309,0.9796052016091309,1.0,1.0174724342663275,1.0
PRI,Puerto Rico,Latin America & Caribbean,North America,2025,0.8995833333333333,0.9225833333333333,1.0,0.9976666666666666,1.0,1.0,0.9750817711422647,1.0023491192950205,0.9750817711422647,0.9750700027097823,0.9750700027097823,1.0,1.002338790511193,1.0
PRI,Puerto Rico,Latin America & Caribbean,North America,2026,0.9238,0.9465999999999999,1.0,1.0,1.0,1.0,0.9759139134100551,1.0,0.9759139134100551,0.9759137967462498,0.9759137967462498,1.0,1.0,1.0
PRT,Portugal,Europe & Central Asia,Europe,2015,0.761,0.782,0.924,0.925,0.94,1.0,0.9731457800511508,0.9989189189189189,0.9731457800511508,0.9731457800511508,0.9731457800511508,0.9989189189189189,0.9989189189189189,0.9989189189189189
PRT,Portugal,Europe & Central Asia,Europe,2016,0.784,0.804,0.935,0.934,0.95,1.0,0.9751243781094527,1.0010706638115632,0.9751243781094527,0.9751243781094527,0.9751243781094527,1.0,1.0010706638115632,1.0
PRT,Portugal,Europe & Central Asia,Europe,2017,0.813,0.832,0.948,0.944,0.963,1.0,0.9771634615384616,1.0042372881355932,0.9771634615384616,0.9771634615384616,0.9771634615384616,1.0,1.0042372881355932,1.0
PRT,Portugal,Europe & Central Asia,Europe,2018,0.842,0.858,0.965,0.954,0.979,1.0,0.9813519813519813,1.0115303983228512,0.9813519813519813,0.9813519813519813,0.9813519813519813,1.0,1.0115303983228512,1.0
PRT,Portugal,Europe & Central Asia,Europe,2019,0.8636666666666667,0.8803333333333333,0.9703333333333334,0.96,0.9856666666666666,1.0,0.9810767035029412,1.0107647462196898,0.9810767035029412,0.9810677773570617,0.9810677773570617,1.0,1.010763888888889,1.0
PRT,Portugal,Europe & Central Asia,Europe,2020,0.8831666666666668,0.8960833333333333,0.97375,0.9576666666666666,0.9984999999999999,1.0,0.9855925520381265,1.0167971193642285,0.9855925520381265,0.9855854180228775,0.9855854180228775,1.0,1.0167942916811696,1.0
PRT,Portugal,Europe & Central Asia,Europe,2021,0.9151666666666668,0.9241666666666667,0.9892500000000001,0.9662499999999999,1.0,1.0,0.9902676326468108,1.0238063452887776,0.9902676326468108,0.9902614968440037,0.9902614968440037,1.0,1.0238033635187582,1.0
PRT,Portugal,Europe & Central Asia,Europe,2022,0.9446666666666665,0.9518333333333332,0.9971666666666666,0.9720833333333333,1.0,1.0,0.9924818511224176,1.025809630688117,0.9924818511224176,0.9924706706356154,0.9924706706356154,1.0,1.0258036862408915,1.0
PRT,Portugal,Europe & Central Asia,Europe,2023,0.9465833333333333,0.9528333333333333,0.9934166666666666,0.9690833333333333,1.0,1.0,0.993422297247331,1.0251092478615995,0.993422297247331,0.9934406157075389,0.9934406157075389,1.0,1.0251096396938688,1.0
PRT,Portugal,Europe & Central Asia,Europe,2024,0.9876666666666667,0.9929166666666666,1.0,0.98225,1.0,1.0,0.9947095132311036,1.0180829188018028,0.9947095132311036,0.9947125472094,0.9947125472094,1.0,1.0180707559175364,1.0
PRT,Portugal,Europe & Central Asia,Europe,2025,0.9994166666666667,1.0,1.0,0.989,1.0,1.0,0.9994166666666667,1.0111442867337341,0.9994166666666667,0.9994166666666667,0.9994166666666667,1.0,1.0111223458038423,1.0
PRT,Portugal,Europe & Central Asia,Europe,2026,1.0,1.0,1.0,0.9968,1.0,1.0,1.0,1.0032132635318256,1.0,1.0,1.0,1.0,1.0032102728731942,1.0
PRY,Paraguay,Latin America & Caribbean,South America,2015,0.635,0.668,0.837,0.841,0.907,0.984,0.9505988023952096,0.995243757431629,0.9505988023952096,0.9505988023952096,0.9505988023952096,0.995243757431629,0.995243757431629,0.995243757431629
PRY,Paraguay,Latin America & Caribbean,South America,2016,0.648,0.683,0.839,0.847,0.909,0.983,0.9487554904831624,0.9905548996458087,0.9487554904831624,0.9487554904831624,0.9487554904831624,0.9905548996458087,0.9905548996458087,0.9905548996458087
PRY,Paraguay,Latin America & Caribbean,South America,2017,0.677,0.71,0.854,0.856,0.924,0.992,0.9535211267605634,0.9976635514018691,0.9535211267605634,0.9535211267605634,0.9535211267605634,0.9976635514018691,0.9976635514018691,0.9976635514018691
PRY,Paraguay,Latin America & Caribbean,South America,2018,0.704,0.734,0.864,0.861,0.939,1.0,0.9591280653950953,1.0034843205574913,0.9591280653950953,0.9591280653950953,0.9591280653950953,1.0,1.0034843205574913,1.0
PRY,Paraguay,Latin America & Caribbean,South America,2019,0.7272500000000001,0.75225,0.8657499999999999,0.85525,0.9540000000000001,1.0,0.9667662520762933,1.0122769798209454,0.9667662520762933,0.9667663675639748,0.9667663675639748,1.0,1.0122771119555685,1.0
PRY,Paraguay,Latin America & Caribbean,South America,2020,0.7472500000000001,0.7716666666666666,0.8708333333333332,0.85675,0.9659999999999999,1.0,0.968364007708468,1.0164391752309414,0.968364007708468,0.9683585313174947,0.9683585313174947,1.0,1.016438089679992,1.0
PRY,Paraguay,Latin America & Caribbean,South America,2021,0.7771666666666667,0.8020833333333334,0.898,0.8750833333333333,0.9851666666666666,1.0,0.9689720676932844,1.02619909595223,0.9689720676932844,0.9689350649350649,0.9689350649350649,1.0,1.0261879820969433,1.0
PRY,Paraguay,Latin America & Caribbean,South America,2022,0.7946666666666667,0.819,0.9029166666666667,0.8796666666666667,0.991,1.0,0.9702942174471,1.0264302537583638,0.9702942174471,0.9702889702889704,0.9702889702889704,1.0,1.0264304660856385,1.0
PRY,Paraguay,Latin America & Caribbean,South America,2023,0.7952500000000001,0.8174166666666666,0.8970833333333333,0.8748333333333332,0.9903333333333334,1.0,0.9728609448012772,1.0254167089993513,0.9728609448012772,0.9728820470996027,0.9728820470996027,1.0,1.0254334158887408,1.0
PRY,Paraguay,Latin America & Caribbean,South America,2024,0.84025,0.8619166666666667,0.918,0.8889999999999999,0.9996666666666667,1.0,0.974865003299754,1.0326164592271776,0.974865003299754,0.9748622256598667,0.9748622256598667,1.0,1.032620922384702,1.0
PRY,Paraguay,Latin America & Caribbean,South America,2025,0.8602500000000001,0.87875,0.9214166666666667,0.8894166666666666,1.0,1.0,0.9789409933158035,1.0359719848730238,0.9789409933158035,0.9789473684210527,0.9789473684210527,1.0,1.0359786376838753,1.0
PRY,Paraguay,Latin America & Caribbean,South America,2026,0.8859999999999999,0.9040000000000001,0.932,0.897,1.0,1.0,0.9800884955752214,1.0390189520624304,0.9800884955752214,0.9800884955752209,0.9800884955752209,1.0,1.0390189520624304,1.0
PSE,"Palestine, State of",Middle East & North Africa,Asia,2015,0.542,0.666,0.816,0.934,0.79,0.899,0.8138138138138138,0.873661670235546,0.8138138138138138,0.8138138138138138,0.8138138138138138,0.873661670235546,0.873661670235546,0.873661670235546
PSE,"Palestine, State of",Middle East & North Africa,Asia,2016,0.566,0.686,0.824,0.939,0.799,0.904,0.825072886297376,0.8775292864749734,0.825072886297376,0.825072886297376,0.825072886297376,0.8775292864749734,0.8775292864749734,0.8775292864749734
PSE,"Palestine, State of",Middle East & North Africa,Asia,2017,0.583,0.702,0.827,0.941,0.804,0.905,0.8304843304843305,0.8788522848034006,0.8304843304843305,0.8304843304843305,0.8304843304843305,0.8788522848034006,0.8788522848034006,0.8788522848034006
PSE,"Palestine, State of",Middle East & North Africa,Asia,2018,0.609,0.721,0.832,0.937,0.821,0.914,0.8446601941747572,0.8879402347918889,0.8446601941747572,0.8446601941747572,0.8446601941747572,0.8879402347918889,0.8879402347918889,0.8879402347918889
PSE,"Palestine, State of",Middle East & North Africa,Asia,2019,0.6166666666666667,0.725,0.8182499999999999,0.9280833333333334,0.8134166666666666,0.9055,0.8506242199971442,0.8815728883457639,0.8506242199971442,0.8505747126436782,0.8505747126436782,0.8815728883457639,0.8816557421208583,0.8816557421208583
PSE,"Palestine, State of",Middle East & North Africa,Asia,2020,0.6406666666666667,0.7503333333333333,0.8384166666666667,0.9366666666666666,0.8396666666666667,0.9229166666666667,0.8538287121946128,0.895103046085517,0.8538287121946128,0.8538427365615283,0.8538427365615283,0.895103046085517,0.8951067615658364,0.8951067615658364
PSE,"Palestine, State of",Middle East & North Africa,Asia,2021,0.672,0.7815,0.8583333333333334,0.9535,0.8531666666666666,0.93125,0.8598746922605573,0.9001887595700323,0.8598746922605573,0.8598848368522074,0.8598848368522074,0.9001887595700323,0.9001922740779584,0.9001922740779584
PSE,"Palestine, State of",Middle East & North Africa,Asia,2022,0.68825,0.7913333333333333,0.85525,0.9465,0.8590833333333333,0.9341666666666667,0.8697757161154165,0.9035804208441505,0.8697757161154165,0.8697346251053075,0.8697346251053075,0.9035804208441505,0.9035921817221341,0.9035921817221341
PSE,"Palestine, State of",Middle East & North Africa,Asia,2023,0.6753333333333332,0.7714166666666666,0.8290833333333333,0.9226666666666667,0.8451666666666666,0.9227500000000001,0.875374308245823,0.8985355515711538,0.875374308245823,0.8754456087285296,0.8754456087285296,0.8985355515711538,0.8985729768786126,0.8985729768786126
PSE,"Palestine, State of",Middle East & North Africa,Asia,2024,0.7025,0.8079999999999999,0.8569166666666667,0.9514999999999999,0.8595833333333333,0.9304166666666668,0.8694287754514695,0.9005644355278708,0.8694287754514695,0.869430693069307,0.869430693069307,0.9005644355278708,0.9005955508845683,0.9005955508845683
PSE,"Palestine, State of",Middle East & North Africa,Asia,2025,0.7272500000000001,0.8254166666666666,0.8573333333333334,0.9455,0.8723333333333333,0.9373333333333332,0.8811525081010982,0.9067024533915026,0.8811525081010982,0.8810701665825342,0.8810701665825342,0.9067024533915026,0.9067512779834304,0.9067512779834304
PSE,"Palestine, State of",Middle East & North Africa,Asia,2026,0.7638,0.8652,0.8817999999999999,0.9658,0.893,0.9494,0.8828563328659367,0.9130198946009813,0.8828563328659367,0.8828016643550625,0.8828016643550625,0.9130198946009813,0.9130254711120314,0.9130254711120314
PYF,French Polynesia,East Asia & Pacific,Oceania,2015,0.545,0.553,0.799,0.814,0.854,0.96,0.9855334538878843,0.9815724815724817,0.9855334538878843,0.9855334538878843,0.9855334538878843,0.9815724815724817,0.9815724815724817,0.9815724815724817
PYF,French Polynesia,East Asia & Pacific,Oceania,2016,0.573,0.581,0.811,0.823,0.864,0.965,0.9862306368330465,0.9854191980558932,0.9862306368330465,0.9862306368330465,0.9862306368330465,0.9854191980558932,0.9854191980558932,0.9854191980558932
PYF,French Polynesia,East Asia & Pacific,Oceania,2017,0.604,0.611,0.826,0.835,0.876,0.972,0.9885433715220949,0.9892215568862275,0.9885433715220949,0.9885433715220949,0.9885433715220949,0.9892215568862275,0.9892215568862275,0.9892215568862275
PYF,French Polynesia,East Asia & Pacific,Oceania,2018,0.63,0.637,0.837,0.845,0.884,0.976,0.989010989010989,0.9905325443786982,0.989010989010989,0.989010989010989,0.989010989010989,0.9905325443786982,0.9905325443786982,0.9905325443786982
PYF,French Polynesia,East Asia & Pacific,Oceania,2019,0.6524166666666668,0.6556666666666667,0.8439166666666665,0.8441666666666666,0.9019166666666667,0.98475,0.9950443552205858,0.9997040251642876,0.9950443552205858,0.9950432130147433,0.9950432130147433,0.9997040251642876,0.9997038499506415,0.9997038499506415
PYF,French Polynesia,East Asia & Pacific,Oceania,2020,0.68025,0.6806666666666668,0.84875,0.8441666666666666,0.9116666666666667,0.9900833333333333,0.9993973146008491,1.005432392866405,0.9993973146008491,0.9993878550440743,0.9993878550440743,1.0,1.0054294175715697,1.0
PYF,French Polynesia,East Asia & Pacific,Oceania,2021,0.7029166666666665,0.7062499999999999,0.8550833333333333,0.8558333333333333,0.9076666666666666,0.9868333333333333,0.9952823577425544,0.9991246248341866,0.9952823577425544,0.9952802359882005,0.9952802359882005,0.9991246248341866,0.9991236611489775,0.9991236611489775
PYF,French Polynesia,East Asia & Pacific,Oceania,2022,0.7255833333333332,0.7284999999999999,0.8584999999999999,0.85725,0.9158333333333334,0.9901666666666666,0.9959963707933003,1.0014584644209443,0.9959963707933003,0.9959963395104094,0.9959963395104094,1.0,1.0014581510644502,1.0
PYF,French Polynesia,East Asia & Pacific,Oceania,2023,0.7385833333333333,0.7471666666666666,0.87825,0.876,0.9322500000000001,0.9973333333333333,0.9884886473750547,1.0025804493539743,0.9884886473750547,0.9885121570376979,0.9885121570376979,1.0,1.0025684931506849,1.0
PYF,French Polynesia,East Asia & Pacific,Oceania,2024,0.77025,0.7760833333333333,0.8819166666666667,0.8777499999999999,0.9362499999999999,0.9994166666666667,0.992459701098028,1.004750469948214,0.992459701098028,0.9924836250402662,0.9924836250402662,1.0,1.0047469856641034,1.0
PYF,French Polynesia,East Asia & Pacific,Oceania,2025,0.7898333333333333,0.7955833333333334,0.8899166666666667,0.884,0.9456666666666665,1.0,0.992777256004596,1.0066977474342906,0.992777256004596,0.9927725987221114,0.9927725987221114,1.0,1.0066930618401206,1.0
PYF,French Polynesia,East Asia & Pacific,Oceania,2026,0.82,0.8202,0.8872,0.8785999999999999,0.9478,1.0,0.99976056470783,1.0097901738505917,0.99976056470783,0.9997561570348694,0.9997561570348694,1.0,1.0097882995674938,1.0
QAT,Qatar,Middle East & North Africa,Asia,2015,0.886,0.863,0.993,0.947,0.985,1.0,1.0266512166859791,1.0485744456177404,1.0,1.0266512166859791,1.0,1.0,1.0485744456177404,1.0
QAT,Qatar,Middle East & North Africa,Asia,2016,0.877,0.841,0.961,0.91,0.985,1.0,1.042806183115339,1.056043956043956,1.0,1.042806183115339,1.0,1.0,1.056043956043956,1.0
QAT,Qatar,Middle East & North Africa,Asia,2017,0.891,0.854,0.963,0.913,0.99,1.0,1.0433255269320842,1.0547645125958378,1.0,1.0433255269320842,1.0,1.0,1.0547645125958378,1.0
QAT,Qatar,Middle East & North Africa,Asia,2018,0.915,0.885,0.985,0.94,0.998,1.0,1.033898305084746,1.047872340425532,1.0,1.033898305084746,1.0,1.0,1.047872340425532,1.0
QAT,Qatar,Middle East & North Africa,Asia,2019,0.9634166666666667,0.94175,0.9996666666666667,0.9721666666666667,1.0,1.0,1.0230805218198236,1.0285052179363814,1.0,1.0230068135563226,1.0,1.0,1.0282873307046116,1.0
QAT,Qatar,Middle East & North Africa,Asia,2020,0.96,0.9315000000000001,0.9961666666666668,0.9470833333333334,1.0,1.0,1.0306451985863043,1.051938963399409,1.0,1.0305958132045088,1.0,1.0,1.0518257809062912,1.0
QAT,Qatar,Middle East & North Africa,Asia,2021,0.991,0.9714999999999999,1.0,0.9864166666666666,1.0,1.0,1.0201819153839538,1.0138817130568303,1.0,1.0200720535254761,1.0,1.0,1.0137703810087015,1.0
QAT,Qatar,Middle East & North Africa,Asia,2022,1.0,1.0,1.0,0.9991666666666666,1.0,1.0,1.0,1.0008361775430048,1.0,1.0,1.0,1.0,1.0008340283569641,1.0
QAT,Qatar,Middle East & North Africa,Asia,2023,1.0,1.0,1.0,1.0,1.0,1.0,1.0,1.0,1.0,1.0,1.0,1.0,1.0,1.0
QAT,Qatar,Middle East & North Africa,Asia,2024,1.0,1.0,1.0,0.9987499999999999,1.0,1.0,1.0,1.001259503766524,1.0,1.0,1.0,1.0,1.0012515644555695,1.0
QAT,Qatar,Middle East & North Africa,Asia,2025,1.0,1.0,1.0,0.9659999999999999,1.0,1.0,1.0,1.035384712646449,1.0,1.0,1.0,1.0,1.0351966873706007,1.0
QAT,Qatar,Middle East & North Africa,Asia,2026,1.0,1.0,1.0,0.9587999999999999,1.0,1.0,1.0,1.042986470655262,1.0,1.0,1.0,1.0,1.0429703796412184,1.0
ROU,Romania,Europe & Central Asia,Europe,2015,0.65,0.696,0.841,0.884,0.87,0.951,0.9339080459770116,0.9513574660633484,0.9339080459770116,0.9339080459770116,0.9339080459770116,0.9513574660633484,0.9513574660633484,0.9513574660633484
ROU,Romania,Europe & Central Asia,Europe,2016,0.695,0.728,0.863,0.883,0.908,0.976,0.9546703296703296,0.9773499433748584,0.9546703296703296,0.9546703296703296,0.9546703296703296,0.9773499433748584,0.9773499433748584,0.9773499433748584
ROU,Romania,Europe & Central Asia,Europe,2017,0.732,0.761,0.883,0.894,0.928,0.988,0.961892247043364,0.9876957494407159,0.961892247043364,0.961892247043364,0.961892247043364,0.9876957494407159,0.9876957494407159,0.9876957494407159
ROU,Romania,Europe & Central Asia,Europe,2018,0.765,0.791,0.903,0.909,0.943,0.997,0.9671302149178255,0.9933993399339934,0.9671302149178255,0.9671302149178255,0.9671302149178255,0.9933993399339934,0.9933993399339934,0.9933993399339934
ROU,Romania,Europe & Central Asia,Europe,2019,0.7905000000000001,0.81625,0.9135833333333334,0.9180833333333335,0.9531666666666666,1.0,0.9684709317000205,0.9950995383400217,0.9684709317000205,0.9684532924961716,0.9684532924961716,0.9950995383400217,0.9950984841608422,0.9950984841608422
ROU,Romania,Europe & Central Asia,Europe,2020,0.78925,0.8198333333333333,0.9065,0.9227500000000001,0.94125,0.9919166666666667,0.9626956465440039,0.9823914609627278,0.9626956465440039,0.9626956698515959,0.9626956698515959,0.9823914609627278,0.9823895963153616,0.9823895963153616
ROU,Romania,Europe & Central Asia,Europe,2021,0.834,0.8562500000000001,0.9354166666666667,0.9326666666666666,0.97425,1.0,0.9740166931659003,1.0029497979105344,0.9740166931659003,0.9740145985401458,0.9740145985401458,1.0,1.0029485346676197,1.0
ROU,Romania,Europe & Central Asia,Europe,2022,0.8601666666666666,0.8816666666666667,0.9480833333333333,0.9424999999999999,0.9855833333333334,1.0,0.9756231576127034,1.0059254390996701,0.9756231576127034,0.9756143667296786,0.9756143667296786,1.0,1.005923961096375,1.0
ROU,Romania,Europe & Central Asia,Europe,2023,0.8620833333333334,0.8794166666666667,0.94225,0.9349166666666666,0.9894166666666666,1.0,0.9803487283570006,1.0078783441566428,0.9803487283570006,0.98028996493888,0.98028996493888,1.0,1.0078438363490507,1.0
ROU,Romania,Europe & Central Asia,Europe,2024,0.8993333333333333,0.9194166666666668,0.9616666666666666,0.95175,0.99925,1.0,0.9781520617895582,1.0104130846080979,0.9781520617895582,0.9781564397715942,0.9781564397715942,1.0,1.010419402854391,1.0
ROU,Romania,Europe & Central Asia,Europe,2025,0.92,0.9400833333333334,0.9698333333333333,0.9578333333333333,1.0,1.0,0.9786460034802765,1.0125264918472718,0.9786460034802765,0.978636645687439,0.978636645687439,1.0,1.0125282756220637,1.0
ROU,Romania,Europe & Central Asia,Europe,2026,0.95,0.9698,0.9827999999999999,0.9673999999999999,1.0,1.0,0.9795856993791828,1.0159196690732235,0.9795856993791828,0.9795834192617034,0.9795834192617034,1.0,1.015918958031838,1.0
RWA,Rwanda,Sub-Saharan Africa,Africa,2015,0.114,0.206,0.404,0.563,0.444,0.7,0.5533980582524273,0.7175843694493784,0.5533980582524273,0.5533980582524273,0.5533980582524273,0.7175843694493784,0.7175843694493784,0.7175843694493784
RWA,Rwanda,Sub-Saharan Africa,Africa,2016,0.142,0.235,0.417,0.575,0.462,0.708,0.6042553191489362,0.7252173913043478,0.6042553191489362,0.6042553191489362,0.6042553191489362,0.7252173913043478,0.7252173913043478,0.7252173913043478
RWA,Rwanda,Sub-Saharan Africa,Africa,2017,0.137,0.246,0.418,0.602,0.441,0.69,0.5569105691056911,0.6943521594684385,0.5569105691056911,0.5569105691056911,0.5569105691056911,0.6943521594684385,0.6943521594684385,0.6943521594684385
RWA,Rwanda,Sub-Saharan Africa,Africa,2018,0.191,0.287,0.452,0.605,0.498,0.727,0.6655052264808363,0.747107438016529,0.6655052264808363,0.6655052264808363,0.6655052264808363,0.747107438016529,0.747107438016529,0.747107438016529
RWA,Rwanda,Sub-Saharan Africa,Africa,2019,0.22875,0.32308333333333333,0.47733333333333333,0.623,0.528,0.743,0.7079967584495165,0.7661524321384983,0.7079967584495165,0.7080216662367811,0.7080216662367811,0.7661524321384983,0.7661851257356875,0.7661851257356875
RWA,Rwanda,Sub-Saharan Africa,Africa,2020,0.2644166666666667,0.35483333333333333,0.4963333333333333,0.6296666666666667,0.55875,0.7604166666666666,0.7451651798381868,0.7882003854696705,0.7451651798381868,0.7451855331141382,0.7451855331141382,0.7882003854696705,0.788247750132345,0.788247750132345
RWA,Rwanda,Sub-Saharan Africa,Africa,2021,0.27775,0.37825,0.5099166666666667,0.65575,0.5589166666666666,0.757,0.7342848990705818,0.7775831966646432,0.7342848990705818,0.7343027098479842,0.7343027098479842,0.7775831966646432,0.7776083365103571,0.7776083365103571
RWA,Rwanda,Sub-Saharan Africa,Africa,2022,0.31325,0.4135,0.5368333333333334,0.6788333333333334,0.5804999999999999,0.769,0.7575538542519825,0.7908113579737025,0.7575538542519825,0.7575574365175333,0.7575574365175333,0.7908113579737025,0.7908175791799656,0.7908175791799656
RWA,Rwanda,Sub-Saharan Africa,Africa,2023,0.3339166666666667,0.43249999999999994,0.5465000000000001,0.6843333333333333,0.5961666666666666,0.7771666666666667,0.7720487885584397,0.7985526531931416,0.7720487885584397,0.7720616570327554,0.7720616570327554,0.7985526531931416,0.7985874330248418,0.7985874330248418
RWA,Rwanda,Sub-Saharan Africa,Africa,2024,0.38025,0.48291666666666666,0.59275,0.7179166666666666,0.6453333333333333,0.806,0.7873824352284302,0.8255811874661382,0.7873824352284302,0.7874029335634167,0.7874029335634167,0.8255811874661382,0.8256529309344167,0.8256529309344167
RWA,Rwanda,Sub-Saharan Africa,Africa,2025,0.41250000000000003,0.5141666666666667,0.6189166666666667,0.7340833333333333,0.6801666666666667,0.8260833333333334,0.8022720752860635,0.8431058764853151,0.8022720752860635,0.8022690437601298,0.8022690437601298,0.8431058764853151,0.8431149960267909,0.8431149960267909
RWA,Rwanda,Sub-Saharan Africa,Africa,2026,0.4356,0.5368,0.6306,0.7422,0.695,0.8337999999999999,0.8114751831174546,0.8496359553496606,0.8114751831174546,0.8114754098360655,0.8114754098360655,0.8496359553496606,0.8496362166531933,0.8496362166531933
SAU,Saudi Arabia,Middle East & North Africa,Asia,2015,0.654,0.778,0.918,1.0,0.759,0.883,0.8406169665809768,0.918,0.8406169665809768,0.8406169665809768,0.8406169665809768,0.918,0.918,0.918
SAU,Saudi Arabia,Middle East & North Africa,Asia,2016,0.681,0.799,0.924,1.0,0.778,0.893,0.8523153942428036,0.924,0.8523153942428036,0.8523153942428036,0.8523153942428036,0.924,0.924,0.924
SAU,Saudi Arabia,Middle East & North Africa,Asia,2017,0.711,0.829,0.942,1.0,0.795,0.902,0.8576598311218335,0.942,0.8576598311218335,0.8576598311218335,0.8576598311218335,0.942,0.942,0.942
SAU,Saudi Arabia,Middle East & North Africa,Asia,2018,0.768,0.886,0.988,1.0,0.835,0.928,0.8668171557562077,0.988,0.8668171557562077,0.8668171557562077,0.8668171557562077,0.988,0.988,0.988
SAU,Saudi Arabia,Middle East & North Africa,Asia,2019,0.8330833333333333,0.9595833333333332,1.0,1.0,0.8868333333333333,0.9585833333333333,0.8681461976555264,1.0,0.8681461976555264,0.8681719496309163,0.8681719496309163,1.0,1.0,1.0
SAU,Saudi Arabia,Middle East & North Africa,Asia,2020,0.8464166666666667,0.9651666666666666,1.0,1.0,0.8977499999999999,0.9632499999999999,0.8769685200223596,1.0,0.8769685200223596,0.8769642548782595,0.8769642548782595,1.0,1.0,1.0
SAU,Saudi Arabia,Middle East & North Africa,Asia,2021,0.8663333333333334,0.9772500000000001,1.0,1.0,0.8998333333333334,0.9640833333333333,0.8865319673031452,1.0,0.8865319673031452,0.8865012364628635,0.8865012364628635,1.0,1.0,1.0
SAU,Saudi Arabia,Middle East & North Africa,Asia,2022,0.9091666666666667,1.0,1.0,1.0,0.9206666666666666,0.9773333333333333,0.9091666666666667,1.0,0.9091666666666667,0.9091666666666667,0.9091666666666667,1.0,1.0,1.0
SAU,Saudi Arabia,Middle East & North Africa,Asia,2023,0.9226666666666667,0.9994166666666667,1.0,1.0,0.9176666666666667,0.9741666666666666,0.9231894931184962,1.0,0.9231894931184962,0.9232052030351038,0.9232052030351038,1.0,1.0,1.0
SAU,Saudi Arabia,Middle East & North Africa,Asia,2024,0.9945833333333334,1.0,1.0,1.0,0.9916666666666667,0.9984166666666666,0.9945833333333334,1.0,0.9945833333333334,0.9945833333333334,0.9945833333333334,1.0,1.0,1.0
SAU,Saudi Arabia,Middle East & North Africa,Asia,2025,1.0,1.0,1.0,1.0,1.0,1.0,1.0,1.0,1.0,1.0,1.0,1.0,1.0,1.0
SAU,Saudi Arabia,Middle East & North Africa,Asia,2026,1.0,1.0,1.0,1.0,1.0,1.0,1.0,1.0,1.0,1.0,1.0,1.0,1.0,1.0
SEN,Senegal,Sub-Saharan Africa,Africa,2015,0.235,0.382,0.65,0.792,0.621,0.81,0.6151832460732984,0.8207070707070707,0.6151832460732984,0.6151832460732984,0.6151832460732984,0.8207070707070707,0.8207070707070707,0.8207070707070707
SEN,Senegal,Sub-Saharan Africa,Africa,2016,0.277,0.415,0.667,0.795,0.649,0.827,0.6674698795180724,0.8389937106918239,0.6674698795180724,0.6674698795180724,0.6674698795180724,0.8389937106918239,0.8389937106918239,0.8389937106918239
SEN,Senegal,Sub-Saharan Africa,Africa,2017,0.275,0.426,0.665,0.814,0.627,0.81,0.6455399061032865,0.8169533169533171,0.6455399061032865,0.6455399061032865,0.6455399061032865,0.8169533169533171,0.8169533169533171,0.8169533169533171
SEN,Senegal,Sub-Saharan Africa,Africa,2018,0.314,0.457,0.685,0.819,0.655,0.828,0.687089715536105,0.8363858363858365,0.687089715536105,0.687089715536105,0.687089715536105,0.8363858363858365,0.8363858363858365,0.8363858363858365
SEN,Senegal,Sub-Saharan Africa,Africa,2019,0.3135833333333333,0.4724166666666667,0.6866666666666666,0.843,0.637,0.8124166666666667,0.6637393758167135,0.8145187873231944,0.6637393758167135,0.6637855000881989,0.6637855000881989,0.8145187873231944,0.8145512060102807,0.8145512060102807
SEN,Senegal,Sub-Saharan Africa,Africa,2020,0.36116666666666664,0.4975,0.7035833333333333,0.8245,0.6854166666666667,0.8445,0.7259526013653548,0.853339200205185,0.7259526013653548,0.7259631490787269,0.7259631490787269,0.853339200205185,0.8533454618960986,0.8533454618960986
SEN,Senegal,Sub-Saharan Africa,Africa,2021,0.3858333333333333,0.5201666666666667,0.7190833333333333,0.8336666666666667,0.6991666666666666,0.8533333333333334,0.7417510310397318,0.8625554410087237,0.7417510310397318,0.7417494392822813,0.7417494392822813,0.8625554410087237,0.8625549780087964,0.8625549780087964
SEN,Senegal,Sub-Saharan Africa,Africa,2022,0.41383333333333333,0.5431666666666667,0.725,0.8325,0.7135833333333332,0.8608333333333333,0.7618859501071941,0.8708502508485633,0.7618859501071941,0.761890150352869,0.761890150352869,0.8708502508485633,0.8708708708708708,0.8708708708708708
SEN,Senegal,Sub-Saharan Africa,Africa,2023,0.4171666666666667,0.5423333333333333,0.7091666666666666,0.8194166666666667,0.7013333333333334,0.85175,0.7692027858243832,0.865351571021133,0.7692027858243832,0.7692071296865397,0.7692071296865397,0.865351571021133,0.865453066205634,0.865453066205634
SEN,Senegal,Sub-Saharan Africa,Africa,2024,0.47091666666666665,0.60175,0.7624166666666667,0.8598333333333333,0.7543333333333333,0.8834166666666667,0.7825773319827308,0.8866307061808443,0.7825773319827308,0.7825785902229607,0.7825785902229607,0.8866307061808443,0.8867028493894167,0.8867028493894167
SEN,Senegal,Sub-Saharan Africa,Africa,2025,0.49875,0.6325,0.7809166666666667,0.8756666666666666,0.7699166666666667,0.8919166666666666,0.7885443159549951,0.8917660353128468,0.7885443159549951,0.7885375494071147,0.7885375494071147,0.8917660353128468,0.8917967263037687,0.8917967263037687
SEN,Senegal,Sub-Saharan Africa,Africa,2026,0.529,0.6654,0.8026,0.8932,0.7904,0.9034000000000001,0.7950090176572054,0.8985649153954679,0.7950090176572054,0.7950105199879772,0.7950105199879772,0.8985649153954679,0.8985669502910882,0.8985669502910882
SGP,Singapore,East Asia & Pacific,Asia,2015,0.885,0.885,0.989,0.981,0.971,1.0,1.0,1.0081549439347604,1.0,1.0,1.0,1.0,1.0081549439347604,1.0
SGP,Singapore,East Asia & Pacific,Asia,2016,0.905,0.905,1.0,0.99,0.981,1.0,1.0,1.0101010101010102,1.0,1.0,1.0,1.0,1.0101010101010102,1.0
SGP,Singapore,East Asia & Pacific,Asia,2017,0.93,0.932,1.0,1.0,0.993,1.0,0.9978540772532188,1.0,0.9978540772532188,0.9978540772532188,0.9978540772532188,1.0,1.0,1.0
SGP,Singapore,East Asia & Pacific,Asia,2018,0.957,0.962,1.0,1.0,1.0,1.0,0.9948024948024948,1.0,0.9948024948024948,0.9948024948024948,0.9948024948024948,1.0,1.0,1.0
SGP,Singapore,East Asia & Pacific,Asia,2019,0.9754166666666667,0.9738333333333333,1.0,1.0,1.0,1.0,1.0016219592928814,1.0,1.0,1.001625877117919,1.0,1.0,1.0,1.0
SGP,Singapore,East Asia & Pacific,Asia,2020,0.99375,0.9933333333333333,1.0,1.0,1.0,1.0,1.0004383139251785,1.0,1.0,1.0004194630872485,1.0,1.0,1.0,1.0
SGP,Singapore,East Asia & Pacific,Asia,2021,1.0,1.0,1.0,1.0,1.0,1.0,1.0,1.0,1.0,1.0,1.0,1.0,1.0,1.0
SGP,Singapore,East Asia & Pacific,Asia,2022,1.0,1.0,1.0,1.0,1.0,1.0,1.0,1.0,1.0,1.0,1.0,1.0,1.0,1.0
SGP,Singapore,East Asia & Pacific,Asia,2023,1.0,1.0,1.0,1.0,1.0,1.0,1.0,1.0,1.0,1.0,1.0,1.0,1.0,1.0
SGP,Singapore,East Asia & Pacific,Asia,2024,1.0,1.0,1.0,1.0,1.0,1.0,1.0,1.0,1.0,1.0,1.0,1.0,1.0,1.0
SGP,Singapore,East Asia & Pacific,Asia,2025,1.0,1.0,1.0,1.0,1.0,1.0,1.0,1.0,1.0,1.0,1.0,1.0,1.0,1.0
SGP,Singapore,East Asia & Pacific,Asia,2026,1.0,1.0,1.0,1.0,1.0,1.0,1.0,1.0,1.0,1.0,1.0,1.0,1.0,1.0
SLB,Solomon Islands,East Asia & Pacific,Oceania,2015,0.259,0.347,0.626,0.725,0.667,0.836,0.7463976945244958,0.863448275862069,0.7463976945244958,0.7463976945244958,0.7463976945244958,0.863448275862069,0.863448275862069,0.863448275862069
SLB,Solomon Islands,East Asia & Pacific,Oceania,2016,0.29,0.375,0.643,0.735,0.69,0.849,0.7733333333333333,0.8748299319727891,0.7733333333333333,0.7733333333333333,0.7733333333333333,0.8748299319727891,0.8748299319727891,0.8748299319727891
SLB,Solomon Islands,East Asia & Pacific,Oceania,2017,0.321,0.404,0.661,0.745,0.712,0.862,0.7945544554455445,0.887248322147651,0.7945544554455445,0.7945544554455445,0.7945544554455445,0.887248322147651,0.887248322147651,0.887248322147651
SLB,Solomon Islands,East Asia & Pacific,Oceania,2018,0.354,0.434,0.682,0.757,0.734,0.875,0.8156682027649769,0.9009247027741084,0.8156682027649769,0.8156682027649769,0.8156682027649769,0.9009247027741084,0.9009247027741084,0.9009247027741084
SLB,Solomon Islands,East Asia & Pacific,Oceania,2019,0.38199999999999995,0.45733333333333337,0.69575,0.7604166666666666,0.7610833333333334,0.89025,0.8352749690129667,0.9149578544556404,0.8352749690129667,0.835276967930029,0.835276967930029,0.9149578544556404,0.914958904109589,0.914958904109589
SLB,Solomon Islands,East Asia & Pacific,Oceania,2020,0.41241666666666665,0.4845833333333333,0.7074166666666666,0.7623333333333333,0.783,0.903,0.8510680052852324,0.9279587478998383,0.8510680052852324,0.8510748065348237,0.8510748065348237,0.9279587478998383,0.9279623961521644,0.9279623961521644
SLB,Solomon Islands,East Asia & Pacific,Oceania,2021,0.4435,0.5161666666666667,0.7247499999999999,0.7745833333333333,0.8003333333333335,0.9133333333333334,0.8592075567551133,0.9356575957015066,0.8592075567551133,0.8592185986438489,0.8592185986438489,0.9356575957015066,0.9356643356643356,0.9356643356643356
SLB,Solomon Islands,East Asia & Pacific,Oceania,2022,0.46675,0.5367500000000001,0.7363333333333334,0.7795833333333334,0.8200833333333333,0.9242500000000001,0.8695904262993123,0.9445235365365455,0.8695904262993123,0.8695854680950162,0.8695854680950162,0.9445235365365455,0.9445216461785142,0.9445216461785142
SLB,Solomon Islands,East Asia & Pacific,Oceania,2023,0.4831666666666667,0.5500833333333334,0.7413333333333334,0.7805833333333334,0.8334166666666666,0.9307500000000001,0.8783432444352767,0.9497107142116223,0.8783432444352767,0.8783517648841085,0.8783517648841085,0.9497107142116223,0.9497170919184371,0.9497170919184371
SLB,Solomon Islands,East Asia & Pacific,Oceania,2024,0.5245833333333333,0.5908333333333333,0.7631666666666667,0.7949166666666666,0.85825,0.9453333333333332,0.8878660935522994,0.9600557719927467,0.8878660935522994,0.88787023977433,0.88787023977433,0.9600557719927467,0.9600587063633506,0.9600587063633506
SLB,Solomon Islands,East Asia & Pacific,Oceania,2025,0.5575833333333334,0.6210833333333333,0.7779166666666667,0.8024166666666668,0.8795833333333333,0.9578333333333333,0.8977644169739962,0.9694663027294048,0.8977644169739962,0.8977592915604456,0.8977592915604456,0.9694663027294048,0.9694672343960951,0.9694672343960951
SLB,Solomon Islands,East Asia & Pacific,Oceania,2026,0.5962,0.6602,0.7972,0.817,0.8976000000000001,0.9683999999999999,0.90306365097241,0.9757642639455586,0.90306365097241,0.9030596788851862,0.9030596788851862,0.9757642639455586,0.975764993880049,0.975764993880049
SLE,Sierra Leone,Sub-Saharan Africa,Africa,2015,0.009,0.156,0.423,0.632,0.428,0.686,0.05769230769230769,0.6693037974683544,0.05769230769230769,0.05769230769230769,0.05769230769230769,0.6693037974683544,0.6693037974683544,0.6693037974683544
SLE,Sierra Leone,Sub-Saharan Africa,Africa,2016,0.041,0.182,0.433,0.631,0.458,0.701,0.22527472527472528,0.6862123613312203,0.22527472527472528,0.22527472527472528,0.22527472527472528,0.6862123613312203,0.6862123613312203,0.6862123613312203
SLE,Sierra Leone,Sub-Saharan Africa,Africa,2017,0.079,0.212,0.453,0.631,0.499,0.725,0.3726415094339623,0.7179080824088748,0.3726415094339623,0.3726415094339623,0.3726415094339623,0.7179080824088748,0.7179080824088748,0.7179080824088748
SLE,Sierra Leone,Sub-Saharan Africa,Africa,2018,0.138,0.256,0.49,0.637,0.558,0.762,0.5390625,0.7692307692307692,0.5390625,0.5390625,0.5390625,0.7692307692307692,0.7692307692307692,0.7692307692307692
SLE,Sierra Leone,Sub-Saharan Africa,Africa,2019,0.1485,0.27216666666666667,0.49266666666666664,0.6479166666666667,0.5588333333333334,0.7595000000000001,0.5456130098031907,0.7603828231123808,0.5456130098031907,0.5456215554194733,0.5456215554194733,0.7603828231123808,0.7603858520900321,0.7603858520900321
SLE,Sierra Leone,Sub-Saharan Africa,Africa,2020,0.16566666666666666,0.29183333333333333,0.5059166666666667,0.6601666666666667,0.5755,0.76775,0.56760014311703,0.7663271043339228,0.56760014311703,0.5676756139348943,0.5676756139348943,0.7663271043339228,0.7663468821004796,0.7663468821004796
SLE,Sierra Leone,Sub-Saharan Africa,Africa,2021,0.19558333333333333,0.32066666666666666,0.5269166666666667,0.6742500000000001,0.6031666666666666,0.7828333333333334,0.6098883239795964,0.7814745510819634,0.6098883239795964,0.609927234927235,0.609927234927235,0.7814745510819634,0.7814856012853787,0.7814856012853787
SLE,Sierra Leone,Sub-Saharan Africa,Africa,2022,0.21983333333333333,0.3408333333333333,0.53825,0.6766666666666667,0.6311666666666667,0.7976666666666667,0.6449654761922904,0.795437801504358,0.6449654761922904,0.6449877750611247,0.6449877750611247,0.795437801504358,0.7954433497536945,0.7954433497536945
SLE,Sierra Leone,Sub-Saharan Africa,Africa,2023,0.23616666666666666,0.3541666666666667,0.5435,0.6775833333333333,0.6453333333333333,0.8044166666666667,0.6667599686062645,0.8020961396391894,0.6667599686062645,0.6668235294117647,0.6668235294117647,0.8020961396391894,0.802115360964211,0.802115360964211
SLE,Sierra Leone,Sub-Saharan Africa,Africa,2024,0.27183333333333337,0.3894166666666667,0.5672499999999999,0.6932499999999999,0.6734166666666668,0.8208333333333333,0.6980118973635631,0.8182330981922562,0.6980118973635631,0.6980526428418575,0.6980526428418575,0.8182330981922562,0.8182473855030653,0.8182473855030653
SLE,Sierra Leone,Sub-Saharan Africa,Africa,2025,0.30024999999999996,0.41516666666666663,0.5836666666666667,0.7014999999999999,0.6995,0.8351666666666667,0.7231921476817055,0.8320238010320452,0.7231921476817055,0.723203532717784,0.723203532717784,0.8320238010320452,0.8320266096459968,0.8320266096459968
SLE,Sierra Leone,Sub-Saharan Africa,Africa,2026,0.3306,0.44539999999999996,0.5997999999999999,0.7125999999999999,0.718,0.8458,0.7422511491878231,0.8417060695186638,0.7422511491878231,0.7422541535698249,0.7422541535698249,0.8417060695186638,0.8417064271681167,0.8417064271681167
SLV,El Salvador,Latin America & Caribbean,North America,2015,0.587,0.658,0.865,0.879,0.903,0.987,0.8920972644376899,0.9840728100113766,0.8920972644376899,0.8920972644376899,0.8920972644376899,0.9840728100113766,0.9840728100113766,0.9840728100113766
SLV,El Salvador,Latin America & Caribbean,North America,2016,0.613,0.679,0.874,0.881,0.918,0.995,0.9027982326951398,0.9920544835414302,0.9027982326951398,0.9027982326951398,0.9027982326951398,0.9920544835414302,0.9920544835414302,0.9920544835414302
SLV,El Salvador,Latin America & Caribbean,North America,2017,0.636,0.7,0.88,0.884,0.928,1.0,0.9085714285714287,0.995475113122172,0.9085714285714287,0.9085714285714287,0.9085714285714287,0.995475113122172,0.995475113122172,0.995475113122172
SLV,El Salvador,Latin America & Caribbean,North America,2018,0.661,0.722,0.886,0.888,0.937,1.0,0.9155124653739612,0.9977477477477478,0.9155124653739612,0.9155124653739612,0.9155124653739612,0.9977477477477478,0.9977477477477478,0.9977477477477478
SLV,El Salvador,Latin America & Caribbean,North America,2019,0.66775,0.7246666666666667,0.8744999999999999,0.88075,0.9315833333333333,0.997,0.9214782873754882,0.9929013735006729,0.9214782873754882,0.9214581416743329,0.9214581416743329,0.9929013735006729,0.992903775191598,0.992903775191598
SLV,El Salvador,Latin America & Caribbean,North America,2020,0.685,0.7495833333333333,0.8865833333333333,0.8961666666666667,0.9387500000000001,0.9986666666666667,0.9138420816310484,0.9892956903327136,0.9138420816310484,0.9138410227904393,0.9138410227904393,0.9892956903327136,0.989306304630835,0.989306304630835
SLV,El Salvador,Latin America & Caribbean,North America,2021,0.7308333333333333,0.7919166666666667,0.9156666666666666,0.9159166666666666,0.9631666666666666,1.0,0.9228657275169913,0.9997286598717433,0.9228657275169913,0.9228664632221403,0.9228664632221403,0.9997286598717433,0.9997270494040579,0.9997270494040579
SLV,El Salvador,Latin America & Caribbean,North America,2022,0.7534166666666667,0.8088333333333333,0.9178333333333333,0.9148333333333333,0.9695833333333334,1.0,0.931555310661159,1.0032683752122507,0.931555310661159,0.9314856789614673,0.9314856789614673,1.0,1.0032792858444162,1.0
SLV,El Salvador,Latin America & Caribbean,North America,2023,0.7393333333333333,0.7855833333333333,0.8896666666666667,0.8879166666666666,0.95775,0.9996666666666667,0.9411396228754462,1.0019322774335184,0.9411396228754462,0.9411265513949294,0.9411265513949294,1.0,1.0019709056780857,1.0
SLV,El Salvador,Latin America & Caribbean,North America,2024,0.7848333333333334,0.8290000000000001,0.9090000000000001,0.9000833333333333,0.9795833333333333,1.0,0.9467460190892565,1.009887218912735,0.9467460190892565,0.9467229593888219,0.9467229593888219,1.0,1.009906490139802,1.0
SLV,El Salvador,Latin America & Caribbean,North America,2025,0.8075833333333332,0.8501666666666666,0.9155833333333333,0.9036666666666667,0.9898333333333333,1.0,0.9499213863415514,1.0131795191661062,0.9499213863415514,0.9499117820035287,0.9499117820035287,1.0,1.0131870158613057,1.0
SLV,El Salvador,Latin America & Caribbean,North America,2026,0.8331999999999999,0.8734,0.9226000000000001,0.9066000000000001,1.0,1.0,0.9539733595156275,1.0176483873552917,0.9539733595156275,0.953972979161896,0.953972979161896,1.0,1.0176483564968013,1.0
SMR,San Marino,Europe & Central Asia,Europe,2015,0.727,0.77,0.947,0.987,0.882,0.966,0.9441558441558441,0.9594731509625126,0.9441558441558441,0.9441558441558441,0.9441558441558441,0.9594731509625126,0.9594731509625126,0.9594731509625126
SMR,San Marino,Europe & Central Asia,Europe,2016,0.739,0.783,0.952,0.993,0.888,0.968,0.9438058748403576,0.958710976837865,0.9438058748403576,0.9438058748403576,0.9438058748403576,0.958710976837865,0.958710976837865,0.958710976837865
SMR,San Marino,Europe & Central Asia,Europe,2017,0.77,0.806,0.968,0.993,0.916,0.986,0.955334987593052,0.9748237663645518,0.955334987593052,0.955334987593052,0.955334987593052,0.9748237663645518,0.9748237663645518,0.9748237663645518
SMR,San Marino,Europe & Central Asia,Europe,2018,0.779,0.816,0.976,1.0,0.918,0.987,0.9546568627450981,0.976,0.9546568627450981,0.9546568627450981,0.9546568627450981,0.976,0.976,0.976
SMR,San Marino,Europe & Central Asia,Europe,2019,0.7826666666666666,0.8189166666666666,0.9724166666666667,0.9994166666666667,0.9204166666666667,0.9854166666666666,0.9557207837390559,0.9729836406212491,0.9557207837390559,0.9557342016892235,0.9557342016892235,0.9729836406212491,0.9729842408071375,0.9729842408071375
SMR,San Marino,Europe & Central Asia,Europe,2020,0.8192499999999999,0.8497499999999999,0.9916666666666667,0.99975,0.9530833333333333,1.0,0.9641077406759261,0.991914080747414,0.9641077406759261,0.9641070903206825,0.9641070903206825,0.991914080747414,0.9919146453279987,0.9919146453279987
SMR,San Marino,Europe & Central Asia,Europe,2021,0.8569999999999999,0.8823333333333334,1.0,1.0,0.9744999999999999,1.0,0.9712842023565643,1.0,0.9712842023565643,0.9712882508500187,0.9712882508500187,1.0,1.0,1.0
SMR,San Marino,Europe & Central Asia,Europe,2022,0.8664166666666667,0.8929166666666667,1.0,1.0,0.9741666666666666,1.0,0.9703217888923407,1.0,0.9703217888923407,0.9703219785347644,0.9703219785347644,1.0,1.0,1.0
SMR,San Marino,Europe & Central Asia,Europe,2023,0.8744166666666667,0.8986666666666667,1.0,1.0,0.991,1.0,0.9730022207638055,1.0,0.9730022207638055,0.9730155786350149,0.9730155786350149,1.0,1.0,1.0
SMR,San Marino,Europe & Central Asia,Europe,2024,0.8989166666666667,0.92225,1.0,1.0,0.99825,1.0,0.9746950692897401,1.0,0.9746950692897401,0.9746995572422518,0.9746995572422518,1.0,1.0,1.0
SMR,San Marino,Europe & Central Asia,Europe,2025,0.9095833333333334,0.9361666666666667,1.0,1.0,0.995,1.0,0.9715834639308403,1.0,0.9715834639308403,0.9716040591062846,0.9716040591062846,1.0,1.0,1.0
SMR,San Marino,Europe & Central Asia,Europe,2026,0.922,0.9468,1.0,1.0,1.0,1.0,0.9738077251376934,1.0,0.9738077251376934,0.9738065061258978,0.9738065061258978,1.0,1.0,1.0
SOM,Somalia,Sub-Saharan Africa,Africa,2015,0.0,0.077,0.376,0.675,0.307,0.606,0.0,0.557037037037037,0.0,0.0,0.0,0.557037037037037,0.557037037037037,0.557037037037037
SOM,Somalia,Sub-Saharan Africa,Africa,2016,0.0,0.102,0.393,0.687,0.329,0.618,0.0,0.5720524017467249,0.0,0.0,0.0,0.5720524017467249,0.5720524017467249,0.5720524017467249
SOM,Somalia,Sub-Saharan Africa,Africa,2017,0.0,0.128,0.414,0.701,0.35,0.63,0.0,0.5905848787446505,0.0,0.0,0.0,0.5905848787446505,0.5905848787446505,0.5905848787446505
SOM,Somalia,Sub-Saharan Africa,Africa,2018,0.0,0.151,0.427,0.708,0.372,0.642,0.0,0.6031073446327684,0.0,0.0,0.0,0.6031073446327684,0.6031073446327684,0.6031073446327684
SOM,Somalia,Sub-Saharan Africa,Africa,2019,0.0,0.17675,0.4426666666666667,0.72225,0.3814166666666667,0.6471666666666667,0.0,0.6128905621323978,0.0,0.0,0.0,0.6128905621323978,0.6128995038652361,0.6128995038652361
SOM,Somalia,Sub-Saharan Africa,Africa,2020,0.001,0.1995,0.45983333333333337,0.72825,0.417,0.6667500000000001,0.004906063911407008,0.6313966286094348,0.004906063911407008,0.005012531328320802,0.005012531328320802,0.6313966286094348,0.6314223595377046,0.6314223595377046
SOM,Somalia,Sub-Saharan Africa,Africa,2021,0.030333333333333334,0.2316666666666667,0.48341666666666666,0.7447499999999999,0.44325,0.6818333333333334,0.1307432911961233,0.6490901444598333,0.1307432911961233,0.13093525179856114,0.13093525179856114,0.6490901444598333,0.6490992503077095,0.6490992503077095
SOM,Somalia,Sub-Saharan Africa,Africa,2022,0.0535,0.2515833333333333,0.49700000000000005,0.751,0.46525,0.6938333333333332,0.2125577097615163,0.6617802967839509,0.2125577097615163,0.2126531964226565,0.2126531964226565,0.6617802967839509,0.6617842876165114,0.6617842876165114
SOM,Somalia,Sub-Saharan Africa,Africa,2023,0.06841666666666667,0.26433333333333336,0.49924999999999997,0.7510833333333333,0.47275,0.6967499999999999,0.25833420087500286,0.6646746299408058,0.25833420087500286,0.25882723833543503,0.25882723833543503,0.6646746299408058,0.6647065350049928,0.6647065350049928
SOM,Somalia,Sub-Saharan Africa,Africa,2024,0.10858333333333332,0.3050833333333333,0.52725,0.7704166666666667,0.5041666666666667,0.7155,0.35567895295654717,0.6843471600606388,0.35567895295654717,0.3559136847855777,0.3559136847855777,0.6843471600606388,0.6843699296917252,0.6843699296917252
SOM,Somalia,Sub-Saharan Africa,Africa,2025,0.13208333333333333,0.3255,0.5381666666666667,0.7748333333333334,0.5249166666666667,0.7264166666666667,0.40568511450497646,0.694550116645612,0.40568511450497646,0.4057859703020993,0.4057859703020993,0.694550116645612,0.694557969455797,0.694557969455797
SOM,Somalia,Sub-Saharan Africa,Africa,2026,0.1544,0.34959999999999997,0.5478000000000001,0.7836000000000001,0.5312,0.7293999999999999,0.44166650328634327,0.6991022675373821,0.44166650328634327,0.44164759725400465,0.44164759725400465,0.6991022675373821,0.6990811638591118,0.6990811638591118
SRB,Serbia,Europe & Central Asia,Europe,2015,0.626,0.667,0.814,0.843,0.877,0.955,0.9385307346326837,0.9655990510083037,0.9385307346326837,0.9385307346326837,0.9385307346326837,0.9655990510083037,0.9655990510083037,0.9655990510083037
SRB,Serbia,Europe & Central Asia,Europe,2016,0.657,0.694,0.826,0.85,0.893,0.964,0.9466858789625361,0.9717647058823529,0.9466858789625361,0.9466858789625361,0.9466858789625361,0.9717647058823529,0.9717647058823529,0.9717647058823529
SRB,Serbia,Europe & Central Asia,Europe,2017,0.681,0.719,0.84,0.862,0.902,0.969,0.9471488178025036,0.974477958236659,0.9471488178025036,0.9471488178025036,0.9471488178025036,0.974477958236659,0.974477958236659,0.974477958236659
SRB,Serbia,Europe & Central Asia,Europe,2018,0.715,0.751,0.86,0.878,0.917,0.978,0.952063914780293,0.979498861047836,0.952063914780293,0.952063914780293,0.952063914780293,0.979498861047836,0.979498861047836,0.979498861047836
SRB,Serbia,Europe & Central Asia,Europe,2019,0.7505000000000001,0.78525,0.8790833333333333,0.8905833333333333,0.93725,0.9888333333333333,0.9559318831035862,0.987100824873766,0.9559318831035862,0.9557465775230819,0.9557465775230819,0.987100824873766,0.9870871151866755,0.9870871151866755
SRB,Serbia,Europe & Central Asia,Europe,2020,0.769,0.8017500000000001,0.88925,0.89525,0.948,0.9958333333333332,0.9591850709450762,0.9933087977073124,0.9591850709450762,0.959151855316495,0.959151855316495,0.9933087977073124,0.9932979614632784,0.9932979614632784
SRB,Serbia,Europe & Central Asia,Europe,2021,0.7886666666666667,0.8178333333333333,0.9021666666666667,0.9040833333333333,0.9588333333333333,0.9991666666666666,0.9643410752681271,0.9978743742739912,0.9643410752681271,0.9643366619115551,0.9643366619115551,0.9978743742739912,0.9978799889390727,0.9978799889390727
SRB,Serbia,Europe & Central Asia,Europe,2022,0.8140833333333334,0.8415833333333333,0.9135833333333334,0.9114166666666668,0.9714999999999999,1.0,0.9673207730618492,1.0023739197381702,0.9673207730618492,0.9673234973759779,0.9673234973759779,1.0,1.0023772515314986,1.0
SRB,Serbia,Europe & Central Asia,Europe,2023,0.8241666666666667,0.8526666666666666,0.9159166666666666,0.9147500000000001,0.9732500000000001,0.99975,0.966582634194365,1.0012586442660958,0.966582634194365,0.9665754495699767,0.9665754495699767,1.0,1.001275394005648,1.0
SRB,Serbia,Europe & Central Asia,Europe,2024,0.8644166666666666,0.8962500000000001,0.9404166666666667,0.93525,0.9925833333333333,1.0,0.9644964404858336,1.0055251008945791,0.9644964404858336,0.9644816364481634,0.9644816364481634,1.0,1.0055243695981466,1.0
SRB,Serbia,Europe & Central Asia,Europe,2025,0.8818333333333334,0.9090833333333334,0.9413333333333332,0.9316666666666666,0.9994166666666667,1.0,0.9700225666499313,1.0103742888401543,0.9700225666499313,0.9700247502062517,0.9700247502062517,1.0,1.010375670840787,1.0
SRB,Serbia,Europe & Central Asia,Europe,2026,0.905,0.931,0.95,0.937,1.0,1.0,0.9720730397422127,1.0138740661686232,0.9720730397422127,0.9720730397422126,0.9720730397422126,1.0,1.0138740661686232,1.0
SSD,South Sudan,Sub-Saharan Africa,Africa,2015,0.0,0.085,0.352,0.578,0.28,0.615,0.0,0.6089965397923875,0.0,0.0,0.0,0.6089965397923875,0.6089965397923875,0.6089965397923875
SSD,South Sudan,Sub-Saharan Africa,Africa,2016,0.0,0.107,0.369,0.588,0.301,0.628,0.0,0.6275510204081632,0.0,0.0,0.0,0.6275510204081632,0.6275510204081632,0.6275510204081632
SSD,South Sudan,Sub-Saharan Africa,Africa,2017,0.0,0.137,0.389,0.602,0.326,0.641,0.0,0.6461794019933556,0.0,0.0,0.0,0.6461794019933556,0.6461794019933556,0.6461794019933556
SSD,South Sudan,Sub-Saharan Africa,Africa,2018,0.034,0.171,0.414,0.618,0.355,0.657,0.19883040935672514,0.6699029126213591,0.19883040935672514,0.19883040935672514,0.19883040935672514,0.6699029126213591,0.6699029126213591,0.6699029126213591
SSD,South Sudan,Sub-Saharan Africa,Africa,2019,0.06341666666666666,0.19833333333333333,0.41874999999999996,0.6220833333333333,0.3621666666666667,0.65925,0.3197158022666133,0.6731360744910792,0.3197158022666133,0.31974789915966384,0.31974789915966384,0.6731360744910792,0.6731413261888813,0.6731413261888813
SSD,South Sudan,Sub-Saharan Africa,Africa,2020,0.10008333333333334,0.23358333333333334,0.45608333333333334,0.6421666666666667,0.4095,0.6881666666666666,0.42809305460945307,0.7101238669569386,0.42809305460945307,0.42846949696753484,0.42846949696753484,0.7101238669569386,0.7102257980794187,0.7102257980794187
SSD,South Sudan,Sub-Saharan Africa,Africa,2021,0.13,0.2659166666666667,0.49075,0.6660833333333334,0.45050000000000007,0.7120000000000001,0.48877855715773083,0.736738083239186,0.48877855715773083,0.48887496082732684,0.48887496082732684,0.736738083239186,0.7367696734642812,0.7367696734642812
SSD,South Sudan,Sub-Saharan Africa,Africa,2022,0.159,0.296,0.51425,0.6829166666666667,0.4779166666666666,0.7273333333333333,0.5371277251199937,0.7530066023789925,0.5371277251199937,0.5371621621621622,0.5371621621621622,0.7530066023789925,0.7530201342281878,0.7530201342281878
SSD,South Sudan,Sub-Saharan Africa,Africa,2023,0.17775,0.3129166666666667,0.52075,0.6859166666666666,0.48941666666666667,0.7329166666666667,0.5679316695052933,0.7591499347981839,0.5679316695052933,0.5680426098535286,0.5680426098535286,0.7591499347981839,0.7592030129996357,0.7592030129996357
SSD,South Sudan,Sub-Saharan Africa,Africa,2024,0.22416666666666665,0.36533333333333334,0.569,0.7235833333333334,0.5365833333333333,0.7605,0.6135192189458628,0.7863148033781275,0.6135192189458628,0.6135948905109488,0.6135948905109488,0.7863148033781275,0.7863641598525855,0.7863641598525855
SSD,South Sudan,Sub-Saharan Africa,Africa,2025,0.25833333333333336,0.4036666666666667,0.60025,0.7487499999999999,0.5672499999999999,0.7778333333333333,0.639949821677844,0.8016528932314069,0.639949821677844,0.6399669694467383,0.6399669694467383,0.8016528932314069,0.801669449081803,0.801669449081803
SSD,South Sudan,Sub-Saharan Africa,Africa,2026,0.3006,0.4492,0.6404,0.7774,0.609,0.8028000000000001,0.6691819468736162,0.8237649622499055,0.6691819468736162,0.6691896705253784,0.6691896705253784,0.8237649622499055,0.8237715461795729,0.8237715461795729
STP,Sao Tome and Principe,Sub-Saharan Africa,Africa,2015,0.319,0.433,0.654,0.773,0.69,0.843,0.7367205542725174,0.8460543337645537,0.7367205542725174,0.7367205542725174,0.7367205542725174,0.8460543337645537,0.8460543337645537,0.8460543337645537
STP,Sao Tome and Principe,Sub-Saharan Africa,Africa,2016,0.35,0.461,0.671,0.784,0.708,0.853,0.7592190889370932,0.8558673469387755,0.7592190889370932,0.7592190889370932,0.7592190889370932,0.8558673469387755,0.8558673469387755,0.8558673469387755
STP,Sao Tome and Principe,Sub-Saharan Africa,Africa,2017,0.38,0.488,0.685,0.793,0.724,0.862,0.7786885245901639,0.8638083228247163,0.7786885245901639,0.7786885245901639,0.7786885245901639,0.8638083228247163,0.8638083228247163,0.8638083228247163
STP,Sao Tome and Principe,Sub-Saharan Africa,Africa,2018,0.412,0.517,0.707,0.808,0.743,0.873,0.7969052224371372,0.8749999999999999,0.7969052224371372,0.7969052224371372,0.7969052224371372,0.8749999999999999,0.8749999999999999,0.8749999999999999
STP,Sao Tome and Principe,Sub-Saharan Africa,Africa,2019,0.43775000000000003,0.5399166666666667,0.7191666666666666,0.81575,0.7578333333333332,0.88125,0.8107991651034463,0.8815930361873662,0.8107991651034463,0.8107732674795493,0.8107732674795493,0.8815930361873662,0.8816017979364592,0.8816017979364592
STP,Sao Tome and Principe,Sub-Saharan Africa,Africa,2020,0.46775000000000005,0.5624166666666667,0.7348333333333333,0.8199166666666665,0.7804166666666666,0.8953333333333333,0.8316902599473096,0.8962305914345309,0.8316902599473096,0.8316787672247741,0.8316787672247741,0.8962305914345309,0.8962292915946745,0.8962292915946745
STP,Sao Tome and Principe,Sub-Saharan Africa,Africa,2021,0.498,0.5960833333333333,0.75725,0.8409166666666666,0.7920833333333334,0.9023333333333333,0.8354494439328376,0.900501260380286,0.8354494439328376,0.8354536558087516,0.8354536558087516,0.900501260380286,0.9005054008522446,0.9005054008522446
STP,Sao Tome and Principe,Sub-Saharan Africa,Africa,2022,0.5244166666666666,0.62025,0.7663333333333333,0.8463333333333333,0.8058333333333333,0.9093333333333334,0.8454910461007835,0.9054727948163409,0.8454910461007835,0.8454924089748758,0.8454924089748758,0.9054727948163409,0.9054745962977551,0.9054745962977551
STP,Sao Tome and Principe,Sub-Saharan Africa,Africa,2023,0.5284166666666666,0.6205833333333334,0.7588333333333334,0.8384999999999999,0.806,0.9070833333333334,0.8514667842053106,0.9049550376396637,0.8514667842053106,0.8514838189875117,0.8514838189875117,0.9049550376396637,0.9049890677797656,0.9049890677797656
STP,Sao Tome and Principe,Sub-Saharan Africa,Africa,2024,0.5621666666666666,0.6490833333333333,0.77175,0.8425833333333332,0.8301666666666666,0.9213333333333334,0.8660742966113456,0.9159259751019523,0.8660742966113456,0.8660932083707792,0.8660932083707792,0.9159259751019523,0.915933142122441,0.915933142122441
STP,Sao Tome and Principe,Sub-Saharan Africa,Africa,2025,0.5905833333333333,0.67625,0.783,0.8498333333333333,0.8450000000000001,0.9295,0.8733171508714804,0.9213567208586025,0.8733171508714804,0.8733210104744301,0.8733210104744301,0.9213567208586025,0.921357128848794,0.921357128848794
STP,Sao Tome and Principe,Sub-Saharan Africa,Africa,2026,0.6306,0.7162,0.805,0.8646,0.8678000000000001,0.943,0.8804803387164716,0.931066844929194,0.8804803387164716,0.8804803127617985,0.8804803127617985,0.931066844929194,0.9310663890816563,0.9310663890816563
SUR,Suriname,Latin America & Caribbean,South America,2015,0.619,0.656,0.863,0.865,0.902,0.988,0.9435975609756098,0.9976878612716763,0.9435975609756098,0.9435975609756098,0.9435975609756098,0.9976878612716763,0.9976878612716763,0.9976878612716763
SUR,Suriname,Latin America & Caribbean,South America,2016,0.627,0.66,0.837,0.836,0.911,0.988,0.95,1.0011961722488039,0.95,0.95,0.95,1.0,1.0011961722488039,1.0
SUR,Suriname,Latin America & Caribbean,South America,2017,0.651,0.684,0.85,0.847,0.921,0.993,0.9517543859649122,1.0035419126328218,0.9517543859649122,0.9517543859649122,0.9517543859649122,1.0,1.0035419126328218,1.0
SUR,Suriname,Latin America & Caribbean,South America,2018,0.682,0.713,0.867,0.86,0.936,1.0,0.9565217391304349,1.008139534883721,0.9565217391304349,0.9565217391304349,0.9565217391304349,1.0,1.008139534883721,1.0
SUR,Suriname,Latin America & Caribbean,South America,2019,0.69875,0.73,0.8755000000000001,0.8653333333333334,0.9451666666666666,1.0,0.957188950104034,1.0117481479380166,0.957188950104034,0.9571917808219178,0.9571917808219178,1.0,1.011748844375963,1.0
SUR,Suriname,Latin America & Caribbean,South America,2020,0.7052499999999999,0.7346666666666666,0.8580833333333334,0.8454999999999999,0.9525833333333332,1.0,0.9599559387092022,1.0148823129189013,0.9599559387092022,0.959959165154265,0.959959165154265,1.0,1.0148827123989752,1.0
SUR,Suriname,Latin America & Caribbean,South America,2021,0.7176666666666667,0.7503333333333333,0.8695833333333334,0.8569166666666667,0.957,1.0,0.956462575286189,1.0147803204733494,0.956462575286189,0.9564637938693914,0.9564637938693914,1.0,1.0147816784984927,1.0
SUR,Suriname,Latin America & Caribbean,South America,2022,0.7409166666666667,0.77225,0.8845833333333334,0.8695833333333334,0.9655833333333333,1.0,0.9594359384911358,1.0172479003458768,0.9594359384911358,0.9594259199309377,0.9594259199309377,1.0,1.017249640632487,1.0
SUR,Suriname,Latin America & Caribbean,South America,2023,0.74375,0.7745000000000001,0.88225,0.8682500000000001,0.967,1.0,0.9602694108216933,1.0161252597399408,0.9602694108216933,0.960296965784377,0.960296965784377,1.0,1.0161243881370572,1.0
SUR,Suriname,Latin America & Caribbean,South America,2024,0.7908333333333334,0.8222499999999999,0.9067500000000001,0.8863333333333333,0.9891666666666666,1.0,0.9617910666001456,1.0230296488041886,0.9617910666001456,0.9617918313570489,0.9617918313570489,1.0,1.02303497555472,1.0
SUR,Suriname,Latin America & Caribbean,South America,2025,0.8161666666666667,0.8466666666666667,0.9158333333333334,0.8922500000000001,0.9988333333333334,1.0,0.963976571698998,1.0264319583198642,0.963976571698998,0.9639763779527559,0.9639763779527559,1.0,1.0264313066218362,1.0
SUR,Suriname,Latin America & Caribbean,South America,2026,0.8475999999999999,0.8782,0.931,0.9036,1.0,1.0,0.9651563021850909,1.0303232243721783,0.9651563021850909,0.9651560009109541,0.9651560009109541,1.0,1.030323151837096,1.0
SVK,Slovakia,Europe & Central Asia,Europe,2015,0.72,0.723,0.882,0.874,0.945,1.0,0.995850622406639,1.0091533180778032,0.995850622406639,0.995850622406639,0.995850622406639,1.0,1.0091533180778032,1.0
SVK,Slovakia,Europe & Central Asia,Europe,2016,0.741,0.745,0.889,0.88,0.952,1.0,0.9946308724832215,1.0102272727272728,0.9946308724832215,0.9946308724832215,0.9946308724832215,1.0,1.0102272727272728,1.0
SVK,Slovakia,Europe & Central Asia,Europe,2017,0.77,0.771,0.903,0.889,0.967,1.0,0.9987029831387808,1.015748031496063,0.9987029831387808,0.9987029831387808,0.9987029831387808,1.0,1.015748031496063,1.0
SVK,Slovakia,Europe & Central Asia,Europe,2018,0.798,0.798,0.919,0.902,0.978,1.0,1.0,1.0188470066518847,1.0,1.0,1.0,1.0,1.0188470066518847,1.0
SVK,Slovakia,Europe & Central Asia,Europe,2019,0.8166666666666668,0.818,0.9249166666666667,0.9089166666666667,0.9848333333333333,1.0,0.9984222242246439,1.0176329772764008,0.9984222242246439,0.9983700081499595,0.9983700081499595,1.0,1.0176033739800128,1.0
SVK,Slovakia,Europe & Central Asia,Europe,2020,0.8382499999999999,0.8379166666666666,0.9317500000000001,0.9115000000000001,0.9947499999999999,1.0,1.0004528008464237,1.022252525098329,1.0,1.000397812033814,1.0,1.0,1.0222161272627537,1.0
SVK,Slovakia,Europe & Central Asia,Europe,2021,0.8710833333333333,0.8708333333333332,0.95675,0.9286666666666666,1.0,1.0,1.000307645314387,1.0302498358712764,1.0,1.0002870813397131,1.0,1.0,1.030240488155061,1.0
SVK,Slovakia,Europe & Central Asia,Europe,2022,0.8929166666666667,0.89075,0.9614166666666666,0.931,1.0,1.0,1.002465945269045,1.0326884864878945,1.0,1.0024324071475348,1.0,1.0,1.0326709631220907,1.0
SVK,Slovakia,Europe & Central Asia,Europe,2023,0.8969166666666667,0.8928333333333334,0.9619166666666666,0.9296666666666668,1.0,1.0,1.0045549868706778,1.034706853828048,1.0,1.004573455292141,1.0,1.0,1.0346898529939046,1.0
SVK,Slovakia,Europe & Central Asia,Europe,2024,0.9321666666666667,0.9277500000000001,0.9741666666666666,0.9387500000000001,1.0,1.0,1.0047653222288566,1.0377318498629304,1.0,1.0047606215754963,1.0,1.0,1.037727474478473,1.0
SVK,Slovakia,Europe & Central Asia,Europe,2025,0.94975,0.9449166666666667,0.9805,0.9434166666666667,1.0,1.0,1.0051304417278737,1.0393144729825854,1.0,1.0051150895140664,1.0,1.0,1.0393074816712304,1.0
SVK,Slovakia,Europe & Central Asia,Europe,2026,0.9743999999999999,0.9662,0.9856,0.9446,1.0,1.0,1.008494140734815,1.043408915334666,1.0,1.0084868557234528,1.0,1.0,1.0434046157103536,1.0
SVN,Slovenia,Europe & Central Asia,Europe,2015,0.794,0.81,0.932,0.932,0.951,1.0,0.9802469135802468,1.0,0.9802469135802468,0.9802469135802468,0.9802469135802468,1.0,1.0,1.0
SVN,Slovenia,Europe & Central Asia,Europe,2016,0.819,0.833,0.941,0.938,0.962,1.0,0.9831932773109243,1.0031982942430704,0.9831932773109243,0.9831932773109243,0.9831932773109243,1.0,1.0031982942430704,1.0
SVN,Slovenia,Europe & Central Asia,Europe,2017,0.847,0.858,0.954,0.946,0.977,1.0,0.9871794871794871,1.0084566596194504,0.9871794871794871,0.9871794871794871,0.9871794871794871,1.0,1.0084566596194504,1.0
SVN,Slovenia,Europe & Central Asia,Europe,2018,0.874,0.882,0.968,0.956,0.989,1.0,0.9909297052154195,1.0125523012552302,0.9909297052154195,0.9909297052154195,0.9909297052154195,1.0,1.0125523012552302,1.0
SVN,Slovenia,Europe & Central Asia,Europe,2019,0.89325,0.89975,0.9720833333333333,0.9583333333333334,0.9984999999999999,1.0,0.9927770740952587,1.0143480712669455,0.9927770740952587,0.9927757710475131,0.9927757710475131,1.0,1.0143478260869565,1.0
SVN,Slovenia,Europe & Central Asia,Europe,2020,0.9071666666666668,0.9093333333333334,0.97525,0.9544166666666666,1.0,1.0,0.9976178338368165,1.021829800435936,0.9976178338368165,0.997617302052786,0.997617302052786,1.0,1.0218283419191478,1.0
SVN,Slovenia,Europe & Central Asia,Europe,2021,0.9394166666666667,0.9359166666666666,0.9903333333333334,0.9628333333333333,1.0,1.0,1.0037426648504473,1.0285635043243277,1.0,1.0037396491852908,1.0,1.0,1.0285615371299983,1.0
SVN,Slovenia,Europe & Central Asia,Europe,2022,0.9591666666666666,0.9526666666666666,0.9865833333333334,0.9601666666666667,1.0,1.0,1.006824267484056,1.0275132562741247,1.0,1.0068229531140658,1.0,1.0,1.0275125846207256,1.0
SVN,Slovenia,Europe & Central Asia,Europe,2023,0.97125,0.9651666666666666,0.9932500000000001,0.9655833333333333,1.0,1.0,1.0062937501755562,1.0286522340224353,1.0,1.006302883785184,1.0,1.0,1.0286528005523432,1.0
SVN,Slovenia,Europe & Central Asia,Europe,2024,0.9983333333333334,0.9960833333333333,0.9999166666666667,0.9733333333333333,1.0,1.0,1.0022605238294207,1.027316103090265,1.0,1.002258847151343,1.0,1.0,1.0273116438356165,1.0
SVN,Slovenia,Europe & Central Asia,Europe,2025,1.0,1.0,1.0,0.9738333333333333,1.0,1.0,1.0,1.0268738763041307,1.0,1.0,1.0,1.0,1.0268697586856068,1.0
SVN,Slovenia,Europe & Central Asia,Europe,2026,1.0,1.0,1.0,0.9763999999999999,1.0,1.0,1.0,1.0241711099724087,1.0,1.0,1.0,1.0,1.024170421958214,1.0
SWE,Sweden,Europe & Central Asia,Europe,2015,0.871,0.877,0.989,0.986,0.968,1.0,0.9931584948688712,1.0030425963488845,0.9931584948688712,0.9931584948688712,0.9931584948688712,1.0,1.0030425963488845,1.0
SWE,Sweden,Europe & Central Asia,Europe,2016,0.888,0.893,0.992,0.988,0.974,1.0,0.9944008958566629,1.0040485829959513,0.9944008958566629,0.9944008958566629,0.9944008958566629,1.0,1.0040485829959513,1.0
SWE,Sweden,Europe & Central Asia,Europe,2017,0.9,0.906,0.994,0.994,0.974,1.0,0.9933774834437086,1.0,0.9933774834437086,0.9933774834437086,0.9933774834437086,1.0,1.0,1.0
SWE,Sweden,Europe & Central Asia,Europe,2018,0.922,0.925,1.0,0.996,0.986,1.0,0.9967567567567568,1.0040160642570282,0.9967567567567568,0.9967567567567568,0.9967567567567568,1.0,1.0040160642570282,1.0
SWE,Sweden,Europe & Central Asia,Europe,2019,0.9478333333333332,0.9465833333333333,0.9999166666666667,0.9945833333333334,1.0,1.0,1.0013396925861873,1.005382004045989,1.0,1.001320538779822,1.0,1.0,1.0053623795559279,1.0
SWE,Sweden,Europe & Central Asia,Europe,2020,0.9618333333333333,0.9575,1.0,0.995,1.0,1.0,1.0045261444719096,1.0050268195952934,1.0,1.0045256744995648,1.0,1.0,1.0050251256281406,1.0
SWE,Sweden,Europe & Central Asia,Europe,2021,0.9896666666666666,0.9813333333333333,1.0,1.0,1.0,1.0,1.0085034377026345,1.0,1.0,1.008491847826087,1.0,1.0,1.0,1.0
SWE,Sweden,Europe & Central Asia,Europe,2022,1.0,0.9994166666666667,1.0,0.9999166666666667,1.0,1.0,1.000585089439505,1.0000834167500834,1.0,1.0005836738097222,1.0,1.0,1.0000833402783564,1.0
SWE,Sweden,Europe & Central Asia,Europe,2023,0.9990833333333334,0.9985833333333334,1.0,1.0,1.0,1.0,1.0005030191258488,1.0,1.0,1.0005007093382292,1.0,1.0,1.0,1.0
SWE,Sweden,Europe & Central Asia,Europe,2024,1.0,1.0,1.0,1.0,1.0,1.0,1.0,1.0,1.0,1.0,1.0,1.0,1.0,1.0
SWE,Sweden,Europe & Central Asia,Europe,2025,1.0,1.0,1.0,1.0,1.0,1.0,1.0,1.0,1.0,1.0,1.0,1.0,1.0,1.0
SWE,Sweden,Europe & Central Asia,Europe,2026,1.0,1.0,1.0,1.0,1.0,1.0,1.0,1.0,1.0,1.0,1.0,1.0,1.0,1.0
SWZ,Eswatini,Sub-Saharan Africa,Africa,2015,0.335,0.416,0.697,0.772,0.712,0.871,0.8052884615384617,0.9028497409326424,0.8052884615384617,0.8052884615384617,0.8052884615384617,0.9028497409326424,0.9028497409326424,0.9028497409326424
SWZ,Eswatini,Sub-Saharan Africa,Africa,2016,0.395,0.461,0.722,0.768,0.767,0.904,0.8568329718004338,0.9401041666666666,0.8568329718004338,0.8568329718004338,0.8568329718004338,0.9401041666666666,0.9401041666666666,0.9401041666666666
SWZ,Eswatini,Sub-Saharan Africa,Africa,2017,0.426,0.496,0.743,0.794,0.777,0.907,0.8588709677419355,0.9357682619647355,0.8588709677419355,0.8588709677419355,0.8588709677419355,0.9357682619647355,0.9357682619647355,0.9357682619647355
SWZ,Eswatini,Sub-Saharan Africa,Africa,2018,0.47,0.535,0.765,0.806,0.806,0.923,0.8785046728971961,0.9491315136476426,0.8785046728971961,0.8785046728971961,0.8785046728971961,0.9491315136476426,0.9491315136476426,0.9491315136476426
SWZ,Eswatini,Sub-Saharan Africa,Africa,2019,0.49724999999999997,0.5586666666666668,0.7690833333333335,0.8055833333333333,0.823,0.9307500000000001,0.8900676566827882,0.954690801772443,0.8900676566827882,0.8900656324582337,0.8900656324582337,0.954690801772443,0.9546912175442228,0.9546912175442228
SWZ,Eswatini,Sub-Saharan Africa,Africa,2020,0.5350833333333334,0.5936666666666667,0.7855833333333333,0.8105000000000001,0.8541666666666666,0.9485833333333332,0.9013364475387472,0.9692489144799111,0.9013364475387472,0.9013194834362718,0.9013194834362718,0.9692489144799111,0.9692576598807319,0.9692576598807319
SWZ,Eswatini,Sub-Saharan Africa,Africa,2021,0.5785833333333333,0.63625,0.826,0.8378333333333333,0.8864166666666667,0.9714999999999999,0.9093480201045469,0.9858680307134775,0.9093480201045469,0.9093647675180092,0.9093647675180092,0.9858680307134775,0.9858762681519793,0.9858762681519793
SWZ,Eswatini,Sub-Saharan Africa,Africa,2022,0.60525,0.6593333333333334,0.8365,0.8409999999999999,0.9065,0.9825833333333334,0.9179766132358701,0.9946478629332015,0.9179766132358701,0.9179726996966631,0.9179726996966631,0.9946478629332015,0.9946492271105828,0.9946492271105828
SWZ,Eswatini,Sub-Saharan Africa,Africa,2023,0.6183333333333333,0.6700833333333334,0.8377499999999999,0.8403333333333333,0.9128333333333334,0.9850833333333333,0.9227627623761653,0.9969133223208287,0.9227627623761653,0.9227707996517845,0.9227707996517845,0.9969133223208287,0.9969258230860769,0.9969258230860769
SWZ,Eswatini,Sub-Saharan Africa,Africa,2024,0.6708333333333334,0.7223333333333333,0.86725,0.8606666666666666,0.9432499999999999,0.99925,0.9287032573827378,1.0076379601870122,0.9287032573827378,0.9287032764190126,0.9287032764190126,1.0,1.0076491092176607,1.0
SWZ,Eswatini,Sub-Saharan Africa,Africa,2025,0.711,0.7625833333333333,0.8889999999999999,0.8762500000000001,0.9655833333333333,1.0,0.9323596208416848,1.0145492064396031,0.9323596208416848,0.9323571194404984,0.9323571194404984,1.0,1.0145506419400854,1.0
SWZ,Eswatini,Sub-Saharan Africa,Africa,2026,0.7532,0.8034000000000001,0.9099999999999999,0.8896000000000001,0.9892,1.0,0.9375149469596199,1.022931988268772,0.9375149469596199,0.937515558874782,0.937515558874782,1.0,1.0229316546762588,1.0
SXM,Sint Maarten (Dutch part),Latin America & Caribbean,North America,2015,0.889,0.959,1.0,1.0,1.0,1.0,0.9270072992700731,1.0,0.9270072992700731,0.9270072992700731,0.9270072992700731,1.0,1.0,1.0
SXM,Sint Maarten (Dutch part),Latin America & Caribbean,North America,2016,0.886,0.945,1.0,1.0,1.0,1.0,0.9375661375661376,1.0,0.9375661375661376,0.9375661375661376,0.9375661375661376,1.0,1.0,1.0
SXM,Sint Maarten (Dutch part),Latin America & Caribbean,North America,2017,0.878,0.931,1.0,1.0,1.0,1.0,0.9430719656283566,1.0,0.9430719656283566,0.9430719656283566,0.9430719656283566,1.0,1.0,1.0
SXM,Sint Maarten (Dutch part),Latin America & Caribbean,North America,2018,0.877,0.921,1.0,1.0,1.0,1.0,0.9522258414766558,1.0,0.9522258414766558,0.9522258414766558,0.9522258414766558,1.0,1.0,1.0
SXM,Sint Maarten (Dutch part),Latin America & Caribbean,North America,2019,0.87525,0.9104166666666668,1.0,1.0,0.9964166666666667,1.0,0.9613965777624017,1.0,0.9613965777624017,0.9613729977116704,0.9613729977116704,1.0,1.0,1.0
SXM,Sint Maarten (Dutch part),Latin America & Caribbean,North America,2020,0.8836666666666666,0.9183333333333333,1.0,0.9993333333333334,0.9994999999999999,1.0,0.9622957189121277,1.000669512725782,0.9622957189121277,0.9622504537205081,0.9622504537205081,1.0,1.000667111407605,1.0
SXM,Sint Maarten (Dutch part),Latin America & Caribbean,North America,2021,0.8905,0.9237500000000001,1.0,0.9989166666666667,0.9995833333333333,1.0,0.9640819235723481,1.0010904635601456,0.9640819235723481,0.9640054127198916,0.9640054127198916,1.0,1.0010845082172353,1.0
SXM,Sint Maarten (Dutch part),Latin America & Caribbean,North America,2022,0.8840833333333333,0.9045833333333334,1.0,0.9911666666666666,0.9954166666666667,1.0,0.9773582948160008,1.0089507644173266,0.9773582948160008,0.9773376324274528,0.9773376324274528,1.0,1.0089120564990752,1.0
SXM,Sint Maarten (Dutch part),Latin America & Caribbean,North America,2023,0.87675,0.8975,1.0,0.9895833333333334,0.996,1.0,0.976840423384368,1.0105408608791207,0.976840423384368,0.9768802228412257,0.9768802228412257,1.0,1.0105263157894737,1.0
SXM,Sint Maarten (Dutch part),Latin America & Caribbean,North America,2024,0.9181666666666667,0.9359999999999999,1.0,0.9960833333333333,1.0,1.0,0.9809383314544421,1.0039400828975975,0.9809383314544421,0.9809472934472935,0.9809472934472935,1.0,1.0039320672634484,1.0
SXM,Sint Maarten (Dutch part),Latin America & Caribbean,North America,2025,0.9474166666666667,0.9706666666666667,1.0,1.0,1.0,1.0,0.976047458901984,1.0,0.976047458901984,0.9760473901098902,0.9760473901098902,1.0,1.0,1.0
SXM,Sint Maarten (Dutch part),Latin America & Caribbean,North America,2026,0.9728,0.9942,1.0,1.0,1.0,1.0,0.9784750544544154,1.0,0.9784750544544154,0.9784751559042446,0.9784751559042446,1.0,1.0,1.0
SYC,Seychelles,Sub-Saharan Africa,Africa,2015,0.761,0.747,0.924,0.861,1.0,1.0,1.0187416331994645,1.0731707317073171,1.0,1.0187416331994645,1.0,1.0,1.0731707317073171,1.0
SYC,Seychelles,Sub-Saharan Africa,Africa,2016,0.778,0.761,0.927,0.861,1.0,1.0,1.0223390275952695,1.0766550522648084,1.0,1.0223390275952695,1.0,1.0,1.0766550522648084,1.0
SYC,Seychelles,Sub-Saharan Africa,Africa,2017,0.803,0.778,0.936,0.858,1.0,1.0,1.032133676092545,1.090909090909091,1.0,1.032133676092545,1.0,1.0,1.090909090909091,1.0
SYC,Seychelles,Sub-Saharan Africa,Africa,2018,0.834,0.801,0.945,0.856,1.0,1.0,1.041198501872659,1.1039719626168223,1.0,1.041198501872659,1.0,1.0,1.1039719626168223,1.0
SYC,Seychelles,Sub-Saharan Africa,Africa,2019,0.8703333333333333,0.8336666666666667,0.9614166666666666,0.8635833333333333,1.0,1.0,1.0440016622349308,1.113298091818801,1.0,1.043982407037185,1.0,1.0,1.1132876580140887,1.0
SYC,Seychelles,Sub-Saharan Africa,Africa,2020,0.8665833333333333,0.8264166666666667,0.9356666666666666,0.83675,1.0,1.0,1.04863309954671,1.1182383710228359,1.0,1.048603408288797,1.0,1.0,1.1182153171994822,1.0
SYC,Seychelles,Sub-Saharan Africa,Africa,2021,0.8626666666666667,0.8109166666666666,0.9275000000000001,0.82025,1.0,1.0,1.0638709001415505,1.1307808551630345,1.0,1.0638166683794061,1.0,1.0,1.13075281926242,1.0
SYC,Seychelles,Sub-Saharan Africa,Africa,2022,0.882,0.8296666666666667,0.9303333333333333,0.8251666666666666,1.0,1.0,1.0630877814283737,1.12745698847382,1.0,1.0630775411811972,1.0,1.0,1.1274490002019795,1.0
SYC,Seychelles,Sub-Saharan Africa,Africa,2023,0.90275,0.8562500000000001,0.9460833333333333,0.8424999999999999,1.0,1.0,1.0543226102532468,1.1229961912948248,1.0,1.0543065693430658,1.0,1.0,1.1229475766567756,1.0
SYC,Seychelles,Sub-Saharan Africa,Africa,2024,0.9414166666666667,0.8925833333333334,0.9520833333333333,0.8463333333333333,1.0,1.0,1.0547152468768772,1.1249634373868524,1.0,1.0547101111007375,1.0,1.0,1.124950768018905,1.0
SYC,Seychelles,Sub-Saharan Africa,Africa,2025,0.9734166666666666,0.9275000000000001,0.9670833333333334,0.8604166666666666,1.0,1.0,1.0495085801065323,1.1239793749785245,1.0,1.0495058400718775,1.0,1.0,1.1239709443099275,1.0
SYC,Seychelles,Sub-Saharan Africa,Africa,2026,1.0,0.9725999999999999,0.9906,0.8827999999999999,1.0,1.0,1.02817260683141,1.1221115399727275,1.0,1.0281719103434095,1.0,1.0,1.1221114635251475,1.0
TCA,Turks and Caicos Islands,Latin America & Caribbean,North America,2015,0.698,0.73,0.935,0.938,0.913,1.0,0.9561643835616438,0.9968017057569297,0.9561643835616438,0.9561643835616438,0.9561643835616438,0.9968017057569297,0.9968017057569297,0.9968017057569297
TCA,Turks and Caicos Islands,Latin America & Caribbean,North America,2016,0.727,0.762,0.955,0.956,0.929,1.0,0.9540682414698163,0.9989539748953975,0.9540682414698163,0.9540682414698163,0.9540682414698163,0.9989539748953975,0.9989539748953975,0.9989539748953975
TCA,Turks and Caicos Islands,Latin America & Caribbean,North America,2017,0.75,0.787,0.967,0.966,0.94,1.0,0.9529860228716646,1.0010351966873705,0.9529860228716646,0.9529860228716646,0.9529860228716646,1.0,1.0010351966873705,1.0
TCA,Turks and Caicos Islands,Latin America & Caribbean,North America,2018,0.779,0.819,0.987,0.983,0.955,1.0,0.9511599511599512,1.0040691759918616,0.9511599511599512,0.9511599511599512,0.9511599511599512,1.0,1.0040691759918616,1.0
TCA,Turks and Caicos Islands,Latin America & Caribbean,North America,2019,0.8080833333333334,0.8513333333333333,1.0,1.0,0.96875,1.0,0.9491926903025144,1.0,0.9491926903025144,0.9491973375097886,0.9491973375097886,1.0,1.0,1.0
TCA,Turks and Caicos Islands,Latin America & Caribbean,North America,2020,0.8278333333333333,0.87475,0.9998333333333332,0.9965833333333333,0.987,1.0,0.9464075389158282,1.003277318683846,0.9464075389158282,0.9463656282747451,0.9463656282747451,1.0,1.003261142235973,1.0
TCA,Turks and Caicos Islands,Latin America & Caribbean,North America,2021,0.8504166666666667,0.8985,1.0,0.9994166666666667,0.9974166666666666,1.0,0.9465295598967362,1.0005874454514938,0.9465295598967362,0.9464848822110926,0.9464848822110926,1.0,1.0005836738097222,1.0
TCA,Turks and Caicos Islands,Latin America & Caribbean,North America,2022,0.8713333333333333,0.919,1.0,1.0,0.9995833333333333,1.0,0.9481357327213078,1.0,0.9481357327213078,0.9481320275661951,0.9481320275661951,1.0,1.0,1.0
TCA,Turks and Caicos Islands,Latin America & Caribbean,North America,2023,0.8851666666666667,0.9370833333333334,1.0,1.0,0.9981666666666666,1.0,0.9446132882984198,1.0,0.9446132882984198,0.944597598932859,0.944597598932859,1.0,1.0,1.0
TCA,Turks and Caicos Islands,Latin America & Caribbean,North America,2024,0.9719166666666667,0.9977499999999999,1.0,1.0,1.0,1.0,0.9740302329564919,1.0,0.9740302329564919,0.9741084105904954,0.9741084105904954,1.0,1.0,1.0
TCA,Turks and Caicos Islands,Latin America & Caribbean,North America,2025,0.999,1.0,1.0,1.0,1.0,1.0,0.999,1.0,0.999,0.999,0.999,1.0,1.0,1.0
TCA,Turks and Caicos Islands,Latin America & Caribbean,North America,2026,1.0,1.0,1.0,1.0,1.0,1.0,1.0,1.0,1.0,1.0,1.0,1.0,1.0,1.0
TCD,Chad,Sub-Saharan Africa,Africa,2015,0.0,0.008,0.239,0.589,0.101,0.488,0.0,0.4057724957555178,0.0,0.0,0.0,0.4057724957555178,0.4057724957555178,0.4057724957555178
TCD,Chad,Sub-Saharan Africa,Africa,2016,0.0,0.027,0.244,0.59,0.118,0.495,0.0,0.41355932203389834,0.0,0.0,0.0,0.41355932203389834,0.41355932203389834,0.41355932203389834
TCD,Chad,Sub-Saharan Africa,Africa,2017,0.0,0.05,0.255,0.597,0.136,0.504,0.0,0.4271356783919598,0.0,0.0,0.0,0.4271356783919598,0.4271356783919598,0.4271356783919598
TCD,Chad,Sub-Saharan Africa,Africa,2018,0.0,0.081,0.277,0.615,0.156,0.516,0.0,0.4504065040650407,0.0,0.0,0.0,0.4504065040650407,0.4504065040650407,0.4504065040650407
TCD,Chad,Sub-Saharan Africa,Africa,2019,0.0,0.08524999999999999,0.2544166666666667,0.6094166666666666,0.1235,0.49266666666666664,0.0,0.4172350037233798,0.0,0.0,0.0,0.4172350037233798,0.41747572815533984,0.41747572815533984
TCD,Chad,Sub-Saharan Africa,Africa,2020,0.0,0.12991666666666668,0.3020833333333333,0.6399166666666667,0.18483333333333332,0.5279166666666667,0.0,0.4720001007866195,0.0,0.0,0.0,0.4720001007866195,0.4720666753483526,0.4720666753483526
TCD,Chad,Sub-Saharan Africa,Africa,2021,0.0,0.16416666666666668,0.33516666666666667,0.6634166666666667,0.21783333333333332,0.5478333333333334,0.0,0.5051602643142312,0.0,0.0,0.0,0.5051602643142312,0.5052129129506343,0.5052129129506343
TCD,Chad,Sub-Saharan Africa,Africa,2022,0.0,0.19341666666666668,0.3561666666666667,0.67975,0.2383333333333333,0.5593333333333333,0.0,0.5239445095444804,0.0,0.0,0.0,0.5239445095444804,0.5239671447836215,0.5239671447836215
TCD,Chad,Sub-Saharan Africa,Africa,2023,0.009,0.21141666666666667,0.3629166666666666,0.6836666666666668,0.24833333333333332,0.5641666666666666,0.041904325391477176,0.5307753224298484,0.041904325391477176,0.042569964525029556,0.042569964525029556,0.5307753224298484,0.530838615309605,0.530838615309605
TCD,Chad,Sub-Saharan Africa,Africa,2024,0.05175,0.25966666666666666,0.408,0.7183333333333333,0.29375,0.5905833333333333,0.1988518915287956,0.567915951115788,0.1988518915287956,0.19929396662387677,0.19929396662387677,0.567915951115788,0.5679814385150812,0.5679814385150812
TCD,Chad,Sub-Saharan Africa,Africa,2025,0.08766666666666667,0.2975,0.44283333333333336,0.7429166666666666,0.3336666666666667,0.6136666666666667,0.29448620468479125,0.5960401154691715,0.29448620468479125,0.2946778711484594,0.2946778711484594,0.5960401154691715,0.5960740325294449,0.5960740325294449
TCD,Chad,Sub-Saharan Africa,Africa,2026,0.1342,0.3516,0.49160000000000004,0.783,0.377,0.6392,0.3816514325699613,0.6278366243513769,0.3816514325699613,0.38168373151308305,0.38168373151308305,0.6278366243513769,0.6278416347381864,0.6278416347381864
TGO,Togo,Sub-Saharan Africa,Africa,2015,0.012,0.186,0.383,0.668,0.312,0.604,0.06451612903225806,0.5733532934131736,0.06451612903225806,0.06451612903225806,0.06451612903225806,0.5733532934131736,0.5733532934131736,0.5733532934131736
TGO,Togo,Sub-Saharan Africa,Africa,2016,0.077,0.233,0.42,0.667,0.377,0.647,0.3304721030042918,0.6296851574212893,0.3304721030042918,0.3304721030042918,0.3304721030042918,0.6296851574212893,0.6296851574212893,0.6296851574212893
TGO,Togo,Sub-Saharan Africa,Africa,2017,0.126,0.272,0.447,0.673,0.418,0.672,0.463235294117647,0.6641901931649331,0.463235294117647,0.463235294117647,0.463235294117647,0.6641901931649331,0.6641901931649331,0.6641901931649331
TGO,Togo,Sub-Saharan Africa,Africa,2018,0.141,0.296,0.458,0.696,0.416,0.667,0.4763513513513513,0.6580459770114944,0.4763513513513513,0.4763513513513513,0.4763513513513513,0.6580459770114944,0.6580459770114944,0.6580459770114944
TGO,Togo,Sub-Saharan Africa,Africa,2019,0.19558333333333333,0.337,0.4825833333333333,0.693,0.4628333333333334,0.6963333333333334,0.5802965895704052,0.6963276611879398,0.5802965895704052,0.5803659742828882,0.5803659742828882,0.6963276611879398,0.6963684463684464,0.6963684463684464
TGO,Togo,Sub-Saharan Africa,Africa,2020,0.21008333333333332,0.35941666666666666,0.49425,0.7150833333333333,0.46449999999999997,0.6941666666666667,0.5844388981107841,0.6911304238666797,0.5844388981107841,0.5845119406445629,0.5845119406445629,0.6911304238666797,0.6911781843607971,0.6911781843607971
TGO,Togo,Sub-Saharan Africa,Africa,2021,0.24616666666666664,0.3985,0.5254166666666668,0.7421666666666668,0.49025,0.7086666666666667,0.6177191357999638,0.7079361431680145,0.6177191357999638,0.617733166039314,0.617733166039314,0.7079361431680145,0.7079496968335953,0.7079496968335953
TGO,Togo,Sub-Saharan Africa,Africa,2022,0.2684166666666667,0.42074999999999996,0.5340833333333334,0.7480833333333333,0.5041666666666667,0.7149166666666665,0.6379290529736606,0.713918999084915,0.6379290529736606,0.637948108536344,0.637948108536344,0.713918999084915,0.7139356132338198,0.7139356132338198
TGO,Togo,Sub-Saharan Africa,Africa,2023,0.2833333333333333,0.43375,0.5335833333333334,0.7469166666666666,0.507,0.7154166666666666,0.6531611359217727,0.7143018143254296,0.6531611359217727,0.6532180595581172,0.6532180595581172,0.7143018143254296,0.7143813455316302,0.7143813455316302
TGO,Togo,Sub-Saharan Africa,Africa,2024,0.32116666666666666,0.47441666666666665,0.5680833333333333,0.7723333333333334,0.5433333333333333,0.7364999999999999,0.6769393172285089,0.7354994945165624,0.6769393172285089,0.6769717196557176,0.6769717196557176,0.7354994945165624,0.7355416486836425,0.7355416486836425
TGO,Togo,Sub-Saharan Africa,Africa,2025,0.33816666666666667,0.48816666666666664,0.5719166666666666,0.77225,0.5550833333333333,0.742,0.6925987357348498,0.7403793725644849,0.6925987357348498,0.6927278934790031,0.6927278934790031,0.7403793725644849,0.740584871047804,0.740584871047804
TGO,Togo,Sub-Saharan Africa,Africa,2026,0.36920000000000003,0.5218,0.5948,0.7908000000000001,0.576,0.754,0.7075474007543662,0.7521447083301004,0.7075474007543662,0.7075507857416635,0.7075507857416635,0.7521447083301004,0.752149721800708,0.752149721800708
THA,Thailand,East Asia & Pacific,Asia,2015,0.716,0.732,0.865,0.842,0.962,1.0,0.9781420765027322,1.0273159144893111,0.9781420765027322,0.9781420765027322,0.9781420765027322,1.0,1.0273159144893111,1.0
THA,Thailand,East Asia & Pacific,Asia,2016,0.742,0.754,0.873,0.846,0.974,1.0,0.9840848806366047,1.0319148936170213,0.9840848806366047,0.9840848806366047,0.9840848806366047,1.0,1.0319148936170213,1.0
THA,Thailand,East Asia & Pacific,Asia,2017,0.766,0.777,0.885,0.856,0.983,1.0,0.9858429858429858,1.0338785046728973,0.9858429858429858,0.9858429858429858,0.9858429858429858,1.0,1.0338785046728973,1.0
THA,Thailand,East Asia & Pacific,Asia,2018,0.791,0.801,0.898,0.867,0.993,1.0,0.9875156054931336,1.035755478662053,0.9875156054931336,0.9875156054931336,0.9875156054931336,1.0,1.035755478662053,1.0
THA,Thailand,East Asia & Pacific,Asia,2019,0.8174166666666666,0.82475,0.9085833333333334,0.8734999999999999,0.9996666666666667,1.0,0.9911700165040446,1.040167968902127,0.9911700165040446,0.9911084166919267,0.9911084166919267,1.0,1.0401640908223624,1.0
THA,Thailand,East Asia & Pacific,Asia,2020,0.8365,0.8426666666666667,0.9106666666666667,0.8731666666666666,1.0,1.0,0.9926850833085532,1.0429476064506507,0.9926850833085532,0.9926819620253164,0.9926819620253164,1.0,1.0429471273143731,1.0
THA,Thailand,East Asia & Pacific,Asia,2021,0.8584166666666667,0.8626666666666667,0.9161666666666667,0.8753333333333333,1.0,1.0,0.9950779329972006,1.046650661489107,0.9950779329972006,0.9950734157650696,0.9950734157650696,1.0,1.0466488956587967,1.0
THA,Thailand,East Asia & Pacific,Asia,2022,0.8839166666666666,0.8840833333333333,0.9183333333333333,0.8743333333333334,1.0,1.0,0.9998133857692822,1.0503238524318528,0.9998133857692822,0.9998114808181732,0.9998114808181732,1.0,1.050324056423942,1.0
THA,Thailand,East Asia & Pacific,Asia,2023,0.88625,0.8855833333333334,0.916,0.87275,1.0,1.0,1.0007344844913841,1.0495424382520546,1.0,1.0007527994730403,1.0,1.0,1.0495560011458036,1.0
THA,Thailand,East Asia & Pacific,Asia,2024,0.923,0.9194166666666668,0.9274166666666668,0.8785,1.0,1.0,1.0038945032522493,1.0556790310586925,1.0,1.003897398712952,1.0,1.0,1.0556820337696833,1.0
THA,Thailand,East Asia & Pacific,Asia,2025,0.9466666666666667,0.9418333333333333,0.9355833333333333,0.8835833333333333,1.0,1.0,1.0051355777205817,1.0588481590379497,1.0,1.0051318350734384,1.0,1.0,1.0588512685089126,1.0
THA,Thailand,East Asia & Pacific,Asia,2026,0.9742,0.9687999999999999,0.9465999999999999,0.891,1.0,1.0,1.0055744735318932,1.0624016375019754,1.0,1.0055739058629232,1.0,1.0,1.0624017957351288,1.0
TJK,Tajikistan,Europe & Central Asia,Asia,2015,0.193,0.29,0.391,0.6,0.406,0.659,0.6655172413793105,0.6516666666666667,0.6655172413793105,0.6655172413793105,0.6655172413793105,0.6516666666666667,0.6516666666666667,0.6516666666666667
TJK,Tajikistan,Europe & Central Asia,Asia,2016,0.221,0.312,0.393,0.589,0.431,0.672,0.7083333333333334,0.6672325976230901,0.7083333333333334,0.7083333333333334,0.7083333333333334,0.6672325976230901,0.6672325976230901,0.6672325976230901
TJK,Tajikistan,Europe & Central Asia,Asia,2017,0.246,0.338,0.406,0.603,0.441,0.676,0.7278106508875739,0.6733001658374793,0.7278106508875739,0.7278106508875739,0.7278106508875739,0.6733001658374793,0.6733001658374793,0.6733001658374793
TJK,Tajikistan,Europe & Central Asia,Asia,2018,0.277,0.367,0.421,0.611,0.46,0.686,0.7547683923705722,0.6890343698854337,0.7547683923705722,0.7547683923705722,0.7547683923705722,0.6890343698854337,0.6890343698854337,0.6890343698854337
TJK,Tajikistan,Europe & Central Asia,Asia,2019,0.30341666666666667,0.3885,0.43241666666666667,0.61475,0.4790833333333333,0.6967499999999999,0.7809991264522139,0.7034021692289362,0.7809991264522139,0.7809952809952809,0.7809952809952809,0.7034021692289362,0.7034024671275586,0.7034024671275586
TJK,Tajikistan,Europe & Central Asia,Asia,2020,0.3235,0.41133333333333333,0.4486666666666667,0.6263333333333333,0.49324999999999997,0.706,0.7864639219403297,0.7162988640665668,0.7864639219403297,0.7864667747163696,0.7864667747163696,0.7162988640665668,0.716338477913784,0.716338477913784
TJK,Tajikistan,Europe & Central Asia,Asia,2021,0.3793333333333333,0.4679166666666667,0.4830833333333333,0.65375,0.5258333333333334,0.7233333333333333,0.8106908840299751,0.7389291156024923,0.8106908840299751,0.8106856634016028,0.8106856634016028,0.7389291156024923,0.7389420012746971,0.7389420012746971
TJK,Tajikistan,Europe & Central Asia,Asia,2022,0.41283333333333333,0.5014166666666667,0.51025,0.6748333333333334,0.5466666666666667,0.73625,0.823333899890288,0.7561053228662966,0.823333899890288,0.8233338873192619,0.8233338873192619,0.7561053228662966,0.7561126204000987,0.7561126204000987
TJK,Tajikistan,Europe & Central Asia,Asia,2023,0.43175,0.5195,0.5159166666666667,0.6786666666666666,0.5544166666666667,0.7395833333333334,0.8311027134571739,0.7601573665885947,0.8311027134571739,0.831087584215592,0.831087584215592,0.7601573665885947,0.7601915520628685,0.7601915520628685
TJK,Tajikistan,Europe & Central Asia,Asia,2024,0.4608333333333334,0.55025,0.53725,0.695,0.57675,0.7519166666666667,0.8375056665226491,0.7730075392346024,0.8375056665226491,0.8374981069210965,0.8374981069210965,0.7730075392346024,0.773021582733813,0.773021582733813
TJK,Tajikistan,Europe & Central Asia,Asia,2025,0.4836666666666667,0.5736666666666667,0.5494166666666668,0.7041666666666666,0.5903333333333333,0.759,0.8431221951869662,0.7802285704895512,0.8431221951869662,0.8431144683323649,0.8431144683323649,0.7802285704895512,0.7802366863905328,0.7802366863905328
TJK,Tajikistan,Europe & Central Asia,Asia,2026,0.5076,0.5976,0.5626,0.7135999999999999,0.6052,0.7668,0.8493988886351719,0.7883959287435627,0.8493988886351719,0.8493975903614458,0.8493975903614458,0.7883959287435627,0.7883968609865472,0.7883968609865472
TKM,Turkmenistan,Europe & Central Asia,Asia,2015,0.407,0.479,0.732,0.821,0.757,0.88,0.8496868475991649,0.8915956151035324,0.8496868475991649,0.8496868475991649,0.8496868475991649,0.8915956151035324,0.8915956151035324,0.8915956151035324
TKM,Turkmenistan,Europe & Central Asia,Asia,2016,0.428,0.498,0.727,0.818,0.751,0.876,0.8594377510040161,0.8887530562347189,0.8594377510040161,0.8594377510040161,0.8594377510040161,0.8887530562347189,0.8887530562347189,0.8887530562347189
TKM,Turkmenistan,Europe & Central Asia,Asia,2017,0.441,0.513,0.721,0.82,0.737,0.865,0.8596491228070176,0.8792682926829268,0.8596491228070176,0.8596491228070176,0.8596491228070176,0.8792682926829268,0.8792682926829268,0.8792682926829268
TKM,Turkmenistan,Europe & Central Asia,Asia,2018,0.46,0.531,0.722,0.822,0.729,0.861,0.8662900188323918,0.878345498783455,0.8662900188323918,0.8662900188323918,0.8662900188323918,0.878345498783455,0.878345498783455,0.878345498783455
TKM,Turkmenistan,Europe & Central Asia,Asia,2019,0.4799166666666666,0.5488333333333334,0.7086666666666667,0.81475,0.7003333333333334,0.8445833333333334,0.8744217977679075,0.8697541811510893,0.8744217977679075,0.8744306103856664,0.8744306103856664,0.8697541811510893,0.8697964610821316,0.8697964610821316
TKM,Turkmenistan,Europe & Central Asia,Asia,2020,0.5005833333333333,0.5685833333333333,0.7192500000000001,0.8213333333333334,0.7159999999999999,0.8523333333333333,0.8803928457043982,0.8756550014597598,0.8803928457043982,0.8804045141433386,0.8804045141433386,0.8756550014597598,0.8757102272727273,0.8757102272727273
TKM,Turkmenistan,Europe & Central Asia,Asia,2021,0.5319166666666667,0.5984999999999999,0.737,0.8350833333333333,0.7345,0.8619166666666667,0.8887473054141898,0.8825348311933854,0.8887473054141898,0.8887496519075468,0.8887496519075468,0.8825348311933854,0.8825466520307355,0.8825466520307355
TKM,Turkmenistan,Europe & Central Asia,Asia,2022,0.5594166666666668,0.6260833333333333,0.7570833333333334,0.852,0.7518333333333334,0.87125,0.8935171333309556,0.8885916592481463,0.8935171333309556,0.8935179023026756,0.8935179023026756,0.8885916592481463,0.8885954616588421,0.8885954616588421
TKM,Turkmenistan,Europe & Central Asia,Asia,2023,0.5633333333333334,0.6310833333333333,0.7220833333333333,0.83475,0.6967500000000001,0.8377499999999999,0.8926179672840567,0.8648594812486583,0.8926179672840567,0.8926449227518817,0.8926449227518817,0.8648594812486583,0.8650294499351103,0.8650294499351103
TKM,Turkmenistan,Europe & Central Asia,Asia,2024,0.57675,0.6450833333333333,0.7110833333333333,0.8301666666666666,0.6779166666666666,0.8257499999999999,0.8940698216072925,0.8565479767634384,0.8940698216072925,0.8940705335228006,0.8940705335228006,0.8565479767634384,0.856554908652881,0.856554908652881
TKM,Turkmenistan,Europe & Central Asia,Asia,2025,0.5948333333333333,0.6627500000000001,0.71125,0.8318333333333333,0.67575,0.8233333333333333,0.8975230806480624,0.8550376473458873,0.8975230806480624,0.8975229473154783,0.8975229473154783,0.8550376473458873,0.855039070326588,0.855039070326588
TKM,Turkmenistan,Europe & Central Asia,Asia,2026,0.617,0.684,0.723,0.8394,0.6911999999999999,0.8314,0.9020467836257309,0.8613295306203531,0.9020467836257309,0.9020467836257309,0.9020467836257309,0.8613295306203531,0.8613295210864903,0.8613295210864903
TLS,Timor-Leste,East Asia & Pacific,Asia,2015,0.345,0.441,0.646,0.75,0.704,0.849,0.782312925170068,0.8613333333333334,0.782312925170068,0.782312925170068,0.782312925170068,0.8613333333333334,0.8613333333333334,0.8613333333333334
TLS,Timor-Leste,East Asia & Pacific,Asia,2016,0.485,0.521,0.734,0.715,0.878,0.969,0.9309021113243762,1.0265734265734265,0.9309021113243762,0.9309021113243762,0.9309021113243762,1.0,1.0265734265734265,1.0
TLS,Timor-Leste,East Asia & Pacific,Asia,2017,0.397,0.491,0.676,0.765,0.743,0.872,0.8085539714867618,0.8836601307189543,0.8085539714867618,0.8085539714867618,0.8085539714867618,0.8836601307189543,0.8836601307189543,0.8836601307189543
TLS,Timor-Leste,East Asia & Pacific,Asia,2018,0.425,0.518,0.688,0.772,0.762,0.882,0.8204633204633204,0.8911917098445595,0.8204633204633204,0.8204633204633204,0.8204633204633204,0.8911917098445595,0.8911917098445595,0.8911917098445595
TLS,Timor-Leste,East Asia & Pacific,Asia,2019,0.5209166666666667,0.6225833333333334,0.7761666666666667,0.8464166666666667,0.8256666666666667,0.9226666666666667,0.836718342661261,0.9169695506226883,0.836718342661261,0.8367019140677285,0.8367019140677285,0.9169695506226883,0.9170030520823077,0.9170030520823077
TLS,Timor-Leste,East Asia & Pacific,Asia,2020,0.4989166666666667,0.5875,0.73225,0.8072500000000001,0.7981666666666668,0.9025,0.8491860671359063,0.9070735337897836,0.8491860671359063,0.8492198581560283,0.8492198581560283,0.9070735337897836,0.9070919789408484,0.9070919789408484
TLS,Timor-Leste,East Asia & Pacific,Asia,2021,0.47333333333333333,0.5815,0.7703333333333333,0.8585833333333333,0.7792500000000001,0.8986666666666667,0.8139807628734629,0.8972130794129939,0.8139807628734629,0.8139868157065061,0.8139868157065061,0.8972130794129939,0.8972144035717753,0.8972144035717753
TLS,Timor-Leste,East Asia & Pacific,Asia,2022,0.4663333333333333,0.5782499999999999,0.7554166666666666,0.8518333333333333,0.7687499999999999,0.8893333333333334,0.8064540168996795,0.8868052162889369,0.8064540168996795,0.8064562617091801,0.8064562617091801,0.8868052162889369,0.8868127567990608,0.8868127567990608
TLS,Timor-Leste,East Asia & Pacific,Asia,2023,0.48233333333333334,0.5915,0.7576666666666667,0.8516666666666666,0.777,0.8930000000000001,0.8154169892794908,0.8895910030562639,0.8154169892794908,0.8154409692871231,0.8154409692871231,0.8895910030562639,0.8896281800391391,0.8896281800391391
TLS,Timor-Leste,East Asia & Pacific,Asia,2024,0.5921666666666666,0.71175,0.851,0.9241666666666667,0.8586666666666667,0.9450833333333333,0.8319623164110088,0.9207763717861225,0.8319623164110088,0.8319868867814073,0.8319868867814073,0.9207763717861225,0.92082957619477,0.92082957619477
TLS,Timor-Leste,East Asia & Pacific,Asia,2025,0.6265,0.7429166666666666,0.86525,0.931,0.8798333333333334,0.95725,0.8432942987086233,0.9293482044084623,0.8432942987086233,0.8432978126752665,0.8432978126752665,0.9293482044084623,0.92937701396348,0.92937701396348
TLS,Timor-Leste,East Asia & Pacific,Asia,2026,0.6806000000000001,0.8030000000000002,0.9096,0.967,0.9172,0.9804,0.8475731726778598,0.9406403975959604,0.8475731726778598,0.847571606475716,0.847571606475716,0.9406403975959604,0.940641158221303,0.940641158221303
TON,Tonga,East Asia & Pacific,Oceania,2015,0.61,0.612,0.766,0.752,0.906,0.983,0.9967320261437909,1.0186170212765957,0.9967320261437909,0.9967320261437909,0.9967320261437909,1.0,1.0186170212765957,1.0
TON,Tonga,East Asia & Pacific,Oceania,2016,0.637,0.636,0.77,0.753,0.917,0.988,1.001572327044025,1.0225763612217795,1.0,1.001572327044025,1.0,1.0,1.0225763612217795,1.0
TON,Tonga,East Asia & Pacific,Oceania,2017,0.67,0.668,0.785,0.765,0.928,0.994,1.0029940119760479,1.0261437908496733,1.0,1.0029940119760479,1.0,1.0,1.0261437908496733,1.0
TON,Tonga,East Asia & Pacific,Oceania,2018,0.701,0.699,0.802,0.78,0.94,1.0,1.0028612303290414,1.0282051282051283,1.0,1.0028612303290414,1.0,1.0,1.0282051282051283,1.0
TON,Tonga,East Asia & Pacific,Oceania,2019,0.7178333333333332,0.7248333333333333,0.8170833333333333,0.803,0.9420000000000001,0.9980833333333333,0.9904691390565655,1.0175493931894652,0.9904691390565655,0.9903426074959759,0.9903426074959759,1.0,1.0175383976753838,1.0
TON,Tonga,East Asia & Pacific,Oceania,2020,0.7570833333333334,0.7591666666666667,0.8265833333333333,0.8035,0.9608333333333333,1.0,0.9972901913064325,1.0287470555729545,0.9972901913064325,0.9972557628979145,0.9972557628979145,1.0,1.0287284795685543,1.0
TON,Tonga,East Asia & Pacific,Oceania,2021,0.8005833333333334,0.8015,0.85075,0.8165,0.9878333333333332,1.0,0.9988858111521249,1.041950064636424,0.9988858111521249,0.9988563110833855,0.9988563110833855,1.0,1.0419473361910594,1.0
TON,Tonga,East Asia & Pacific,Oceania,2022,0.8152499999999999,0.81575,0.8544999999999999,0.8194166666666667,0.99375,1.0,0.999450419060754,1.0428184243409013,0.999450419060754,0.9993870671161507,0.9993870671161507,1.0,1.042815010678328,1.0
TON,Tonga,East Asia & Pacific,Oceania,2023,0.8203333333333332,0.8244166666666666,0.8628333333333332,0.8288333333333333,0.9979166666666667,1.0,0.9950402386797231,1.0410198654488476,0.9950402386797231,0.9950470029313656,0.9950470029313656,1.0,1.041021516187412,1.0
TON,Tonga,East Asia & Pacific,Oceania,2024,0.88075,0.8882500000000001,0.8985,0.8573333333333334,1.0,1.0,0.9915937485463598,1.0480006580265544,0.9915937485463598,0.9915564311849141,0.9915564311849141,1.0,1.0480171073094866,1.0
TON,Tonga,East Asia & Pacific,Oceania,2025,0.9108333333333333,0.91825,0.9121666666666667,0.8674166666666667,1.0,1.0,0.9919209587285501,1.051588730550295,0.9919209587285501,0.9919230420183319,0.9919230420183319,1.0,1.0515899702180804,1.0
TON,Tonga,East Asia & Pacific,Oceania,2026,0.9474,0.9591999999999998,0.9390000000000001,0.89,1.0,1.0,0.9877150217024845,1.0550549049945295,0.9877150217024845,0.9876980817347791,0.9876980817347791,1.0,1.0550561797752809,1.0
TTO,Trinidad and Tobago,Latin America & Caribbean,North America,2015,0.693,0.7,0.883,0.876,0.932,0.999,0.99,1.0079908675799087,0.99,0.99,0.99,1.0,1.0079908675799087,1.0
TTO,Trinidad and Tobago,Latin America & Caribbean,North America,2016,0.709,0.716,0.881,0.871,0.94,1.0,0.9902234636871509,1.0114810562571757,0.9902234636871509,0.9902234636871509,0.9902234636871509,1.0,1.0114810562571757,1.0
TTO,Trinidad and Tobago,Latin America & Caribbean,North America,2017,0.73,0.738,0.889,0.879,0.947,1.0,0.9891598915989159,1.0113765642775883,0.9891598915989159,0.9891598915989159,0.9891598915989159,1.0,1.0113765642775883,1.0
TTO,Trinidad and Tobago,Latin America & Caribbean,North America,2018,0.752,0.759,0.898,0.886,0.956,1.0,0.9907773386034255,1.0135440180586908,0.9907773386034255,0.9907773386034255,0.9907773386034255,1.0,1.0135440180586908,1.0
TTO,Trinidad and Tobago,Latin America & Caribbean,North America,2019,0.7694166666666667,0.775,0.8996666666666666,0.8864166666666667,0.9650833333333333,1.0,0.9927960612558312,1.014948070197818,0.9927960612558312,0.9927956989247313,0.9927956989247313,1.0,1.0149478236344833,1.0
TTO,Trinidad and Tobago,Latin America & Caribbean,North America,2020,0.7926666666666667,0.7969166666666667,0.8991666666666668,0.88325,0.9751666666666666,1.0,0.994668873888323,1.0180240988606026,0.994668873888323,0.9946669455191886,0.9946669455191886,1.0,1.0180205679781114,1.0
TTO,Trinidad and Tobago,Latin America & Caribbean,North America,2021,0.8148333333333334,0.8210833333333333,0.9203333333333333,0.9023333333333333,0.9821666666666666,1.0,0.9923951208114774,1.0199511997640582,0.9923951208114774,0.9923881051456411,0.9923881051456411,1.0,1.0199482822312522,1.0
TTO,Trinidad and Tobago,Latin America & Caribbean,North America,2022,0.8529166666666667,0.8569166666666667,0.9438333333333332,0.9207500000000001,0.9979999999999999,1.0,0.9953347952462668,1.0250704826460844,0.9953347952462668,0.9953321015267917,0.9953321015267917,1.0,1.025070142094307,1.0
TTO,Trinidad and Tobago,Latin America & Caribbean,North America,2023,0.8636666666666667,0.8698333333333333,0.9520833333333333,0.9291666666666667,1.0,1.0,0.9928915253605651,1.0246706907043583,0.9928915253605651,0.9929105192565626,0.9929105192565626,1.0,1.0246636771300448,1.0
TTO,Trinidad and Tobago,Latin America & Caribbean,North America,2024,0.9001666666666667,0.90625,0.9651666666666666,0.9390000000000001,1.0,1.0,0.9932849478785757,1.027866750285397,0.9932849478785757,0.9932873563218391,0.9932873563218391,1.0,1.0278665246716363,1.0
TTO,Trinidad and Tobago,Latin America & Caribbean,North America,2025,0.9246666666666666,0.9322500000000001,0.9774166666666666,0.9499999999999998,1.0,1.0,0.9918646730971279,1.0288590228391432,0.9918646730971279,0.9918655582372394,0.9918655582372394,1.0,1.028859649122807,1.0
TTO,Trinidad and Tobago,Latin America & Caribbean,North America,2026,0.9484,0.954,0.984,0.9532,1.0,1.0,0.9941310642101845,1.0323129319074413,0.9941310642101845,0.9941299790356395,0.9941299790356395,1.0,1.0323122114981116,1.0
TUN,Tunisia,Middle East & North Africa,Africa,2015,0.605,0.728,0.893,0.977,0.854,0.943,0.8310439560439561,0.9140225179119754,0.8310439560439561,0.8310439560439561,0.8310439560439561,0.9140225179119754,0.9140225179119754,0.9140225179119754
TUN,Tunisia,Middle East & North Africa,Africa,2016,0.633,0.748,0.896,0.97,0.872,0.953,0.8462566844919787,0.9237113402061856,0.8462566844919787,0.8462566844919787,0.8462566844919787,0.9237113402061856,0.9237113402061856,0.9237113402061856
TUN,Tunisia,Middle East & North Africa,Africa,2017,0.653,0.763,0.893,0.963,0.882,0.957,0.8558322411533421,0.9273104880581516,0.8558322411533421,0.8558322411533421,0.8558322411533421,0.9273104880581516,0.9273104880581516,0.9273104880581516
TUN,Tunisia,Middle East & North Africa,Africa,2018,0.678,0.783,0.896,0.961,0.895,0.963,0.8659003831417624,0.9323621227887617,0.8659003831417624,0.8659003831417624,0.8659003831417624,0.9323621227887617,0.9323621227887617,0.9323621227887617
TUN,Tunisia,Middle East & North Africa,Africa,2019,0.70325,0.7958333333333334,0.894,0.9453333333333332,0.9125833333333334,0.9730833333333333,0.8836785923441358,0.9456773112785989,0.8836785923441358,0.8836649214659685,0.8836649214659685,0.9456773112785989,0.9456981664315939,0.9456981664315939
TUN,Tunisia,Middle East & North Africa,Africa,2020,0.72375,0.8151666666666667,0.9040833333333333,0.951,0.9255,0.9805,0.887878263706217,0.9506393512678537,0.887878263706217,0.8878552443263136,0.8878552443263136,0.9506393512678537,0.9506659656501928,0.9506659656501928
TUN,Tunisia,Middle East & North Africa,Africa,2021,0.75,0.84525,0.9260833333333335,0.9724166666666667,0.9385833333333333,0.9886666666666667,0.8873121041223655,0.9523507917144296,0.8873121041223655,0.8873114463176576,0.8873114463176576,0.9523507917144296,0.9523523866655241,0.9523523866655241
TUN,Tunisia,Middle East & North Africa,Africa,2022,0.7604166666666666,0.85025,0.9150833333333334,0.96125,0.9376666666666668,0.9856666666666666,0.8943549910346347,0.9519662757735089,0.8943549910346347,0.8943448005488582,0.8943448005488582,0.9519662757735089,0.9519722583441699,0.9519722583441699
TUN,Tunisia,Middle East & North Africa,Africa,2023,0.7494166666666667,0.8312499999999999,0.8871666666666668,0.9358333333333334,0.9220833333333333,0.97375,0.901545938779018,0.9479195701260151,0.901545938779018,0.9015538847117796,0.9015538847117796,0.9479195701260151,0.9479964381121995,0.9479964381121995
TUN,Tunisia,Middle East & North Africa,Africa,2024,0.794,0.8723333333333333,0.9075000000000001,0.9467499999999999,0.9498333333333333,0.99025,0.9101954349157917,0.9585236290195615,0.9101954349157917,0.9102025219717235,0.9102025219717235,0.9585236290195615,0.9585423818325853,0.9585423818325853
TUN,Tunisia,Middle East & North Africa,Africa,2025,0.8181666666666666,0.8938333333333334,0.9143333333333334,0.9494166666666666,0.9616666666666666,0.9963333333333333,0.9153495787757723,0.963031073543445,0.9153495787757723,0.9153458884952451,0.9153458884952451,0.963031073543445,0.9630474852979902,0.9630474852979902
TUN,Tunisia,Middle East & North Africa,Africa,2026,0.8480000000000001,0.9238,0.9292,0.9602,0.9782,1.0,0.9179500961229543,0.9677146477445884,0.9179500961229543,0.9179476077072961,0.9179476077072961,0.9677146477445884,0.9677150593626328,0.9677150593626328
TUR,Türkiye,Europe & Central Asia,Asia,2015,0.755,0.887,1.0,1.0,0.912,0.979,0.8511837655016911,1.0,0.8511837655016911,0.8511837655016911,0.8511837655016911,1.0,1.0,1.0
TUR,Türkiye,Europe & Central Asia,Asia,2016,0.778,0.903,1.0,1.0,0.924,0.985,0.8615725359911407,1.0,0.8615725359911407,0.8615725359911407,0.8615725359911407,1.0,1.0,1.0
TUR,Türkiye,Europe & Central Asia,Asia,2017,0.8,0.919,1.0,1.0,0.931,0.988,0.8705114254624592,1.0,0.8705114254624592,0.8705114254624592,0.8705114254624592,1.0,1.0,1.0
TUR,Türkiye,Europe & Central Asia,Asia,2018,0.811,0.928,1.0,1.0,0.931,0.984,0.8739224137931034,1.0,0.8739224137931034,0.8739224137931034,0.8739224137931034,1.0,1.0,1.0
TUR,Türkiye,Europe & Central Asia,Asia,2019,0.8315,0.9442499999999999,0.9994166666666667,1.0,0.9389166666666666,0.9854166666666666,0.8806494520633161,0.9994166666666667,0.8806494520633161,0.8805930632777338,0.8805930632777338,0.9994166666666667,0.9994166666666667,0.9994166666666667
TUR,Türkiye,Europe & Central Asia,Asia,2020,0.8345833333333332,0.94775,0.9999166666666667,1.0,0.9350833333333334,0.9834166666666667,0.880603851675538,0.9999166666666667,0.880603851675538,0.8805943902224566,0.8805943902224566,0.9999166666666667,0.9999166666666667,0.9999166666666667
TUR,Türkiye,Europe & Central Asia,Asia,2021,0.8655833333333334,0.9785833333333334,1.0,1.0,0.9475833333333332,0.9906666666666667,0.8845271310093957,1.0,0.8845271310093957,0.8845269522268586,0.8845269522268586,1.0,1.0,1.0
TUR,Türkiye,Europe & Central Asia,Asia,2022,0.8984166666666668,0.99975,1.0,1.0,0.9575833333333333,0.9946666666666667,0.8986398361751923,1.0,0.8986398361751923,0.8986413269984164,0.8986413269984164,1.0,1.0,1.0
TUR,Türkiye,Europe & Central Asia,Asia,2023,0.8815833333333334,0.9715833333333334,0.9784999999999999,1.0,0.926,0.9733333333333333,0.907247735300762,0.9784999999999999,0.907247735300762,0.9073676987734798,0.9073676987734798,0.9784999999999999,0.9784999999999999,0.9784999999999999
TUR,Türkiye,Europe & Central Asia,Asia,2024,0.9356666666666666,0.99925,0.9994999999999999,1.0,0.9740000000000001,0.9975,0.9363417423477968,0.9994999999999999,0.9363417423477968,0.9363689433741973,0.9363689433741973,0.9994999999999999,0.9994999999999999,0.9994999999999999
TUR,Türkiye,Europe & Central Asia,Asia,2025,0.9545833333333333,1.0,1.0,1.0,0.9818333333333333,0.99775,0.9545833333333333,1.0,0.9545833333333333,0.9545833333333333,0.9545833333333333,1.0,1.0,1.0
TUR,Türkiye,Europe & Central Asia,Asia,2026,0.9802,1.0,1.0,1.0,0.9974000000000001,1.0,0.9802,1.0,0.9802,0.9802,0.9802,1.0,1.0,1.0
TUV,Tuvalu,East Asia & Pacific,Oceania,2015,0.492,0.555,0.774,0.812,0.834,0.939,0.8864864864864864,0.9532019704433498,0.8864864864864864,0.8864864864864864,0.8864864864864864,0.9532019704433498,0.9532019704433498,0.9532019704433498
TUV,Tuvalu,East Asia & Pacific,Oceania,2016,0.51,0.574,0.788,0.826,0.839,0.942,0.8885017421602789,0.953995157384988,0.8885017421602789,0.8885017421602789,0.8885017421602789,0.953995157384988,0.953995157384988,0.953995157384988
TUV,Tuvalu,East Asia & Pacific,Oceania,2017,0.557,0.608,0.813,0.826,0.881,0.97,0.9161184210526316,0.9842615012106537,0.9161184210526316,0.9161184210526316,0.9161184210526316,0.9842615012106537,0.9842615012106537,0.9842615012106537
TUV,Tuvalu,East Asia & Pacific,Oceania,2018,0.589,0.635,0.822,0.83,0.896,0.978,0.9275590551181102,0.9903614457831326,0.9275590551181102,0.9275590551181102,0.9275590551181102,0.9903614457831326,0.9903614457831326,0.9903614457831326
TUV,Tuvalu,East Asia & Pacific,Oceania,2019,0.5951666666666666,0.6396666666666667,0.8279166666666665,0.8346666666666667,0.89875,0.9787499999999999,0.9304947587487468,0.9919656039636208,0.9304947587487468,0.930432516935904,0.930432516935904,0.9919656039636208,0.9919129392971244,0.9919129392971244
TUV,Tuvalu,East Asia & Pacific,Oceania,2020,0.6471666666666667,0.6910833333333333,0.8500833333333334,0.8497499999999999,0.9245833333333334,0.9943333333333334,0.9365615377499027,1.000412886277468,0.9365615377499027,0.9364524297600386,0.9364524297600386,1.0,1.0003922722369327,1.0
TUV,Tuvalu,East Asia & Pacific,Oceania,2021,0.6696666666666667,0.7084166666666666,0.8565833333333334,0.85275,0.9316666666666666,0.999,0.9453319726228773,1.0045125414217775,0.9453319726228773,0.9453005528761325,0.9453005528761325,1.0,1.004495260431936,1.0
TUV,Tuvalu,East Asia & Pacific,Oceania,2022,0.6948333333333333,0.7321666666666666,0.8598333333333333,0.8550833333333333,0.939,1.0,0.9490058477234092,1.0055574378199421,0.9490058477234092,0.9490097882995675,0.9490097882995675,1.0,1.0055550141311764,1.0
TUV,Tuvalu,East Asia & Pacific,Oceania,2023,0.7012499999999999,0.7358333333333333,0.8564166666666666,0.8504166666666667,0.9423333333333334,0.9988333333333334,0.9529493264237074,1.0070465660208063,0.9529493264237074,0.9530011325028311,0.9530011325028311,1.0,1.0070553650171483,1.0
TUV,Tuvalu,East Asia & Pacific,Oceania,2024,0.7026666666666667,0.73,0.8466666666666667,0.8371666666666666,0.9494166666666666,0.9998333333333332,0.9625735790961786,1.011341448575846,0.9625735790961786,0.9625570776255707,0.9625570776255707,1.0,1.0113478001194507,1.0
TUV,Tuvalu,East Asia & Pacific,Oceania,2025,0.7251666666666666,0.7519166666666667,0.85725,0.8443333333333333,0.9623333333333334,1.0,0.9644193353307284,1.0152568179144272,0.9644193353307284,0.9644242491410838,0.9644242491410838,1.0,1.0152980655349388,1.0
TUV,Tuvalu,East Asia & Pacific,Oceania,2026,0.8064,0.825,0.8722,0.8496,0.9782,1.0,0.9774649841064715,1.0266038874892431,0.9774649841064715,0.9774545454545455,0.9774545454545455,1.0,1.0266007532956685,1.0
TWN,"Taiwan, Province of China",East Asia & Pacific,Asia,2015,0.551,0.605,0.769,0.827,0.817,0.926,0.9107438016528927,0.9298669891172915,0.9107438016528927,0.9107438016528927,0.9107438016528927,0.9298669891172915,0.9298669891172915,0.9298669891172915
TWN,"Taiwan, Province of China",East Asia & Pacific,Asia,2016,0.578,0.63,0.779,0.832,0.832,0.933,0.9174603174603174,0.936298076923077,0.9174603174603174,0.9174603174603174,0.9174603174603174,0.936298076923077,0.936298076923077,0.936298076923077
TWN,"Taiwan, Province of China",East Asia & Pacific,Asia,2017,0.602,0.656,0.79,0.845,0.838,0.935,0.9176829268292682,0.9349112426035504,0.9176829268292682,0.9176829268292682,0.9176829268292682,0.9349112426035504,0.9349112426035504,0.9349112426035504
TWN,"Taiwan, Province of China",East Asia & Pacific,Asia,2018,0.63,0.683,0.804,0.856,0.851,0.943,0.9224011713030746,0.9392523364485982,0.9224011713030746,0.9224011713030746,0.9224011713030746,0.9392523364485982,0.9392523364485982,0.9392523364485982
TWN,"Taiwan, Province of China",East Asia & Pacific,Asia,2019,0.66725,0.7172499999999999,0.8226666666666667,0.8650833333333333,0.8730833333333333,0.9556666666666667,0.9302911194989255,0.9509609716337541,0.9302911194989255,0.9302892994074591,0.9302892994074591,0.9509609716337541,0.9509681148251614,0.9509681148251614
TWN,"Taiwan, Province of China",East Asia & Pacific,Asia,2020,0.6726666666666667,0.7203333333333334,0.8153333333333332,0.85575,0.8779166666666667,0.9561666666666667,0.9338296126992639,0.9527710679199058,0.9338296126992639,0.9338269319759371,0.9338269319759371,0.9527710679199058,0.9527704742428668,0.9527704742428668
TWN,"Taiwan, Province of China",East Asia & Pacific,Asia,2021,0.6975833333333332,0.746,0.8315833333333332,0.8704999999999999,0.8875000000000001,0.9619166666666666,0.9351004424303965,0.9552933480836295,0.9351004424303965,0.9350983020554064,0.9350983020554064,0.9552933480836295,0.9552938923990043,0.9552938923990043
TWN,"Taiwan, Province of China",East Asia & Pacific,Asia,2022,0.7285833333333334,0.7790833333333333,0.85025,0.8884166666666666,0.8986666666666667,0.9676666666666667,0.9351808559440112,0.9570396184126678,0.9351808559440112,0.9351802331800193,0.9351802331800193,0.9570396184126678,0.9570396773285808,0.9570396773285808
TWN,"Taiwan, Province of China",East Asia & Pacific,Asia,2023,0.7345,0.7848333333333334,0.8513333333333333,0.8897499999999999,0.9029166666666667,0.9679166666666666,0.9358162877664992,0.9568070402284218,0.9358162877664992,0.9358674877893396,0.9358674877893396,0.9568070402284218,0.9568230776435328,0.9568230776435328
TWN,"Taiwan, Province of China",East Asia & Pacific,Asia,2024,0.7743333333333333,0.8224166666666667,0.8654166666666666,0.8980833333333335,0.9193333333333333,0.9778333333333333,0.9415194478337984,0.9636218228637903,0.9415194478337984,0.9415340966663289,0.9415340966663289,0.9636218228637903,0.9636262410689429,0.9636262410689429
TWN,"Taiwan, Province of China",East Asia & Pacific,Asia,2025,0.7975,0.84525,0.875,0.9051666666666667,0.9301666666666667,0.9834166666666667,0.94351035004365,0.9666672364294904,0.94351035004365,0.9435078379177758,0.9435078379177758,0.9666672364294904,0.9666728042717732,0.9666728042717732
TWN,"Taiwan, Province of China",East Asia & Pacific,Asia,2026,0.8215999999999999,0.8676,0.8826,0.9096,0.9405999999999999,0.9888,0.9469811096293063,0.9703165565622587,0.9469811096293063,0.9469801751959427,0.9469801751959427,0.9703165565622587,0.9703166226912929,0.9703166226912929
TZA,"Tanzania, United Republic of",Sub-Saharan Africa,Africa,2015,0.137,0.242,0.479,0.631,0.51,0.74,0.566115702479339,0.7591125198098256,0.566115702479339,0.566115702479339,0.566115702479339,0.7591125198098256,0.7591125198098256,0.7591125198098256
TZA,"Tanzania, United Republic of",Sub-Saharan Africa,Africa,2016,0.167,0.269,0.497,0.64,0.536,0.754,0.620817843866171,0.7765624999999999,0.620817843866171,0.620817843866171,0.620817843866171,0.7765624999999999,0.7765624999999999,0.7765624999999999
TZA,"Tanzania, United Republic of",Sub-Saharan Africa,Africa,2017,0.202,0.301,0.516,0.651,0.56,0.768,0.6710963455149502,0.7926267281105991,0.6710963455149502,0.6710963455149502,0.6710963455149502,0.7926267281105991,0.7926267281105991,0.7926267281105991
TZA,"Tanzania, United Republic of",Sub-Saharan Africa,Africa,2018,0.237,0.333,0.536,0.662,0.586,0.782,0.7117117117117117,0.8096676737160121,0.7117117117117117,0.7117117117117117,0.7117117117117117,0.8096676737160121,0.8096676737160121,0.8096676737160121
TZA,"Tanzania, United Republic of",Sub-Saharan Africa,Africa,2019,0.2744166666666667,0.36866666666666664,0.5574166666666667,0.6765,0.6115,0.7955833333333334,0.7442765397487644,0.8239022800040492,0.7442765397487644,0.744349005424955,0.744349005424955,0.8239022800040492,0.8239714215323971,0.8239714215323971
TZA,"Tanzania, United Republic of",Sub-Saharan Africa,Africa,2020,0.3195,0.4014166666666667,0.5835,0.6779166666666666,0.6556666666666667,0.8239166666666665,0.7959159930792018,0.8607024893407317,0.7959159930792018,0.7959310774340875,0.7959310774340875,0.8607024893407317,0.8607252612169638,0.8607252612169638
TZA,"Tanzania, United Republic of",Sub-Saharan Africa,Africa,2021,0.3239166666666667,0.416,0.5943333333333333,0.6998333333333333,0.6551666666666667,0.8210000000000001,0.7786325445993268,0.8492317630638319,0.7786325445993268,0.7786458333333334,0.7786458333333334,0.8492317630638319,0.8492498213860442,0.8492498213860442
TZA,"Tanzania, United Republic of",Sub-Saharan Africa,Africa,2022,0.3516666666666666,0.44225000000000003,0.6116666666666667,0.71125,0.6767500000000001,0.8328333333333333,0.7951729966861686,0.8599833814701183,0.7951729966861686,0.7951761824006028,0.7951761824006028,0.8599833814701183,0.8599882835383714,0.8599882835383714
TZA,"Tanzania, United Republic of",Sub-Saharan Africa,Africa,2023,0.36866666666666664,0.45766666666666667,0.6150833333333333,0.7130833333333334,0.6833333333333335,0.8353333333333333,0.8055318165015491,0.8625517681901654,0.8055318165015491,0.805535324107793,0.805535324107793,0.8625517681901654,0.8625686572396867,0.8625686572396867
TZA,"Tanzania, United Republic of",Sub-Saharan Africa,Africa,2024,0.4071666666666667,0.4975833333333333,0.646,0.7351666666666666,0.7171666666666666,0.855,0.8182852517268849,0.8786970672562586,0.8182852517268849,0.8182883939038688,0.8182883939038688,0.8786970672562586,0.8787123101337566,0.8787123101337566
TZA,"Tanzania, United Republic of",Sub-Saharan Africa,Africa,2025,0.44325,0.5358333333333334,0.6727500000000001,0.7550833333333333,0.7447499999999999,0.8708333333333332,0.8272135225118955,0.8909545732530574,0.8272135225118955,0.8272161741835147,0.8272161741835147,0.8909545732530574,0.8909612625538021,0.8909612625538021
TZA,"Tanzania, United Republic of",Sub-Saharan Africa,Africa,2026,0.4808,0.5751999999999999,0.7011999999999999,0.7756000000000001,0.775,0.8886,0.8358867525824254,0.90407326144958,0.8358867525824254,0.8358831710709319,0.8358831710709319,0.90407326144958,0.9040742650850953,0.9040742650850953
UGA,Uganda,Sub-Saharan Africa,Africa,2015,0.158,0.266,0.519,0.662,0.575,0.773,0.5939849624060151,0.783987915407855,0.5939849624060151,0.5939849624060151,0.5939849624060151,0.783987915407855,0.783987915407855,0.783987915407855
UGA,Uganda,Sub-Saharan Africa,Africa,2016,0.18,0.284,0.514,0.654,0.584,0.776,0.6338028169014085,0.7859327217125383,0.6338028169014085,0.6338028169014085,0.6338028169014085,0.7859327217125383,0.7859327217125383,0.7859327217125383
UGA,Uganda,Sub-Saharan Africa,Africa,2017,0.181,0.295,0.507,0.666,0.563,0.759,0.6135593220338983,0.7612612612612613,0.6135593220338983,0.6135593220338983,0.6135593220338983,0.7612612612612613,0.7612612612612613,0.7612612612612613
UGA,Uganda,Sub-Saharan Africa,Africa,2018,0.218,0.324,0.522,0.667,0.586,0.773,0.6728395061728395,0.782608695652174,0.6728395061728395,0.6728395061728395,0.6728395061728395,0.782608695652174,0.782608695652174,0.782608695652174
UGA,Uganda,Sub-Saharan Africa,Africa,2019,0.24091666666666667,0.34375,0.5213333333333333,0.6654166666666667,0.5845833333333333,0.7718333333333334,0.7008397633454783,0.783464959562293,0.7008397633454783,0.7008484848484848,0.7008484848484848,0.783464959562293,0.7834690043832185,0.7834690043832185
UGA,Uganda,Sub-Saharan Africa,Africa,2020,0.26016666666666666,0.3678333333333333,0.5351666666666667,0.6825000000000001,0.5933333333333333,0.7750833333333333,0.7072827278486474,0.7841152510723507,0.7072827278486474,0.7072949705482556,0.7072949705482556,0.7841152510723507,0.784126984126984,0.784126984126984
UGA,Uganda,Sub-Saharan Africa,Africa,2021,0.24875,0.37316666666666665,0.5290833333333333,0.7056666666666667,0.5648333333333333,0.7526666666666667,0.6665790709454421,0.7497511855581939,0.6665790709454421,0.666592228673515,0.666592228673515,0.7497511855581939,0.7497638167217762,0.7497638167217762
UGA,Uganda,Sub-Saharan Africa,Africa,2022,0.30116666666666664,0.40675,0.5509166666666667,0.6964999999999999,0.6060833333333333,0.7804166666666666,0.7404181220202984,0.7909729529652013,0.7404181220202984,0.7404220446629788,0.7404220446629788,0.7909729529652013,0.7909787030390047,0.7909787030390047
UGA,Uganda,Sub-Saharan Africa,Africa,2023,0.31383333333333335,0.4186666666666667,0.5461666666666667,0.6939166666666666,0.6000833333333333,0.7755000000000001,0.74959855874191,0.7870671871216467,0.74959855874191,0.7496019108280255,0.7496019108280255,0.7870671871216467,0.7870781794163565,0.7870781794163565
UGA,Uganda,Sub-Saharan Africa,Africa,2024,0.3389166666666667,0.44608333333333333,0.5565000000000001,0.7045833333333333,0.6053333333333333,0.7778333333333333,0.7597576309169733,0.7898192316561831,0.7597576309169733,0.7597608817485523,0.7597608817485523,0.7898192316561831,0.7898285038438795,0.7898285038438795
UGA,Uganda,Sub-Saharan Africa,Africa,2025,0.35766666666666663,0.46458333333333335,0.5597500000000001,0.7079999999999999,0.6071666666666666,0.7779166666666667,0.7698592704584023,0.790591873551734,0.7698592704584023,0.7698654708520178,0.7698654708520178,0.790591873551734,0.7906073446327686,0.7906073446327686
UGA,Uganda,Sub-Saharan Africa,Africa,2026,0.37679999999999997,0.4848,0.5626,0.7125999999999999,0.6064,0.7766,0.7772268112384653,0.789502007295517,0.7772268112384653,0.7772277227722771,0.7772277227722771,0.789502007295517,0.7895032276171766,0.7895032276171766
UKR,Ukraine,Europe & Central Asia,Europe,2015,0.558,0.539,0.75,0.699,1.0,1.0,1.0352504638218925,1.072961373390558,1.0,1.0352504638218925,1.0,1.0,1.072961373390558,1.0
UKR,Ukraine,Europe & Central Asia,Europe,2016,0.579,0.561,0.756,0.706,1.0,1.0,1.032085561497326,1.0708215297450425,1.0,1.032085561497326,1.0,1.0,1.0708215297450425,1.0
UKR,Ukraine,Europe & Central Asia,Europe,2017,0.615,0.594,0.778,0.723,1.0,1.0,1.0353535353535355,1.0760719225449518,1.0,1.0353535353535355,1.0,1.0,1.0760719225449518,1.0
UKR,Ukraine,Europe & Central Asia,Europe,2018,0.643,0.621,0.797,0.739,1.0,1.0,1.035426731078905,1.0784844384303114,1.0,1.035426731078905,1.0,1.0,1.0784844384303114,1.0
UKR,Ukraine,Europe & Central Asia,Europe,2019,0.6680833333333335,0.6524166666666668,0.8181666666666666,0.7635000000000001,1.0,1.0,1.0240388305682397,1.0716061339024427,1.0,1.0240132839443097,1.0,1.0,1.0716000873171794,1.0
UKR,Ukraine,Europe & Central Asia,Europe,2020,0.6796666666666668,0.6617500000000001,0.8177499999999999,0.76175,1.0,1.0,1.0270753154581047,1.0735163182261527,1.0,1.027074675733535,1.0,1.0,1.0735149327207087,1.0
UKR,Ukraine,Europe & Central Asia,Europe,2021,0.7110833333333333,0.6898333333333332,0.8392499999999999,0.7768333333333334,1.0,1.0,1.0308091495233864,1.080353187692585,1.0,1.030804542159942,1.0,1.0,1.0803475649002359,1.0
UKR,Ukraine,Europe & Central Asia,Europe,2022,0.722,0.7002499999999999,0.8675833333333333,0.79,1.0,1.0,1.0309834889707874,1.097064454972495,1.0,1.0310603355944306,1.0,1.0,1.098206751054852,1.0
UKR,Ukraine,Europe & Central Asia,Europe,2023,0.7374166666666667,0.7243333333333334,0.8653333333333334,0.7999999999999999,1.0,1.0,1.0180675451779042,1.0811958738251193,1.0,1.0180625862862402,1.0,1.0,1.0816666666666668,1.0
UKR,Ukraine,Europe & Central Asia,Europe,2024,0.7575,0.7365833333333334,0.8510833333333333,0.7835833333333334,1.0,1.0,1.0283975448643943,1.0861475168517916,1.0,1.0283968774748273,1.0,1.0,1.0861427204083802,1.0
UKR,Ukraine,Europe & Central Asia,Europe,2025,0.7575,0.7360000000000001,0.8240833333333333,0.7683333333333334,0.9650833333333333,0.9852500000000001,1.0290161718507795,1.0710962276255602,1.0,1.029211956521739,1.0,1.0,1.0725596529284163,1.0
UKR,Ukraine,Europe & Central Asia,Europe,2026,0.7975000000000001,0.772,0.862,0.788,1.0,1.0,1.0330319824558756,1.093910391130909,1.0,1.0330310880829017,1.0,1.0,1.0939086294416243,1.0
URY,Uruguay,Latin America & Caribbean,South America,2015,0.776,0.764,0.909,0.865,0.978,1.0,1.0157068062827226,1.0508670520231214,1.0,1.0157068062827226,1.0,1.0,1.0508670520231214,1.0
URY,Uruguay,Latin America & Caribbean,South America,2016,0.8,0.784,0.915,0.866,0.992,1.0,1.0204081632653061,1.056581986143187,1.0,1.0204081632653061,1.0,1.0,1.056581986143187,1.0
URY,Uruguay,Latin America & Caribbean,South America,2017,0.821,0.806,0.927,0.879,0.998,1.0,1.0186104218362282,1.0546075085324234,1.0,1.0186104218362282,1.0,1.0,1.0546075085324234,1.0
URY,Uruguay,Latin America & Caribbean,South America,2018,0.838,0.821,0.932,0.881,1.0,1.0,1.020706455542022,1.05788876276958,1.0,1.020706455542022,1.0,1.0,1.05788876276958,1.0
URY,Uruguay,Latin America & Caribbean,South America,2019,0.8540833333333334,0.8311666666666667,0.927,0.8714166666666667,1.0,1.0,1.0277265755645193,1.0638177128353599,1.0,1.0275716863846,1.0,1.0,1.063785024385579,1.0
URY,Uruguay,Latin America & Caribbean,South America,2020,0.8771666666666667,0.8610000000000001,0.9388333333333333,0.8853333333333334,1.0,1.0,1.01897407150508,1.06049721929849,1.0,1.0187766163375918,1.0,1.0,1.0604292168674698,1.0
URY,Uruguay,Latin America & Caribbean,South America,2021,0.8965000000000001,0.8805833333333334,0.95425,0.8984166666666668,1.0,1.0,1.0182381845934196,1.0621926569638906,1.0,1.018075139585502,1.0,1.0,1.062146368611446,1.0
URY,Uruguay,Latin America & Caribbean,South America,2022,0.9114166666666668,0.88375,0.9445,0.8868333333333333,1.0,1.0,1.0313126544343596,1.0650286149783372,1.0,1.0313059877416313,1.0,1.0,1.0650253711708326,1.0
URY,Uruguay,Latin America & Caribbean,South America,2023,0.9216666666666667,0.898,0.95725,0.8996666666666666,1.0,1.0,1.026390815947477,1.0640947406050005,1.0,1.026354862657758,1.0,1.0,1.0640051871063358,1.0
URY,Uruguay,Latin America & Caribbean,South America,2024,0.9634166666666667,0.9408333333333333,0.9730833333333333,0.9125833333333334,1.0,1.0,1.0240143903416783,1.0663220458055904,1.0,1.0240035429583703,1.0,1.0,1.0662953154963015,1.0
URY,Uruguay,Latin America & Caribbean,South America,2025,0.9826666666666667,0.95675,0.9756666666666667,0.912,1.0,1.0,1.0270891248328489,1.069824091779016,1.0,1.0270882327323405,1.0,1.0,1.0698099415204678,1.0
URY,Uruguay,Latin America & Caribbean,South America,2026,1.0,0.9766,0.9788,0.9120000000000001,1.0,1.0,1.0239622230780823,1.0732469238180606,1.0,1.0239606799098915,1.0,1.0,1.0732456140350874,1.0
USA,United States,North America,North America,2015,0.83,0.807,0.946,0.926,0.973,1.0,1.0285006195786863,1.0215982721382288,1.0,1.0285006195786863,1.0,1.0,1.0215982721382288,1.0
USA,United States,North America,North America,2016,0.851,0.828,0.954,0.933,0.982,1.0,1.027777777777778,1.022508038585209,1.0,1.027777777777778,1.0,1.0,1.022508038585209,1.0
USA,United States,North America,North America,2017,0.875,0.851,0.965,0.94,0.993,1.0,1.028202115158637,1.0265957446808511,1.0,1.028202115158637,1.0,1.0,1.0265957446808511,1.0
USA,United States,North America,North America,2018,0.899,0.874,0.977,0.949,1.0,1.0,1.028604118993135,1.029504741833509,1.0,1.028604118993135,1.0,1.0,1.029504741833509,1.0
USA,United States,North America,North America,2019,0.9254166666666667,0.8965833333333334,0.9834999999999999,0.9507499999999999,1.0,1.0,1.0321568093444329,1.0344464900120014,1.0,1.0321591225950366,1.0,1.0,1.034446489613463,1.0
USA,United States,North America,North America,2020,0.9404166666666667,0.9148333333333333,0.9975,0.9615833333333333,1.0,1.0,1.0279747174610168,1.0373573866446613,1.0,1.027965020950993,1.0,1.0,1.0373515902591213,1.0
USA,United States,North America,North America,2021,0.9707499999999999,0.9426666666666667,1.0,0.9735,1.0,1.0,1.029798961640756,1.0272416665821487,1.0,1.0297913719943421,1.0,1.0,1.027221366204417,1.0
USA,United States,North America,North America,2022,0.9946666666666667,0.96175,1.0,0.9760833333333333,1.0,1.0,1.0342270234792488,1.024504204978681,1.0,1.0342258036565288,1.0,1.0,1.0245026893195595,1.0
USA,United States,North America,North America,2023,0.9999166666666667,0.9813333333333333,1.0,0.9907499999999999,1.0,1.0,1.018948033757601,1.0093982162136308,1.0,1.018936820652174,1.0,1.0,1.0093363613424176,1.0
USA,United States,North America,North America,2024,1.0,1.0,1.0,0.9895,1.0,1.0,1.0,1.0106258643571266,1.0,1.0,1.0,1.0,1.010611419909045,1.0
USA,United States,North America,North America,2025,1.0,1.0,1.0,0.99925,1.0,1.0,1.0,1.000752257778356,1.0,1.0,1.0,1.0,1.0007505629221918,1.0
USA,United States,North America,North America,2026,1.0,1.0,1.0,1.0,1.0,1.0,1.0,1.0,1.0,1.0,1.0,1.0,1.0,1.0
UZB,Uzbekistan,Europe & Central Asia,Asia,2015,0.356,0.413,0.561,0.678,0.593,0.783,0.8619854721549637,0.8274336283185841,0.8619854721549637,0.8619854721549637,0.8619854721549637,0.8274336283185841,0.8274336283185841,0.8274336283185841
UZB,Uzbekistan,Europe & Central Asia,Asia,2016,0.381,0.438,0.566,0.683,0.601,0.785,0.8698630136986302,0.8286969253294288,0.8698630136986302,0.8698630136986302,0.8698630136986302,0.8286969253294288,0.8286969253294288,0.8286969253294288
UZB,Uzbekistan,Europe & Central Asia,Asia,2017,0.395,0.449,0.548,0.663,0.611,0.786,0.8797327394209354,0.8265460030165913,0.8797327394209354,0.8797327394209354,0.8797327394209354,0.8265460030165913,0.8265460030165913,0.8265460030165913
UZB,Uzbekistan,Europe & Central Asia,Asia,2018,0.421,0.47,0.547,0.653,0.629,0.794,0.8957446808510638,0.8376722817764166,0.8957446808510638,0.8957446808510638,0.8957446808510638,0.8376722817764166,0.8376722817764166,0.8376722817764166
UZB,Uzbekistan,Europe & Central Asia,Asia,2019,0.42016666666666663,0.48383333333333334,0.5444166666666667,0.6785833333333334,0.5980833333333333,0.7715833333333334,0.868416050627108,0.8022850495914086,0.868416050627108,0.8684119875990354,0.8684119875990354,0.8022850495914086,0.8022841704531498,0.8022841704531498
UZB,Uzbekistan,Europe & Central Asia,Asia,2020,0.4111666666666666,0.49016666666666664,0.5396666666666667,0.6965833333333333,0.5724999999999999,0.7526666666666667,0.8388298679879148,0.7747229667695876,0.8388298679879148,0.8388303298197891,0.8388303298197891,0.7747229667695876,0.7747338198349086,0.7747338198349086
UZB,Uzbekistan,Europe & Central Asia,Asia,2021,0.4495,0.52675,0.5681666666666666,0.7161666666666666,0.5993333333333334,0.7689166666666667,0.8533505510567041,0.7933404362784952,0.8533505510567041,0.8533459895586141,0.8533459895586141,0.7933404362784952,0.7933441936234582,0.7933441936234582
UZB,Uzbekistan,Europe & Central Asia,Asia,2022,0.4905833333333333,0.5664166666666667,0.5959166666666667,0.7360833333333333,0.6226666666666666,0.7831666666666667,0.8661172741268226,0.8095746593065147,0.8661172741268226,0.8661174047373841,0.8661174047373841,0.8095746593065147,0.809577719913959,0.809577719913959
UZB,Uzbekistan,Europe & Central Asia,Asia,2023,0.5110833333333333,0.5864999999999999,0.6033333333333334,0.7415833333333333,0.6311666666666667,0.7870833333333334,0.8714162506182775,0.8135624184497597,0.8714162506182775,0.8714123330491619,0.8714123330491619,0.8135624184497597,0.8135745589392068,0.8135745589392068
UZB,Uzbekistan,Europe & Central Asia,Asia,2024,0.5419166666666667,0.6203333333333333,0.6251666666666666,0.7595000000000001,0.6506666666666666,0.7979166666666667,0.8735930296776894,0.8231169399525607,0.8735930296776894,0.8735894680279421,0.8735894680279421,0.8231169399525607,0.8231292517006802,0.8231292517006802
UZB,Uzbekistan,Europe & Central Asia,Asia,2025,0.56425,0.642,0.63625,0.76675,0.6651666666666667,0.8057500000000001,0.8789029277352839,0.8297989144079528,0.8789029277352839,0.8788940809968847,0.8788940809968847,0.8297989144079528,0.8298011085751548,0.8298011085751548
UZB,Uzbekistan,Europe & Central Asia,Asia,2026,0.5856,0.6626000000000001,0.6462,0.7732,0.6788000000000001,0.8126,0.8837910623231396,0.8357473887717093,0.8837910623231396,0.8837911258677934,0.8837911258677934,0.8357473887717093,0.8357475426797724,0.8357475426797724
VCT,Saint Vincent and the Grenadines,Latin America & Caribbean,North America,2015,0.607,0.588,0.761,0.748,0.917,0.983,1.032312925170068,1.017379679144385,1.0,1.032312925170068,1.0,1.0,1.017379679144385,1.0
VCT,Saint Vincent and the Grenadines,Latin America & Caribbean,North America,2016,0.639,0.618,0.773,0.756,0.927,0.989,1.0339805825242718,1.0224867724867726,1.0,1.0339805825242718,1.0,1.0,1.0224867724867726,1.0
VCT,Saint Vincent and the Grenadines,Latin America & Caribbean,North America,2017,0.669,0.647,0.783,0.765,0.936,0.993,1.0340030911901081,1.0235294117647058,1.0,1.0340030911901081,1.0,1.0,1.0235294117647058,1.0
VCT,Saint Vincent and the Grenadines,Latin America & Caribbean,North America,2018,0.699,0.677,0.796,0.774,0.946,0.998,1.0324963072378137,1.028423772609819,1.0,1.0324963072378137,1.0,1.0,1.028423772609819,1.0
VCT,Saint Vincent and the Grenadines,Latin America & Caribbean,North America,2019,0.7211666666666666,0.7029166666666665,0.8119166666666667,0.79,0.9534166666666666,1.0,1.0259839032862927,1.027751053245791,1.0,1.0259632483698875,1.0,1.0,1.0277426160337553,1.0
VCT,Saint Vincent and the Grenadines,Latin America & Caribbean,North America,2020,0.7421666666666668,0.7205833333333334,0.8135833333333333,0.7865833333333333,0.9623333333333334,1.0,1.029962629174874,1.0343299714480076,1.0,1.0299525847114608,1.0,1.0,1.0343256700921708,1.0
VCT,Saint Vincent and the Grenadines,Latin America & Caribbean,North America,2021,0.7634166666666666,0.7420833333333333,0.8210000000000001,0.7920833333333334,0.9655,1.0,1.0287557257917626,1.0365100807853551,1.0,1.028747894441325,1.0,1.0,1.036507101525513,1.0
VCT,Saint Vincent and the Grenadines,Latin America & Caribbean,North America,2022,0.7826666666666666,0.7623333333333333,0.8312499999999999,0.8028333333333334,0.9696666666666666,1.0,1.026679934098662,1.0353968602069605,1.0,1.0266724967205947,1.0,1.0,1.0353954743616358,1.0
VCT,Saint Vincent and the Grenadines,Latin America & Caribbean,North America,2023,0.79675,0.7828333333333334,0.8515,0.8228333333333334,0.9846666666666666,1.0,1.017793928114577,1.0348836852996945,1.0,1.0177773046625505,1.0,1.0,1.0348389710350414,1.0
VCT,Saint Vincent and the Grenadines,Latin America & Caribbean,North America,2024,0.8358333333333333,0.8216666666666667,0.8611666666666666,0.831,0.9896666666666666,1.0,1.0172510808919724,1.0363101250216713,1.0,1.0172413793103448,1.0,1.0,1.0363016446048938,1.0
VCT,Saint Vincent and the Grenadines,Latin America & Caribbean,North America,2025,0.8550833333333333,0.84025,0.8675,0.8350833333333333,0.9974166666666666,1.0,1.0176530155659251,1.0388259167528153,1.0,1.0176534761479716,1.0,1.0,1.0388184811895023,1.0
VCT,Saint Vincent and the Grenadines,Latin America & Caribbean,North America,2026,0.8865999999999999,0.8722,0.8802,0.8458,1.0,1.0,1.0165111964655573,1.040672078421278,1.0,1.0165099747764275,1.0,1.0,1.040671553558761,1.0
VEN,"Venezuela, Bolivarian Republic of",Latin America & Caribbean,South America,2015,0.617,0.603,0.848,0.793,1.0,1.0,1.0232172470978442,1.0693568726355611,1.0,1.0232172470978442,1.0,1.0,1.0693568726355611,1.0
VEN,"Venezuela, Bolivarian Republic of",Latin America & Caribbean,South America,2016,0.63,0.616,0.845,0.791,1.0,1.0,1.0227272727272727,1.06826801517067,1.0,1.0227272727272727,1.0,1.0,1.06826801517067,1.0
VEN,"Venezuela, Bolivarian Republic of",Latin America & Caribbean,South America,2017,0.646,0.634,0.852,0.801,1.0,1.0,1.0189274447949528,1.0636704119850187,1.0,1.0189274447949528,1.0,1.0,1.0636704119850187,1.0
VEN,"Venezuela, Bolivarian Republic of",Latin America & Caribbean,South America,2018,0.656,0.647,0.851,0.803,0.997,1.0,1.0139103554868625,1.0597758405977584,1.0,1.0139103554868625,1.0,1.0,1.0597758405977584,1.0
VEN,"Venezuela, Bolivarian Republic of",Latin America & Caribbean,South America,2019,0.6575833333333333,0.652,0.8411666666666666,0.8018333333333333,0.98075,1.0,1.0085562045071306,1.049054074404424,1.0,1.0085633946830266,1.0,1.0,1.0490542506755351,1.0
VEN,"Venezuela, Bolivarian Republic of",Latin America & Caribbean,South America,2020,0.64825,0.6495833333333333,0.8321666666666666,0.7989166666666666,0.9668333333333333,1.0,0.9979484579313674,1.0416190168161263,0.9979484579313674,0.9979474021808853,0.9979474021808853,1.0,1.0416188588713884,1.0
VEN,"Venezuela, Bolivarian Republic of",Latin America & Caribbean,South America,2021,0.6844166666666668,0.68675,0.8508333333333332,0.8165,0.9705833333333334,1.0,0.9966068740211659,1.0420509991103597,0.9966068740211659,0.9966023540832425,0.9966023540832425,1.0,1.042049397836293,1.0
VEN,"Venezuela, Bolivarian Republic of",Latin America & Caribbean,South America,2022,0.723,0.7248333333333333,0.8699166666666667,0.8341666666666666,0.9804166666666667,1.0,0.9974733146639179,1.0428595152698055,0.9974733146639179,0.9974706829156128,0.9974706829156128,1.0,1.042857142857143,1.0
VEN,"Venezuela, Bolivarian Republic of",Latin America & Caribbean,South America,2023,0.7411666666666666,0.74375,0.87825,0.8410833333333333,0.9896666666666666,1.0,0.9965123270785279,1.044203263666789,0.9965123270785279,0.9965266106442576,0.9965266106442576,1.0,1.0441890419102349,1.0
VEN,"Venezuela, Bolivarian Republic of",Latin America & Caribbean,South America,2024,0.7850833333333335,0.7841666666666667,0.8855833333333334,0.8448333333333333,0.9960833333333333,1.0,1.0011577768253341,1.0482377595512649,1.0,1.0011689691817218,1.0,1.0,1.048234365752614,1.0
VEN,"Venezuela, Bolivarian Republic of",Latin America & Caribbean,South America,2025,0.8150833333333334,0.8151666666666667,0.8983333333333334,0.85575,1.0,1.0,0.9998916913449126,1.049765357990301,0.9998916913449126,0.9998977714168882,0.9998977714168882,1.0,1.0497614178595776,1.0
VEN,"Venezuela, Bolivarian Republic of",Latin America & Caribbean,South America,2026,0.8432000000000001,0.844,0.9106,0.8656,1.0,1.0,0.9990563405910825,1.0519897719490268,0.9990563405910825,0.9990521327014219,0.9990521327014219,1.0,1.0519870609981514,1.0
VGB,"Virgin Islands, British",Latin America & Caribbean,North America,2015,0.706,0.772,0.964,0.978,0.928,1.0,0.9145077720207253,0.9856850715746421,0.9145077720207253,0.9145077720207253,0.9145077720207253,0.9856850715746421,0.9856850715746421,0.9856850715746421
VGB,"Virgin Islands, British",Latin America & Caribbean,North America,2016,0.722,0.784,0.963,0.974,0.934,1.0,0.9209183673469387,0.9887063655030801,0.9209183673469387,0.9209183673469387,0.9209183673469387,0.9887063655030801,0.9887063655030801,0.9887063655030801
VGB,"Virgin Islands, British",Latin America & Caribbean,North America,2017,0.756,0.811,0.972,0.975,0.954,1.0,0.9321824907521578,0.9969230769230769,0.9321824907521578,0.9321824907521578,0.9321824907521578,0.9969230769230769,0.9969230769230769,0.9969230769230769
VGB,"Virgin Islands, British",Latin America & Caribbean,North America,2018,0.774,0.825,0.974,0.974,0.962,1.0,0.9381818181818182,1.0,0.9381818181818182,0.9381818181818182,0.9381818181818182,1.0,1.0,1.0
VGB,"Virgin Islands, British",Latin America & Caribbean,North America,2019,0.7623333333333333,0.8081666666666667,0.9535833333333333,0.9566666666666667,0.9490833333333333,1.0,0.9433407983279106,0.9967677158149598,0.9433407983279106,0.9432872757269539,0.9432872757269539,0.9967677158149598,0.9967770034843205,0.9967770034843205
VGB,"Virgin Islands, British",Latin America & Caribbean,North America,2020,0.8166666666666665,0.8681666666666666,0.99225,0.9850833333333333,0.9879166666666667,1.0,0.9406951681200754,1.0072944508382642,0.9406951681200754,0.9406795930120944,0.9406795930120944,1.0,1.0072751882243465,1.0
VGB,"Virgin Islands, British",Latin America & Caribbean,North America,2021,0.8184166666666667,0.8615833333333334,0.9827499999999999,0.9726666666666667,0.985,1.0,0.9499052336472621,1.0103667300120116,0.9499052336472621,0.949898442789438,0.949898442789438,1.0,1.0103666895133652,1.0
VGB,"Virgin Islands, British",Latin America & Caribbean,North America,2022,0.8275833333333332,0.8649999999999999,0.9745833333333334,0.9654166666666666,0.98325,1.0,0.9567509017993195,1.0094954658185924,0.9567509017993195,0.9567437379576108,0.9567437379576108,1.0,1.0094950366853692,1.0
VGB,"Virgin Islands, British",Latin America & Caribbean,North America,2023,0.82675,0.8599166666666666,0.9644166666666667,0.9552499999999999,0.9815,1.0,0.9614080664083956,1.0095884163982545,0.9614080664083956,0.9614303711599962,0.9614303711599962,1.0,1.0095960917735323,1.0
VGB,"Virgin Islands, British",Latin America & Caribbean,North America,2024,0.8720833333333333,0.9053333333333334,0.98775,0.9718333333333332,0.9988333333333334,1.0,0.9632648272090095,1.0163728007716888,0.9632648272090095,0.9632731958762886,0.9632731958762886,1.0,1.016377979763334,1.0
VGB,"Virgin Islands, British",Latin America & Caribbean,North America,2025,0.896,0.9296666666666668,0.9973333333333333,0.9806666666666667,1.0,1.0,0.9637882977437436,1.0169967943437024,0.9637882977437436,0.9637863033345284,0.9637863033345284,1.0,1.0169952413324268,1.0
VGB,"Virgin Islands, British",Latin America & Caribbean,North America,2026,0.9222000000000001,0.9548,1.0,0.9875999999999999,1.0,1.0,0.9658571831983235,1.0125571827699489,0.9658571831983235,0.9658567239212402,0.9658567239212402,1.0,1.0125556905629811,1.0
VIR,"Virgin Islands, U.S.",Latin America & Caribbean,North America,2015,0.599,0.636,0.939,0.945,0.924,1.0,0.9418238993710691,0.9936507936507937,0.9418238993710691,0.9418238993710691,0.9418238993710691,0.9936507936507937,0.9936507936507937,0.9936507936507937
VIR,"Virgin Islands, U.S.",Latin America & Caribbean,North America,2016,0.63,0.663,0.953,0.951,0.945,1.0,0.9502262443438914,1.0021030494216614,0.9502262443438914,0.9502262443438914,0.9502262443438914,1.0,1.0021030494216614,1.0
VIR,"Virgin Islands, U.S.",Latin America & Caribbean,North America,2017,0.655,0.684,0.96,0.953,0.961,1.0,0.9576023391812866,1.007345225603358,0.9576023391812866,0.9576023391812866,0.9576023391812866,1.0,1.007345225603358,1.0
VIR,"Virgin Islands, U.S.",Latin America & Caribbean,North America,2018,0.684,0.708,0.971,0.956,0.979,1.0,0.9661016949152543,1.0156903765690377,0.9661016949152543,0.9661016949152543,0.9661016949152543,1.0,1.0156903765690377,1.0
VIR,"Virgin Islands, U.S.",Latin America & Caribbean,North America,2019,0.7214999999999999,0.7444999999999999,0.97025,0.9591666666666666,0.9659999999999999,1.0,0.9691068368271658,1.011554293044082,0.9691068368271658,0.9691067830758898,0.9691067830758898,1.0,1.0115551694178975,1.0
VIR,"Virgin Islands, U.S.",Latin America & Caribbean,North America,2020,0.7298333333333332,0.7468333333333333,0.9891666666666666,0.9626666666666667,0.9968333333333333,1.0,0.9772806561257273,1.027568894047842,0.9772806561257273,0.9772372238339655,0.9772372238339655,1.0,1.0275277008310248,1.0
VIR,"Virgin Islands, U.S.",Latin America & Caribbean,North America,2021,0.7541666666666668,0.762,0.9979166666666667,0.9614166666666666,1.0,1.0,0.9897197302411745,1.0379681305737394,0.9897197302411745,0.9897200349956257,0.9897200349956257,1.0,1.0379648088757911,1.0
VIR,"Virgin Islands, U.S.",Latin America & Caribbean,North America,2022,0.7780833333333333,0.7816666666666667,0.99675,0.9598333333333332,1.0,1.0,0.9954207254063522,1.038495204940667,0.9954207254063522,0.9954157782515991,0.9954157782515991,1.0,1.0384615384615385,1.0
VIR,"Virgin Islands, U.S.",Latin America & Caribbean,North America,2023,0.8001666666666667,0.8029166666666666,0.997,0.9613333333333333,1.0,1.0,0.9966115696982051,1.0371568430376346,0.9966115696982051,0.9965749870264661,0.9965749870264661,1.0,1.037101248266297,1.0
VIR,"Virgin Islands, U.S.",Latin America & Caribbean,North America,2024,0.8400833333333333,0.8432499999999999,0.9900833333333333,0.9594999999999999,1.0,1.0,0.9962403150706959,1.0318827845621117,0.9962403150706959,0.9962446882102974,0.9962446882102974,1.0,1.0318742400555845,1.0
VIR,"Virgin Islands, U.S.",Latin America & Caribbean,North America,2025,0.8711666666666668,0.8769166666666667,0.9972500000000001,0.9688333333333333,1.0,1.0,0.9934673184792829,1.0293630379939078,0.9934673184792829,0.9934429345243753,0.9934429345243753,1.0,1.0293308102528815,1.0
VIR,"Virgin Islands, U.S.",Latin America & Caribbean,North America,2026,0.9098,0.9146000000000001,1.0,0.976,1.0,1.0,0.9947512254681918,1.024591024414841,0.9947512254681918,0.9947518040673519,0.9947518040673519,1.0,1.0245901639344261,1.0
VNM,Viet Nam,East Asia & Pacific,Asia,2015,0.598,0.648,0.827,0.825,0.916,0.989,0.9228395061728394,1.0024242424242424,0.9228395061728394,0.9228395061728394,0.9228395061728394,1.0,1.0024242424242424,1.0
VNM,Viet Nam,East Asia & Pacific,Asia,2016,0.631,0.678,0.841,0.833,0.935,0.999,0.9306784660766961,1.0096038415366146,0.9306784660766961,0.9306784660766961,0.9306784660766961,1.0,1.0096038415366146,1.0
VNM,Viet Nam,East Asia & Pacific,Asia,2017,0.659,0.702,0.852,0.839,0.948,1.0,0.9387464387464388,1.0154946364719906,0.9387464387464388,0.9387464387464388,0.9387464387464388,1.0,1.0154946364719906,1.0
VNM,Viet Nam,East Asia & Pacific,Asia,2018,0.691,0.729,0.863,0.845,0.963,1.0,0.9478737997256516,1.021301775147929,0.9478737997256516,0.9478737997256516,0.9478737997256516,1.0,1.021301775147929,1.0
VNM,Viet Nam,East Asia & Pacific,Asia,2019,0.72675,0.7623333333333333,0.8795000000000001,0.8561666666666666,0.981,1.0,0.9533427072992543,1.0272538744923614,0.9533427072992543,0.9533231307389594,0.9533231307389594,1.0,1.0272532606579716,1.0
VNM,Viet Nam,East Asia & Pacific,Asia,2020,0.7561666666666667,0.7841666666666667,0.8779166666666667,0.8511666666666667,0.9906666666666667,1.0,0.9643040434581273,1.031441977419549,0.9643040434581273,0.9642933049946865,0.9642933049946865,1.0,1.0314274525161542,1.0
VNM,Viet Nam,East Asia & Pacific,Asia,2021,0.7723333333333334,0.7924166666666667,0.8755833333333333,0.8422499999999999,0.9972500000000001,1.0,0.97469878056913,1.0395772436373314,0.97469878056913,0.9746555894415818,0.9746555894415818,1.0,1.0395765311170475,1.0
VNM,Viet Nam,East Asia & Pacific,Asia,2022,0.8191666666666667,0.8346666666666667,0.8970833333333333,0.8555,1.0,1.0,0.9814531445789122,1.0485955522072312,0.9814531445789122,0.9814297124600639,0.9814297124600639,1.0,1.0486070524060003,1.0
VNM,Viet Nam,East Asia & Pacific,Asia,2023,0.8223333333333334,0.8321666666666667,0.8855833333333334,0.8432499999999999,1.0,1.0,0.9882414480390432,1.0501864975034245,0.9882414480390432,0.9881834568395754,0.9881834568395754,1.0,1.050202589188655,1.0
VNM,Viet Nam,East Asia & Pacific,Asia,2024,0.8693333333333334,0.8726666666666666,0.8959166666666666,0.8454166666666666,1.0,1.0,0.9961721846143888,1.059726296625638,0.9961721846143888,0.9961802902979375,0.9961802902979375,1.0,1.0597338590438639,1.0
VNM,Viet Nam,East Asia & Pacific,Asia,2025,0.8948333333333333,0.8975,0.9054166666666666,0.85175,1.0,1.0,0.9970216315606236,1.0630081306269445,0.9970216315606236,0.99702878365831,0.99702878365831,1.0,1.0630075335094413,1.0
VNM,Viet Nam,East Asia & Pacific,Asia,2026,0.9258000000000001,0.9284000000000001,0.9196,0.8618,1.0,1.0,0.9972015052469491,1.0670693924253256,0.9972015052469491,0.9971994829814734,0.9971994829814734,1.0,1.0670689255047574,1.0
VUT,Vanuatu,East Asia & Pacific,Oceania,2015,0.352,0.436,0.701,0.778,0.749,0.886,0.8073394495412843,0.9010282776349614,0.8073394495412843,0.8073394495412843,0.8073394495412843,0.9010282776349614,0.9010282776349614,0.9010282776349614
VUT,Vanuatu,East Asia & Pacific,Oceania,2016,0.384,0.464,0.715,0.785,0.769,0.897,0.8275862068965517,0.9108280254777069,0.8275862068965517,0.8275862068965517,0.8275862068965517,0.9108280254777069,0.9108280254777069,0.9108280254777069
VUT,Vanuatu,East Asia & Pacific,Oceania,2017,0.419,0.494,0.734,0.795,0.79,0.91,0.8481781376518218,0.9232704402515722,0.8481781376518218,0.8481781376518218,0.8481781376518218,0.9232704402515722,0.9232704402515722,0.9232704402515722
VUT,Vanuatu,East Asia & Pacific,Oceania,2018,0.45,0.521,0.745,0.799,0.809,0.92,0.8637236084452975,0.932415519399249,0.8637236084452975,0.8637236084452975,0.8637236084452975,0.932415519399249,0.932415519399249,0.932415519399249
VUT,Vanuatu,East Asia & Pacific,Oceania,2019,0.48741666666666666,0.5570833333333334,0.7585833333333333,0.8093333333333333,0.8238333333333333,0.9276666666666668,0.8749646402750209,0.9373000073311125,0.8749646402750209,0.874943904263276,0.874943904263276,0.9373000073311125,0.9372940691927512,0.9372940691927512
VUT,Vanuatu,East Asia & Pacific,Oceania,2020,0.5003333333333333,0.5683333333333332,0.7545833333333333,0.8067500000000001,0.82875,0.9281666666666667,0.8803428186972041,0.9353372976235409,0.8803428186972041,0.8803519061583578,0.8803519061583578,0.9353372976235409,0.9353372585476706,0.9353372585476706
VUT,Vanuatu,East Asia & Pacific,Oceania,2021,0.5291666666666667,0.5943333333333333,0.7653333333333334,0.81275,0.84275,0.9360833333333334,0.8903739107303102,0.9416681908449885,0.8903739107303102,0.8903533370723501,0.8903533370723501,0.9416681908449885,0.9416589767251103,0.9416589767251103
VUT,Vanuatu,East Asia & Pacific,Oceania,2022,0.5405000000000001,0.5928333333333333,0.7603333333333334,0.7976666666666667,0.8601666666666666,0.94525,0.9117813414540684,0.9532186833249875,0.9117813414540684,0.9117233623840316,0.9117233623840316,0.9532186833249875,0.9531968240702048,0.9531968240702048
VUT,Vanuatu,East Asia & Pacific,Oceania,2023,0.55525,0.6090833333333333,0.7685,0.80525,0.8684166666666666,0.9484166666666667,0.91164979901614,0.9543899605046787,0.91164979901614,0.911615816117116,0.911615816117116,0.9543899605046787,0.9543619993790747,0.9543619993790747
VUT,Vanuatu,East Asia & Pacific,Oceania,2024,0.6101666666666666,0.6649166666666667,0.7889166666666667,0.822,0.8804166666666666,0.957,0.9176478469585058,0.9597544762005917,0.9176478469585058,0.9176588544930442,0.9176588544930442,0.9597544762005917,0.9597526358475265,0.9597526358475265
VUT,Vanuatu,East Asia & Pacific,Oceania,2025,0.64975,0.7039166666666666,0.8043333333333335,0.8329166666666666,0.8951666666666668,0.9659166666666666,0.9230415525119074,0.9656839223701666,0.9230415525119074,0.9230496034094946,0.9230496034094946,0.9656839223701666,0.9656828414207105,0.9656828414207105
VUT,Vanuatu,East Asia & Pacific,Oceania,2026,0.6881999999999999,0.738,0.8134,0.8362,0.909,0.9746,0.9325223274706307,0.9727339604810169,0.9325223274706307,0.9325203252032519,0.9325203252032519,0.9727339604810169,0.9727337957426453,0.9727337957426453
WSM,Samoa,East Asia & Pacific,Oceania,2015,0.57,0.597,0.757,0.777,0.862,0.954,0.9547738693467336,0.9742599742599742,0.9547738693467336,0.9547738693467336,0.9547738693467336,0.9742599742599742,0.9742599742599742,0.9742599742599742
WSM,Samoa,East Asia & Pacific,Oceania,2016,0.596,0.618,0.763,0.777,0.876,0.961,0.9644012944983819,0.9819819819819819,0.9644012944983819,0.9644012944983819,0.9644012944983819,0.9819819819819819,0.9819819819819819,0.9819819819819819
WSM,Samoa,East Asia & Pacific,Oceania,2017,0.648,0.651,0.787,0.768,0.924,0.993,0.9953917050691244,1.0247395833333333,0.9953917050691244,0.9953917050691244,0.9953917050691244,1.0,1.0247395833333333,1.0
WSM,Samoa,East Asia & Pacific,Oceania,2018,0.637,0.653,0.773,0.779,0.895,0.971,0.9754977029096478,0.9922978177150192,0.9754977029096478,0.9754977029096478,0.9754977029096478,0.9922978177150192,0.9922978177150192,0.9922978177150192
WSM,Samoa,East Asia & Pacific,Oceania,2019,0.65025,0.6643333333333333,0.7793333333333333,0.782,0.9056666666666667,0.976,0.9788189119793184,0.9965911518906663,0.9788189119793184,0.9788008028098344,0.9788008028098344,0.9965911518906663,0.9965899403239556,0.9965899403239556
WSM,Samoa,East Asia & Pacific,Oceania,2020,0.68425,0.6932499999999999,0.781,0.7785833333333333,0.9159166666666666,0.9816666666666666,0.9870484445955124,1.003104804313325,0.9870484445955124,0.9870176703930762,0.9870176703930762,1.0,1.0031039280744944,1.0
WSM,Samoa,East Asia & Pacific,Oceania,2021,0.7066666666666667,0.7175833333333332,0.791,0.7864166666666668,0.9264166666666668,0.9871666666666666,0.9847957286495701,1.0058301252067205,0.9847957286495701,0.9847869004761353,0.9847869004761353,1.0,1.005828123344283,1.0
WSM,Samoa,East Asia & Pacific,Oceania,2022,0.7012499999999999,0.701,0.7645,0.7579166666666667,0.9210833333333334,0.9820833333333333,1.0005142422916458,1.0087110849915155,1.0,1.0003566333808844,1.0,1.0,1.0086860912589335,1.0
WSM,Samoa,East Asia & Pacific,Oceania,2023,0.6995,0.6971666666666666,0.7640833333333333,0.7551666666666667,0.93025,0.9848333333333333,1.0033412862237052,1.011846466768805,1.0,1.0033468802295005,1.0,1.0,1.0118075480026485,1.0
WSM,Samoa,East Asia & Pacific,Oceania,2024,0.7436666666666666,0.74175,0.7783333333333333,0.7670833333333333,0.9387500000000001,0.9907499999999999,1.0025933472331754,1.0146749518590352,1.0,1.0025839793281652,1.0,1.0,1.0146659424225963,1.0
WSM,Samoa,East Asia & Pacific,Oceania,2025,0.7686666666666667,0.7704166666666667,0.7950833333333334,0.7825000000000001,0.9512499999999999,0.9970833333333333,0.997737863750542,1.0160983982916567,0.997737863750542,0.9977285018929151,0.9977285018929151,1.0,1.016080937167199,1.0
WSM,Samoa,East Asia & Pacific,Oceania,2026,0.7956000000000001,0.799,0.8092,0.7944000000000001,0.9634,1.0,0.9957477472754288,1.0186301545381795,0.9957477472754288,0.9957446808510639,0.9957446808510639,1.0,1.0186304128902315,1.0
YEM,Yemen,Middle East & North Africa,Asia,2015,0.0,0.026,0.221,0.803,0.0,0.306,0.0,0.2752179327521793,0.0,0.0,0.0,0.2752179327521793,0.2752179327521793,0.2752179327521793
YEM,Yemen,Middle East & North Africa,Asia,2016,0.0,0.01,0.188,0.805,0.0,0.275,0.0,0.23354037267080743,0.0,0.0,0.0,0.23354037267080743,0.23354037267080743,0.23354037267080743
YEM,Yemen,Middle East & North Africa,Asia,2017,0.0,0.004,0.169,0.819,0.0,0.247,0.0,0.20634920634920637,0.0,0.0,0.0,0.20634920634920637,0.20634920634920637,0.20634920634920637
YEM,Yemen,Middle East & North Africa,Asia,2018,0.0,0.016,0.166,0.817,0.0,0.25,0.0,0.20318237454100369,0.0,0.0,0.0,0.20318237454100369,0.20318237454100369,0.20318237454100369
YEM,Yemen,Middle East & North Africa,Asia,2019,0.0,0.04516666666666667,0.18141666666666667,0.83275,0.0,0.2559166666666667,0.0,0.21781832388825748,0.0,0.0,0.0,0.21781832388825748,0.21785249674772342,0.21785249674772342
YEM,Yemen,Middle East & North Africa,Asia,2020,0.0,0.069,0.19033333333333333,0.8365,0.0,0.2668333333333333,0.0,0.22737048564952764,0.0,0.0,0.0,0.22737048564952764,0.2275353656106794,0.2275353656106794
YEM,Yemen,Middle East & North Africa,Asia,2021,0.0,0.10175000000000001,0.21741666666666667,0.8636666666666667,0.0,0.2785,0.0,0.2516713594709313,0.0,0.0,0.0,0.2516713594709313,0.25173678116557313,0.25173678116557313
YEM,Yemen,Middle East & North Africa,Asia,2022,0.0,0.13033333333333333,0.24166666666666667,0.8859166666666667,0.0,0.2860833333333333,0.0,0.2727506680853221,0.0,0.0,0.0,0.2727506680853221,0.2727871319725332,0.2727871319725332
YEM,Yemen,Middle East & North Africa,Asia,2023,0.0,0.147,0.245,0.8883333333333333,0.0,0.28825,0.0,0.27555964127153293,0.0,0.0,0.0,0.27555964127153293,0.275797373358349,0.275797373358349
YEM,Yemen,Middle East & North Africa,Asia,2024,0.0,0.21691666666666667,0.3154166666666667,0.9460000000000001,0.0,0.32508333333333334,0.0,0.33323986261941124,0.0,0.0,0.0,0.33323986261941124,0.3334214235377026,0.3334214235377026
YEM,Yemen,Middle East & North Africa,Asia,2025,0.0,0.2557,0.3453,0.9709999999999999,0.0,0.33999999999999997,0.0,0.35550264897335393,0.0,0.0,0.0,0.35550264897335393,0.3556127703398559,0.3556127703398559
YEM,Yemen,Middle East & North Africa,Asia,2026,0.0,0.291,0.374,0.993,0.0,0.357,0.0,0.3766364551863041,0.0,0.0,0.0,0.3766364551863041,0.3766364551863041,0.3766364551863041
ZAF,South Africa,Sub-Saharan Africa,Africa,2015,0.518,0.567,0.785,0.825,0.833,0.934,0.9135802469135803,0.9515151515151516,0.9135802469135803,0.9135802469135803,0.9135802469135803,0.9515151515151516,0.9515151515151516,0.9515151515151516
ZAF,South Africa,Sub-Saharan Africa,Africa,2016,0.547,0.587,0.798,0.817,0.866,0.956,0.9318568994889269,0.9767441860465117,0.9318568994889269,0.9318568994889269,0.9318568994889269,0.9767441860465117,0.9767441860465117,0.9767441860465117
ZAF,South Africa,Sub-Saharan Africa,Africa,2017,0.591,0.631,0.822,0.84,0.878,0.962,0.9366085578446909,0.9785714285714285,0.9366085578446909,0.9366085578446909,0.9366085578446909,0.9785714285714285,0.9785714285714285,0.9785714285714285
ZAF,South Africa,Sub-Saharan Africa,Africa,2018,0.605,0.653,0.825,0.857,0.87,0.954,0.9264931087289433,0.9626604434072346,0.9264931087289433,0.9264931087289433,0.9264931087289433,0.9626604434072346,0.9626604434072346,0.9626604434072346
ZAF,South Africa,Sub-Saharan Africa,Africa,2019,0.6271666666666667,0.6750833333333334,0.8254166666666666,0.8610833333333333,0.8753333333333333,0.9535,0.9290169823631308,0.9585727923763225,0.9290169823631308,0.9290211085051228,0.9290211085051228,0.9585727923763225,0.958579309009968,0.958579309009968
ZAF,South Africa,Sub-Saharan Africa,Africa,2020,0.6581666666666667,0.694,0.8391666666666667,0.8463333333333333,0.9162500000000001,0.9811666666666666,0.94837089359801,0.9915323331431538,0.94837089359801,0.9483669548511048,0.9483669548511048,0.9915323331431538,0.9915320992516741,0.9915320992516741
ZAF,South Africa,Sub-Saharan Africa,Africa,2021,0.6995833333333333,0.73775,0.8725833333333334,0.8762500000000001,0.9322500000000001,0.9923333333333333,0.9482786204007088,0.9958127075108613,0.9482786204007088,0.9482661244775782,0.9482661244775782,0.9958127075108613,0.9958155016642891,0.9958155016642891
ZAF,South Africa,Sub-Saharan Africa,Africa,2022,0.71975,0.7536666666666667,0.8755833333333333,0.8728333333333333,0.9469166666666666,0.99975,0.9549993960997725,1.0031504004959881,0.9549993960997725,0.9549977885891198,0.9549977885891198,1.0,1.0031506587741073,1.0
ZAF,South Africa,Sub-Saharan Africa,Africa,2023,0.7315,0.7644166666666666,0.8775,0.8739166666666667,0.9526666666666666,0.99925,0.9569335410168089,1.0040938252620688,0.9569335410168089,0.9569388422544425,0.9569388422544425,1.0,1.0041003146753122,1.0
ZAF,South Africa,Sub-Saharan Africa,Africa,2024,0.7756666666666666,0.8074166666666667,0.8975,0.8870833333333333,0.9736666666666666,1.0,0.9606728136341774,1.011739842298366,0.9606728136341774,0.9606770564557745,0.9606770564557745,1.0,1.0117426021606388,1.0
ZAF,South Africa,Sub-Saharan Africa,Africa,2025,0.8030833333333334,0.8358333333333333,0.91125,0.8984166666666668,0.9860000000000001,1.0,0.9608195211973993,1.0142813442888032,0.9608195211973993,0.9608175473579262,0.9608175473579262,1.0,1.0142843892032278,1.0
ZAF,South Africa,Sub-Saharan Africa,Africa,2026,0.8331999999999999,0.8657999999999999,0.9242000000000001,0.9074,1.0,1.0,0.9623473408404504,1.018514597071139,0.9623473408404504,0.9623469623469624,0.9623469623469624,1.0,1.0185144368525458,1.0
ZMB,Zambia,Sub-Saharan Africa,Africa,2015,0.204,0.31,0.555,0.698,0.592,0.783,0.6580645161290323,0.7951289398280803,0.6580645161290323,0.6580645161290323,0.6580645161290323,0.7951289398280803,0.7951289398280803,0.7951289398280803
ZMB,Zambia,Sub-Saharan Africa,Africa,2016,0.227,0.333,0.564,0.704,0.607,0.79,0.6816816816816816,0.8011363636363636,0.6816816816816816,0.6816816816816816,0.6816816816816816,0.8011363636363636,0.8011363636363636,0.8011363636363636
ZMB,Zambia,Sub-Saharan Africa,Africa,2017,0.295,0.384,0.611,0.715,0.668,0.831,0.7682291666666666,0.8545454545454546,0.7682291666666666,0.7682291666666666,0.7682291666666666,0.8545454545454546,0.8545454545454546,0.8545454545454546
ZMB,Zambia,Sub-Saharan Africa,Africa,2018,0.329,0.414,0.628,0.721,0.694,0.846,0.7946859903381643,0.8710124826629682,0.7946859903381643,0.7946859903381643,0.7946859903381643,0.8710124826629682,0.8710124826629682,0.8710124826629682
ZMB,Zambia,Sub-Saharan Africa,Africa,2019,0.34225,0.4339166666666667,0.625,0.7268333333333333,0.6943333333333332,0.8415833333333333,0.7887726448830331,0.8599024566259196,0.7887726448830331,0.7887459189552525,0.7887459189552525,0.8599024566259196,0.859894519605595,0.859894519605595
ZMB,Zambia,Sub-Saharan Africa,Africa,2020,0.36925,0.44858333333333333,0.6255000000000001,0.7044999999999999,0.7336666666666667,0.8641666666666666,0.8231508370940431,0.8878633755555314,0.8231508370940431,0.823146944083225,0.823146944083225,0.8878633755555314,0.887863733144074,0.887863733144074
ZMB,Zambia,Sub-Saharan Africa,Africa,2021,0.3925,0.4765833333333333,0.64925,0.7300833333333333,0.7420833333333333,0.8694166666666666,0.8235647945465289,0.8892761142076729,0.8235647945465289,0.8235705542927086,0.8235705542927086,0.8892761142076729,0.8892820454286041,0.8892820454286041
ZMB,Zambia,Sub-Saharan Africa,Africa,2022,0.42491666666666666,0.5146666666666667,0.6806666666666668,0.7650833333333334,0.75225,0.8754166666666667,0.8256277769854264,0.8896648675919333,0.8256277769854264,0.8256152849740932,0.8256152849740932,0.8896648675919333,0.8896634353556258,0.8896634353556258
ZMB,Zambia,Sub-Saharan Africa,Africa,2023,0.44383333333333336,0.5319166666666667,0.6870833333333334,0.7683333333333334,0.7632500000000001,0.88075,0.8343915206780662,0.8942356885961783,0.8343915206780662,0.8344038853203822,0.8344038853203822,0.8942356885961783,0.8942516268980477,0.8942516268980477
ZMB,Zambia,Sub-Saharan Africa,Africa,2024,0.48608333333333337,0.5755,0.7159166666666666,0.7894166666666668,0.7933333333333333,0.8985833333333333,0.844646570228713,0.9068829925388705,0.844646570228713,0.8446278598320301,0.8446278598320301,0.9068829925388705,0.9068932756254617,0.9068932756254617
ZMB,Zambia,Sub-Saharan Africa,Africa,2025,0.5135,0.6019166666666667,0.7296666666666667,0.7981666666666668,0.8110833333333334,0.9085833333333334,0.853115555309239,0.9141763633655372,0.853115555309239,0.8531081268171119,0.8531081268171119,0.9141763633655372,0.9141783253288785,0.9141783253288785
ZMB,Zambia,Sub-Saharan Africa,Africa,2026,0.549,0.6365999999999999,0.7506,0.8116,0.8358000000000001,0.923,0.8623928325183188,0.9248399243417385,0.8623928325183188,0.8623939679547598,0.8623939679547598,0.9248399243417385,0.9248398225726959,0.9248398225726959
ZWE,Zimbabwe,Sub-Saharan Africa,Africa,2015,0.172,0.274,0.497,0.654,0.505,0.736,0.6277372262773722,0.7599388379204892,0.6277372262773722,0.6277372262773722,0.6277372262773722,0.7599388379204892,0.7599388379204892,0.7599388379204892
ZWE,Zimbabwe,Sub-Saharan Africa,Africa,2016,0.208,0.306,0.52,0.664,0.537,0.755,0.6797385620915033,0.7831325301204819,0.6797385620915033,0.6797385620915033,0.6797385620915033,0.7831325301204819,0.7831325301204819,0.7831325301204819
ZWE,Zimbabwe,Sub-Saharan Africa,Africa,2017,0.241,0.332,0.53,0.659,0.572,0.773,0.7259036144578312,0.8042488619119879,0.7259036144578312,0.7259036144578312,0.7259036144578312,0.8042488619119879,0.8042488619119879,0.8042488619119879
ZWE,Zimbabwe,Sub-Saharan Africa,Africa,2018,0.296,0.392,0.596,0.724,0.595,0.79,0.7551020408163265,0.8232044198895028,0.7551020408163265,0.7551020408163265,0.7551020408163265,0.8232044198895028,0.8232044198895028,0.8232044198895028
ZWE,Zimbabwe,Sub-Saharan Africa,Africa,2019,0.30191666666666667,0.4001666666666667,0.5816666666666667,0.7093333333333334,0.6121666666666666,0.7948333333333334,0.7544788858233211,0.820011730945507,0.7544788858233211,0.7544773011245314,0.7544773011245314,0.820011730945507,0.8200187969924811,0.8200187969924811
ZWE,Zimbabwe,Sub-Saharan Africa,Africa,2020,0.3236666666666667,0.41674999999999995,0.59175,0.7075,0.635,0.8085,0.7766200797017451,0.8363586656962768,0.7766200797017451,0.776644671065787,0.776644671065787,0.8363586656962768,0.8363957597173145,0.8363957597173145
ZWE,Zimbabwe,Sub-Saharan Africa,Africa,2021,0.38675,0.4681666666666667,0.6533333333333333,0.7334999999999999,0.7042499999999999,0.8553333333333333,0.8260897648827257,0.8906942623222935,0.8260897648827257,0.8260946956212175,0.8260946956212175,0.8906942623222935,0.8907066575778233,0.8907066575778233
ZWE,Zimbabwe,Sub-Saharan Africa,Africa,2022,0.38883333333333336,0.48333333333333334,0.6533333333333333,0.753,0.6931666666666666,0.8438333333333333,0.8044842580320631,0.8676307078826103,0.8044842580320631,0.8044827586206897,0.8044827586206897,0.8676307078826103,0.8676405489154493,0.8676405489154493
ZWE,Zimbabwe,Sub-Saharan Africa,Africa,2023,0.4093333333333333,0.50225,0.6621666666666667,0.7575833333333333,0.7069166666666665,0.85075,0.8149951711247909,0.8740343810375418,0.8149951711247909,0.8149991703998672,0.8149991703998672,0.8740343810375418,0.8740512594874053,0.8740512594874053
ZWE,Zimbabwe,Sub-Saharan Africa,Africa,2024,0.4535,0.5484166666666667,0.6985833333333332,0.7840000000000001,0.7465833333333333,0.8741666666666666,0.8269145473320276,0.891029653812068,0.8269145473320276,0.8269259990882845,0.8269259990882845,0.891029653812068,0.8910501700680269,0.8910501700680269
ZWE,Zimbabwe,Sub-Saharan Africa,Africa,2025,0.49041666666666667,0.5864999999999999,0.7260833333333333,0.8032500000000001,0.7768333333333334,0.8916666666666666,0.8361796109909164,0.9039198012502382,0.8361796109909164,0.8361750497300371,0.8361750497300371,0.9039198012502382,0.9039319431476293,0.9039319431476293
ZWE,Zimbabwe,Sub-Saharan Africa,Africa,2026,0.538,0.636,0.7636000000000001,0.8304,0.8158,0.915,0.8459027201372384,0.919544040000534,0.8459027201372384,0.8459119496855346,0.8459119496855346,0.919544040000534,0.9195568400770713,0.9195568400770713
